date,precip_mm_day,lat,lon,precipitation_cnt,precipitation_cnt_cond,randomError,randomError_cnt,probabilityLiquidPrecipitation
2010-01-01,0.0,19.05,73.05000305175781,48.0,0.0,2.764800786972046,48.0,100.0
2010-01-02,0.17000000178813934,19.05,73.05000305175781,48.0,1.0,9.2608003616333,48.0,100.0
2010-01-03,0.0,19.05,73.05000305175781,48.0,0.0,2.764800786972046,48.0,100.0
2010-01-04,0.0,19.05,73.05000305175781,48.0,0.0,2.764800786972046,48.0,100.0
2010-01-05,0.0,19.05,73.05000305175781,48.0,0.0,2.764800786972046,48.0,100.0
2010-01-06,0.0,19.05,73.05000305175781,48.0,0.0,2.764800786972046,48.0,100.0
2010-01-07,0.0,19.05,73.05000305175781,48.0,0.0,2.764800786972046,48.0,100.0
2010-01-08,0.0,19.05,73.05000305175781,48.0,0.0,2.764800786972046,48.0,100.0
2010-01-09,0.0,19.05,73.05000305175781,48.0,0.0,2.764800786972046,48.0,100.0
2010-01-10,0.0,19.05,73.05000305175781,48.0,0.0,2.764800786972046,48.0,100.0
2010-01-11,0.0,19.05,73.05000305175781,48.0,0.0,2.764800786972046,48.0,100.0
2010-01-12,0.0,19.05,73.05000305175781,48.0,0.0,2.764800786972046,48.0,100.0
2010-01-13,0.0,19.05,73.05000305175781,48.0,0.0,2.764800786972046,48.0,100.0
2010-01-14,0.0,19.05,73.05000305175781,48.0,0.0,2.764800786972046,48.0,100.0
2010-01-15,0.0,19.05,73.05000305175781,48.0,0.0,2.764800786972046,48.0,100.0
2010-01-16,0.0,19.05,73.05000305175781,48.0,0.0,2.764800786972046,48.0,100.0
2010-01-17,0.0,19.05,73.05000305175781,48.0,0.0,2.764800786972046,48.0,100.0
2010-01-18,0.0,19.05,73.05000305175781,48.0,0.0,2.764800786972046,48.0,100.0
2010-01-19,0.0,19.05,73.05000305175781,48.0,0.0,2.764800786972046,48.0,100.0
2010-01-20,0.0,19.05,73.05000305175781,48.0,0.0,2.764800786972046,48.0,100.0
2010-01-21,0.0,19.05,73.05000305175781,48.0,0.0,2.764800786972046,48.0,100.0
2010-01-22,0.0,19.05,73.05000305175781,48.0,0.0,2.764800786972046,48.0,100.0
2010-01-23,0.0,19.05,73.05000305175781,48.0,0.0,2.764800786972046,48.0,100.0
2010-01-24,0.0,19.05,73.05000305175781,48.0,0.0,2.764800786972046,48.0,100.0
2010-01-25,0.0,19.05,73.05000305175781,48.0,0.0,2.764800786972046,48.0,100.0
2010-01-26,0.0,19.05,73.05000305175781,48.0,0.0,2.764800786972046,48.0,100.0
2010-01-27,0.0,19.05,73.05000305175781,48.0,0.0,2.764800786972046,48.0,100.0
2010-01-28,0.0,19.05,73.05000305175781,48.0,0.0,2.764800786972046,48.0,100.0
2010-01-29,0.0,19.05,73.05000305175781,48.0,0.0,2.764800786972046,48.0,100.0
2010-01-30,0.0,19.05,73.05000305175781,48.0,0.0,2.764800786972046,48.0,100.0
2010-01-31,0.0,19.05,73.05000305175781,48.0,0.0,2.764800786972046,48.0,100.0
2010-02-01,0.0,19.05,73.05000305175781,48.0,0.0,2.764800786972046,48.0,100.0
2010-02-02,0.0,19.05,73.05000305175781,48.0,0.0,2.764800786972046,48.0,100.0
2010-02-03,0.0,19.05,73.05000305175781,48.0,0.0,2.764800786972046,48.0,100.0
2010-02-04,0.0,19.05,73.05000305175781,48.0,0.0,2.764800786972046,48.0,100.0
2010-02-05,0.0,19.05,73.05000305175781,48.0,0.0,2.764800786972046,48.0,100.0
2010-02-06,0.0,19.05,73.05000305175781,48.0,0.0,2.764800786972046,48.0,100.0
2010-02-07,0.0,19.05,73.05000305175781,48.0,0.0,2.764800786972046,48.0,100.0
2010-02-08,0.009999999776482582,19.05,73.05000305175781,48.0,1.0,3.008500814437866,48.0,100.0
2010-02-09,0.0,19.05,73.05000305175781,48.0,0.0,2.7856006622314453,48.0,100.0
2010-02-10,0.10999999940395355,19.05,73.05000305175781,48.0,4.0,5.753000259399414,48.0,100.0
2010-02-11,0.0,19.05,73.05000305175781,48.0,0.0,2.764800786972046,48.0,100.0
2010-02-12,0.0,19.05,73.05000305175781,48.0,0.0,2.764800786972046,48.0,100.0
2010-02-13,0.0,19.05,73.05000305175781,48.0,0.0,2.764800786972046,48.0,100.0
2010-02-14,0.0,19.05,73.05000305175781,48.0,0.0,2.764800786972046,48.0,100.0
2010-02-15,0.0949999988079071,19.05,73.05000305175781,48.0,2.0,5.356100559234619,48.0,100.0
2010-02-16,0.0,19.05,73.05000305175781,48.0,0.0,2.764800786972046,48.0,100.0
2010-02-17,0.0,19.05,73.05000305175781,48.0,0.0,2.764800786972046,48.0,100.0
2010-02-18,0.0,19.05,73.05000305175781,48.0,0.0,2.764800786972046,48.0,100.0
2010-02-19,0.0,19.05,73.05000305175781,48.0,0.0,2.764800786972046,48.0,100.0
2010-02-20,0.0,19.05,73.05000305175781,48.0,0.0,2.764800786972046,48.0,100.0
2010-02-21,0.0,19.05,73.05000305175781,48.0,0.0,2.764800786972046,48.0,100.0
2010-02-22,0.0,19.05,73.05000305175781,48.0,0.0,2.764800786972046,48.0,100.0
2010-02-23,0.0,19.05,73.05000305175781,48.0,0.0,2.764800786972046,48.0,100.0
2010-02-24,0.0,19.05,73.05000305175781,48.0,0.0,2.764800786972046,48.0,100.0
2010-02-25,0.0,19.05,73.05000305175781,48.0,0.0,2.764800786972046,48.0,100.0
2010-02-26,0.0,19.05,73.05000305175781,48.0,0.0,2.764800786972046,48.0,100.0
2010-02-27,0.0,19.05,73.05000305175781,48.0,0.0,2.764800786972046,48.0,100.0
2010-02-28,0.0,19.05,73.05000305175781,48.0,0.0,2.764800786972046,48.0,100.0
2010-03-01,0.0,19.05,73.05000305175781,48.0,0.0,2.764800786972046,48.0,100.0
2010-03-02,0.0,19.05,73.05000305175781,48.0,0.0,2.764800786972046,48.0,100.0
2010-03-03,0.0,19.05,73.05000305175781,48.0,0.0,2.764800786972046,48.0,100.0
2010-03-04,0.0,19.05,73.05000305175781,48.0,0.0,2.764800786972046,48.0,100.0
2010-03-05,0.0,19.05,73.05000305175781,48.0,0.0,2.764800786972046,48.0,100.0
2010-03-06,0.0,19.05,73.05000305175781,48.0,0.0,2.764800786972046,48.0,100.0
2010-03-07,0.0,19.05,73.05000305175781,48.0,0.0,2.764800786972046,48.0,100.0
2010-03-08,0.0,19.05,73.05000305175781,48.0,0.0,2.764800786972046,48.0,100.0
2010-03-09,0.0,19.05,73.05000305175781,48.0,0.0,2.764800786972046,48.0,100.0
2010-03-10,0.0,19.05,73.05000305175781,48.0,0.0,2.764800786972046,48.0,100.0
2010-03-11,0.0,19.05,73.05000305175781,48.0,0.0,2.764800786972046,48.0,100.0
2010-03-12,0.0,19.05,73.05000305175781,48.0,0.0,2.764800786972046,48.0,100.0
2010-03-13,0.0,19.05,73.05000305175781,48.0,0.0,2.764800786972046,48.0,100.0
2010-03-14,0.13499999046325684,19.05,73.05000305175781,48.0,2.0,7.085800647735596,48.0,100.0
2010-03-15,0.0,19.05,73.05000305175781,48.0,0.0,2.764800786972046,48.0,100.0
2010-03-16,0.0,19.05,73.05000305175781,48.0,0.0,2.764800786972046,48.0,100.0
2010-03-17,0.0,19.05,73.05000305175781,48.0,0.0,2.764800786972046,48.0,100.0
2010-03-18,0.0,19.05,73.05000305175781,48.0,0.0,2.764800786972046,48.0,100.0
2010-03-19,0.0,19.05,73.05000305175781,48.0,0.0,2.764800786972046,48.0,100.0
2010-03-20,0.0,19.05,73.05000305175781,48.0,0.0,2.764800786972046,48.0,100.0
2010-03-21,0.0,19.05,73.05000305175781,48.0,0.0,2.764800786972046,48.0,100.0
2010-03-22,0.0,19.05,73.05000305175781,48.0,0.0,2.764800786972046,48.0,100.0
2010-03-23,0.0,19.05,73.05000305175781,48.0,0.0,2.764800786972046,48.0,100.0
2010-03-24,0.0,19.05,73.05000305175781,48.0,0.0,2.764800786972046,48.0,100.0
2010-03-25,0.0,19.05,73.05000305175781,48.0,0.0,2.764800786972046,48.0,100.0
2010-03-26,0.0,19.05,73.05000305175781,48.0,0.0,2.764800786972046,48.0,100.0
2010-03-27,0.0,19.05,73.05000305175781,48.0,0.0,2.764800786972046,48.0,100.0
2010-03-28,0.0,19.05,73.05000305175781,48.0,0.0,2.764800786972046,48.0,100.0
2010-03-29,0.0,19.05,73.05000305175781,48.0,0.0,2.764800786972046,48.0,100.0
2010-03-30,0.0,19.05,73.05000305175781,48.0,0.0,2.764800786972046,48.0,100.0
2010-03-31,0.0,19.05,73.05000305175781,48.0,0.0,2.764800786972046,48.0,100.0
2010-04-01,0.0,19.05,73.05000305175781,48.0,0.0,2.764800786972046,48.0,100.0
2010-04-02,0.0,19.05,73.05000305175781,48.0,0.0,2.764800786972046,48.0,100.0
2010-04-03,0.0,19.05,73.05000305175781,48.0,0.0,2.764800786972046,48.0,100.0
2010-04-04,0.0,19.05,73.05000305175781,48.0,0.0,2.764800786972046,48.0,100.0
2010-04-05,0.0,19.05,73.05000305175781,48.0,0.0,2.764800786972046,48.0,100.0
2010-04-06,0.0,19.05,73.05000305175781,48.0,0.0,2.764800786972046,48.0,100.0
2010-04-07,0.0,19.05,73.05000305175781,48.0,0.0,2.769700765609741,48.0,100.0
2010-04-08,0.60999995470047,19.05,73.05000305175781,48.0,10.0,21.303699493408203,48.0,100.0
2010-04-09,0.39499998092651367,19.05,73.05000305175781,48.0,2.0,24.280101776123047,48.0,100.0
2010-04-10,0.0,19.05,73.05000305175781,48.0,0.0,2.764800786972046,48.0,100.0
2010-04-11,0.0,19.05,73.05000305175781,48.0,0.0,2.764800786972046,48.0,100.0
2010-04-12,0.0,19.05,73.05000305175781,48.0,0.0,2.764800786972046,48.0,100.0
2010-04-13,0.0,19.05,73.05000305175781,48.0,0.0,2.764800786972046,48.0,100.0
2010-04-14,0.0,19.05,73.05000305175781,48.0,0.0,2.764800786972046,48.0,100.0
2010-04-15,0.0,19.05,73.05000305175781,48.0,0.0,2.764800786972046,48.0,100.0
2010-04-16,0.0,19.05,73.05000305175781,48.0,0.0,2.764800786972046,48.0,100.0
2010-04-17,0.0,19.05,73.05000305175781,48.0,0.0,2.764800786972046,48.0,100.0
2010-04-18,0.0,19.05,73.05000305175781,48.0,0.0,2.764800786972046,48.0,100.0
2010-04-19,0.0,19.05,73.05000305175781,48.0,0.0,2.764800786972046,48.0,100.0
2010-04-20,0.0,19.05,73.05000305175781,48.0,0.0,2.764800786972046,48.0,100.0
2010-04-21,0.0,19.05,73.05000305175781,48.0,0.0,2.764800786972046,48.0,100.0
2010-04-22,0.0,19.05,73.05000305175781,48.0,0.0,2.764800786972046,48.0,100.0
2010-04-23,0.0,19.05,73.05000305175781,48.0,0.0,2.764800786972046,48.0,100.0
2010-04-24,0.0,19.05,73.05000305175781,48.0,0.0,2.764800786972046,48.0,100.0
2010-04-25,0.0,19.05,73.05000305175781,48.0,0.0,2.764800786972046,48.0,100.0
2010-04-26,0.0,19.05,73.05000305175781,48.0,0.0,2.764800786972046,48.0,100.0
2010-04-27,0.0,19.05,73.05000305175781,48.0,0.0,2.764800786972046,48.0,100.0
2010-04-28,0.0,19.05,73.05000305175781,48.0,0.0,2.764800786972046,48.0,100.0
2010-04-29,0.0,19.05,73.05000305175781,48.0,0.0,2.764800786972046,48.0,100.0
2010-04-30,0.0,19.05,73.05000305175781,48.0,0.0,2.764800786972046,48.0,100.0
2010-05-01,0.0,19.05,73.05000305175781,48.0,0.0,2.764800786972046,48.0,100.0
2010-05-02,0.0,19.05,73.05000305175781,48.0,0.0,2.764800786972046,48.0,100.0
2010-05-03,0.0,19.05,73.05000305175781,48.0,0.0,2.764800786972046,48.0,100.0
2010-05-04,0.0,19.05,73.05000305175781,48.0,0.0,2.764800786972046,48.0,100.0
2010-05-05,0.0,19.05,73.05000305175781,48.0,0.0,2.764800786972046,48.0,100.0
2010-05-06,0.0,19.05,73.05000305175781,48.0,0.0,2.764800786972046,48.0,100.0
2010-05-07,0.0,19.05,73.05000305175781,48.0,0.0,2.764800786972046,48.0,100.0
2010-05-08,0.0,19.05,73.05000305175781,48.0,0.0,2.764800786972046,48.0,100.0
2010-05-09,0.0,19.05,73.05000305175781,48.0,0.0,2.764800786972046,48.0,100.0
2010-05-10,0.0,19.05,73.05000305175781,48.0,0.0,2.764800786972046,48.0,100.0
2010-05-11,0.0,19.05,73.05000305175781,48.0,0.0,2.764800786972046,48.0,100.0
2010-05-12,0.0,19.05,73.05000305175781,48.0,0.0,2.764800786972046,48.0,100.0
2010-05-13,0.0,19.05,73.05000305175781,48.0,0.0,2.764800786972046,48.0,100.0
2010-05-14,0.0,19.05,73.05000305175781,48.0,0.0,2.764800786972046,48.0,100.0
2010-05-15,0.0,19.05,73.05000305175781,48.0,0.0,2.764800786972046,48.0,100.0
2010-05-16,0.0,19.05,73.05000305175781,48.0,0.0,2.764800786972046,48.0,100.0
2010-05-17,0.0,19.05,73.05000305175781,48.0,0.0,2.764800786972046,48.0,100.0
2010-05-18,0.0,19.05,73.05000305175781,48.0,0.0,2.764800786972046,48.0,100.0
2010-05-19,1.184999942779541,19.05,73.05000305175781,48.0,2.0,94.99015808105469,48.0,100.0
2010-05-20,0.0,19.05,73.05000305175781,48.0,0.0,2.764800786972046,48.0,100.0
2010-05-21,0.0,19.05,73.05000305175781,48.0,0.0,2.764800786972046,48.0,100.0
2010-05-22,0.0,19.05,73.05000305175781,48.0,0.0,2.764800786972046,48.0,100.0
2010-05-23,0.0,19.05,73.05000305175781,48.0,0.0,2.764800786972046,48.0,100.0
2010-05-24,0.0,19.05,73.05000305175781,48.0,0.0,2.764800786972046,48.0,100.0
2010-05-25,0.0,19.05,73.05000305175781,48.0,0.0,2.764800786972046,48.0,100.0
2010-05-26,0.0,19.05,73.05000305175781,48.0,0.0,2.764800786972046,48.0,100.0
2010-05-27,0.0,19.05,73.05000305175781,48.0,0.0,2.764800786972046,48.0,100.0
2010-05-28,0.0,19.05,73.05000305175781,48.0,0.0,2.764800786972046,48.0,100.0
2010-05-29,0.0,19.05,73.05000305175781,48.0,0.0,2.764800786972046,48.0,100.0
2010-05-30,0.0,19.05,73.05000305175781,48.0,0.0,2.764800786972046,48.0,100.0
2010-05-31,0.0,19.05,73.05000305175781,48.0,0.0,2.764800786972046,48.0,100.0
2010-06-01,4.400000095367432,19.05,73.05000305175781,48.0,10.0,397.2421875,48.0,100.0
2010-06-02,2.119999885559082,19.05,73.05000305175781,48.0,8.0,122.02757263183594,48.0,100.0
2010-06-03,0.2199999988079071,19.05,73.05000305175781,48.0,3.0,9.290800094604492,48.0,100.0
2010-06-04,0.0,19.05,73.05000305175781,48.0,0.0,2.764800786972046,48.0,100.0
2010-06-05,0.0,19.05,73.05000305175781,48.0,0.0,2.764800786972046,48.0,100.0
2010-06-06,0.0,19.05,73.05000305175781,48.0,0.0,2.764800786972046,48.0,100.0
2010-06-07,6.84999942779541,19.05,73.05000305175781,48.0,9.0,593.467041015625,48.0,100.0
2010-06-08,8.074999809265137,19.05,73.05000305175781,48.0,9.0,726.6893310546875,48.0,100.0
2010-06-09,4.634999752044678,19.05,73.05000305175781,48.0,11.0,346.56591796875,48.0,100.0
2010-06-10,30.450000762939453,19.05,73.05000305175781,48.0,15.0,4723.72314453125,48.0,100.0
2010-06-11,40.84000015258789,19.05,73.05000305175781,48.0,22.0,5014.48046875,48.0,100.0
2010-06-12,13.699999809265137,19.05,73.05000305175781,48.0,25.0,1390.3082275390625,48.0,100.0
2010-06-13,1.1099998950958252,19.05,73.05000305175781,48.0,12.0,57.581695556640625,48.0,100.0
2010-06-14,29.234996795654297,19.05,73.05000305175781,48.0,43.0,2310.554931640625,48.0,100.0
2010-06-15,56.030006408691406,19.05,73.05000305175781,48.0,45.0,7064.25390625,48.0,99.0
2010-06-16,69.16999053955078,19.05,73.05000305175781,48.0,45.0,10029.1142578125,48.0,100.0
2010-06-17,5.559999465942383,19.05,73.05000305175781,48.0,17.0,393.2875061035156,48.0,100.0
2010-06-18,99.48997497558594,19.05,73.05000305175781,48.0,41.0,21943.16796875,48.0,100.0
2010-06-19,25.11499786376953,19.05,73.05000305175781,48.0,29.0,3256.830810546875,48.0,100.0
2010-06-20,8.894999504089355,19.05,73.05000305175781,48.0,18.0,924.63525390625,48.0,100.0
2010-06-21,2.3299996852874756,19.05,73.05000305175781,48.0,25.0,82.61265563964844,48.0,100.0
2010-06-22,53.52000045776367,19.05,73.05000305175781,48.0,37.0,7170.12109375,48.0,100.0
2010-06-23,30.635005950927734,19.05,73.05000305175781,48.0,46.0,2658.304443359375,48.0,99.0
2010-06-24,23.80999755859375,19.05,73.05000305175781,48.0,44.0,1951.634765625,48.0,100.0
2010-06-25,25.685001373291016,19.05,73.05000305175781,48.0,30.0,2805.78955078125,48.0,99.0
2010-06-26,2.115000009536743,19.05,73.05000305175781,48.0,14.0,116.50189971923828,48.0,100.0
2010-06-27,13.0,19.05,73.05000305175781,48.0,32.0,979.3409423828125,48.0,100.0
2010-06-28,15.129997253417969,19.05,73.05000305175781,48.0,34.0,1225.432373046875,48.0,100.0
2010-06-29,2.254999876022339,19.05,73.05000305175781,48.0,20.0,94.00543212890625,48.0,100.0
2010-06-30,6.77500057220459,19.05,73.05000305175781,48.0,35.0,410.00140380859375,48.0,99.0
2010-07-01,38.21999740600586,19.05,73.05000305175781,48.0,42.0,4018.29833984375,48.0,100.0
2010-07-02,39.415000915527344,19.05,73.05000305175781,48.0,43.0,3574.914306640625,48.0,100.0
2010-07-03,48.54500198364258,19.05,73.05000305175781,48.0,48.0,4728.00390625,48.0,99.0
2010-07-04,24.944992065429688,19.05,73.05000305175781,48.0,26.0,2956.55810546875,48.0,100.0
2010-07-05,5.725000381469727,19.05,73.05000305175781,48.0,24.0,300.0973205566406,48.0,99.0
2010-07-06,28.05500030517578,19.05,73.05000305175781,48.0,29.0,3174.46875,48.0,100.0
2010-07-07,57.52000427246094,19.05,73.05000305175781,48.0,45.0,5984.9013671875,48.0,100.0
2010-07-08,33.69499969482422,19.05,73.05000305175781,48.0,27.0,3819.055419921875,48.0,100.0
2010-07-09,3.3499999046325684,19.05,73.05000305175781,48.0,20.0,161.04603576660156,48.0,99.0
2010-07-10,21.944997787475586,19.05,73.05000305175781,48.0,39.0,1761.1893310546875,48.0,100.0
2010-07-11,3.820000171661377,19.05,73.05000305175781,48.0,19.0,234.86451721191406,48.0,99.0
2010-07-12,9.739999771118164,19.05,73.05000305175781,48.0,22.0,797.9302368164062,48.0,100.0
2010-07-13,34.94999694824219,19.05,73.05000305175781,48.0,25.0,4388.60888671875,48.0,100.0
2010-07-14,5.25,19.05,73.05000305175781,48.0,22.0,349.417236328125,48.0,100.0
2010-07-15,8.369999885559082,19.05,73.05000305175781,48.0,24.0,737.62158203125,48.0,100.0
2010-07-16,33.70000076293945,19.05,73.05000305175781,48.0,37.0,4059.301513671875,48.0,100.0
2010-07-17,7.120000839233398,19.05,73.05000305175781,48.0,20.0,433.4731750488281,48.0,99.0
2010-07-18,8.039999008178711,19.05,73.05000305175781,48.0,27.0,538.15771484375,48.0,100.0
2010-07-19,5.21999979019165,19.05,73.05000305175781,48.0,19.0,289.9554138183594,48.0,100.0
2010-07-20,19.259998321533203,19.05,73.05000305175781,48.0,42.0,1336.5,48.0,100.0
2010-07-21,84.48501586914062,19.05,73.05000305175781,48.0,47.0,10676.5625,48.0,99.0
2010-07-22,100.2650146484375,19.05,73.05000305175781,48.0,48.0,13907.447265625,48.0,99.0
2010-07-23,48.65500259399414,19.05,73.05000305175781,48.0,41.0,5662.0869140625,48.0,99.0
2010-07-24,132.22499084472656,19.05,73.05000305175781,48.0,48.0,21519.49609375,48.0,100.0
2010-07-25,7.505000114440918,19.05,73.05000305175781,48.0,31.0,491.6021423339844,48.0,100.0
2010-07-26,63.410003662109375,19.05,73.05000305175781,48.0,47.0,7253.2880859375,48.0,100.0
2010-07-27,1.1700000762939453,19.05,73.05000305175781,48.0,11.0,57.600128173828125,48.0,99.0
2010-07-28,7.314999580383301,19.05,73.05000305175781,48.0,20.0,775.3155517578125,48.0,100.0
2010-07-29,44.70499801635742,19.05,73.05000305175781,48.0,31.0,5821.86279296875,48.0,100.0
2010-07-30,24.189998626708984,19.05,73.05000305175781,48.0,44.0,1888.0654296875,48.0,100.0
2010-07-31,74.46499633789062,19.05,73.05000305175781,48.0,48.0,9034.0400390625,48.0,100.0
2010-08-01,26.64999771118164,19.05,73.05000305175781,48.0,38.0,2318.772705078125,48.0,100.0
2010-08-02,7.304999351501465,19.05,73.05000305175781,48.0,24.0,552.3562622070312,48.0,100.0
2010-08-03,6.439999580383301,19.05,73.05000305175781,48.0,20.0,493.8034362792969,48.0,100.0
2010-08-04,0.9949999451637268,19.05,73.05000305175781,48.0,12.0,46.51789855957031,48.0,100.0
2010-08-05,0.7299999594688416,19.05,73.05000305175781,48.0,3.0,36.448089599609375,48.0,100.0
2010-08-06,29.72500228881836,19.05,73.05000305175781,48.0,29.0,4138.45849609375,48.0,99.0
2010-08-07,35.749996185302734,19.05,73.05000305175781,48.0,38.0,3367.150390625,48.0,100.0
2010-08-08,1.744999885559082,19.05,73.05000305175781,48.0,19.0,68.1461410522461,48.0,100.0
2010-08-09,0.0,19.05,73.05000305175781,48.0,0.0,2.764800786972046,48.0,100.0
2010-08-10,0.0,19.05,73.05000305175781,48.0,0.0,2.764800786972046,48.0,100.0
2010-08-11,1.3350000381469727,19.05,73.05000305175781,48.0,11.0,73.6865005493164,48.0,100.0
2010-08-12,5.60499906539917,19.05,73.05000305175781,48.0,35.0,265.1716613769531,48.0,100.0
2010-08-13,14.569997787475586,19.05,73.05000305175781,48.0,42.0,985.6253051757812,48.0,100.0
2010-08-14,4.330000400543213,19.05,73.05000305175781,48.0,31.0,190.1343231201172,48.0,99.0
2010-08-15,1.9499998092651367,19.05,73.05000305175781,48.0,20.0,88.51493072509766,48.0,100.0
2010-08-16,4.855000019073486,19.05,73.05000305175781,48.0,31.0,244.053466796875,48.0,100.0
2010-08-17,35.625,19.05,73.05000305175781,48.0,36.0,6433.845703125,48.0,100.0
2010-08-18,52.70500183105469,19.05,73.05000305175781,48.0,36.0,9990.6845703125,48.0,99.0
2010-08-19,13.294999122619629,19.05,73.05000305175781,48.0,35.0,1375.179931640625,48.0,100.0
2010-08-20,28.584999084472656,19.05,73.05000305175781,48.0,37.0,2808.41455078125,48.0,100.0
2010-08-21,14.014999389648438,19.05,73.05000305175781,48.0,33.0,1169.944091796875,48.0,100.0
2010-08-22,6.130000114440918,19.05,73.05000305175781,48.0,30.0,420.7759704589844,48.0,100.0
2010-08-23,4.354999542236328,19.05,73.05000305175781,48.0,20.0,256.26904296875,48.0,100.0
2010-08-24,4.929999828338623,19.05,73.05000305175781,48.0,27.0,263.7381286621094,48.0,100.0
2010-08-25,24.06499671936035,19.05,73.05000305175781,48.0,42.0,2887.479736328125,48.0,100.0
2010-08-26,40.63999557495117,19.05,73.05000305175781,48.0,32.0,5631.826171875,48.0,100.0
2010-08-27,14.365001678466797,19.05,73.05000305175781,48.0,32.0,1196.7586669921875,48.0,99.0
2010-08-28,48.57500457763672,19.05,73.05000305175781,48.0,36.0,6850.36376953125,48.0,100.0
2010-08-29,159.8300018310547,19.05,73.05000305175781,48.0,48.0,26313.58203125,48.0,100.0
2010-08-30,96.7249755859375,19.05,73.05000305175781,48.0,48.0,12867.4921875,48.0,100.0
2010-08-31,85.80998229980469,19.05,73.05000305175781,48.0,48.0,11027.32421875,48.0,100.0
2010-09-01,8.5,19.05,73.05000305175781,48.0,20.0,686.30810546875,48.0,100.0
2010-09-02,0.3400000035762787,19.05,73.05000305175781,48.0,6.0,12.541500091552734,48.0,100.0
2010-09-03,1.5899999141693115,19.05,73.05000305175781,48.0,4.0,102.31830596923828,48.0,100.0
2010-09-04,14.234999656677246,19.05,73.05000305175781,48.0,41.0,907.953125,48.0,100.0
2010-09-05,25.73999786376953,19.05,73.05000305175781,48.0,47.0,1916.9462890625,48.0,100.0
2010-09-06,28.325000762939453,19.05,73.05000305175781,48.0,43.0,2815.8076171875,48.0,100.0
2010-09-07,12.014999389648438,19.05,73.05000305175781,48.0,34.0,916.6708984375,48.0,100.0
2010-09-08,87.14999389648438,19.05,73.05000305175781,48.0,48.0,11905.5673828125,48.0,100.0
2010-09-09,7.914999008178711,19.05,73.05000305175781,48.0,22.0,519.9277954101562,48.0,100.0
2010-09-10,0.014999999664723873,19.05,73.05000305175781,48.0,1.0,3.142800807952881,48.0,100.0
2010-09-11,0.0,19.05,73.05000305175781,48.0,0.0,2.764800786972046,48.0,100.0
2010-09-12,0.07000000029802322,19.05,73.05000305175781,48.0,1.0,4.752100944519043,48.0,100.0
2010-09-13,0.38499993085861206,19.05,73.05000305175781,48.0,8.0,13.969500541687012,48.0,100.0
2010-09-14,0.8600000143051147,19.05,73.05000305175781,48.0,8.0,32.40388488769531,48.0,100.0
2010-09-15,1.25,19.05,73.05000305175781,48.0,12.0,62.872379302978516,48.0,100.0
2010-09-16,13.774999618530273,19.05,73.05000305175781,48.0,29.0,1148.03564453125,48.0,100.0
2010-09-17,1.9499999284744263,19.05,73.05000305175781,48.0,13.0,139.6187286376953,48.0,100.0
2010-09-18,2.7700002193450928,19.05,73.05000305175781,48.0,13.0,161.54124450683594,48.0,99.0
2010-09-19,0.29499998688697815,19.05,73.05000305175781,48.0,2.0,14.193000793457031,48.0,100.0
2010-09-20,2.259999990463257,19.05,73.05000305175781,48.0,16.0,108.26490020751953,48.0,100.0
2010-09-21,1.0099999904632568,19.05,73.05000305175781,48.0,9.0,40.31593704223633,48.0,100.0
2010-09-22,1.559999704360962,19.05,73.05000305175781,48.0,4.0,95.47051239013672,48.0,100.0
2010-09-23,0.5,19.05,73.05000305175781,48.0,4.0,22.572599411010742,48.0,100.0
2010-09-24,2.2149999141693115,19.05,73.05000305175781,48.0,2.0,216.28216552734375,48.0,100.0
2010-09-25,3.2299997806549072,19.05,73.05000305175781,48.0,6.0,221.59571838378906,48.0,100.0
2010-09-26,12.614999771118164,19.05,73.05000305175781,48.0,7.0,1840.752197265625,48.0,100.0
2010-09-27,27.639999389648438,19.05,73.05000305175781,48.0,19.0,4037.9794921875,48.0,100.0
2010-09-28,2.3249998092651367,19.05,73.05000305175781,48.0,13.0,128.76007080078125,48.0,100.0
2010-09-29,10.790000915527344,19.05,73.05000305175781,48.0,12.0,977.8596801757812,48.0,99.0
2010-09-30,3.7099995613098145,19.05,73.05000305175781,48.0,10.0,229.49530029296875,48.0,100.0
2010-10-01,0.0,19.05,73.05000305175781,48.0,0.0,2.764800786972046,48.0,100.0
2010-10-02,0.0,19.05,73.05000305175781,48.0,0.0,2.764800786972046,48.0,100.0
2010-10-03,10.415000915527344,19.05,73.05000305175781,48.0,14.0,1133.706298828125,48.0,99.0
2010-10-04,19.934999465942383,19.05,73.05000305175781,48.0,22.0,2080.19189453125,48.0,100.0
2010-10-05,3.5799999237060547,19.05,73.05000305175781,48.0,8.0,231.25672912597656,48.0,100.0
2010-10-06,0.0,19.05,73.05000305175781,48.0,0.0,2.764800786972046,48.0,100.0
2010-10-07,0.0,19.05,73.05000305175781,48.0,0.0,2.764800786972046,48.0,100.0
2010-10-08,0.0,19.05,73.05000305175781,48.0,0.0,2.764800786972046,48.0,100.0
2010-10-09,0.0,19.05,73.05000305175781,48.0,0.0,2.764800786972046,48.0,100.0
2010-10-10,0.0,19.05,73.05000305175781,48.0,0.0,2.764800786972046,48.0,100.0
2010-10-11,19.07499885559082,19.05,73.05000305175781,48.0,24.0,1594.1572265625,48.0,100.0
2010-10-12,0.0,19.05,73.05000305175781,48.0,0.0,2.764800786972046,48.0,100.0
2010-10-13,0.7249999642372131,19.05,73.05000305175781,48.0,2.0,41.18656539916992,48.0,100.0
2010-10-14,0.3349999785423279,19.05,73.05000305175781,48.0,1.0,20.012800216674805,48.0,99.0
2010-10-15,0.0,19.05,73.05000305175781,48.0,0.0,2.764800786972046,48.0,100.0
2010-10-16,1.1349999904632568,19.05,73.05000305175781,48.0,4.0,60.37806701660156,48.0,100.0
2010-10-17,3.5950002670288086,19.05,73.05000305175781,48.0,14.0,200.15782165527344,48.0,100.0
2010-10-18,17.479999542236328,19.05,73.05000305175781,48.0,23.0,1719.9093017578125,48.0,100.0
2010-10-19,46.39500427246094,19.05,73.05000305175781,48.0,28.0,6679.61376953125,48.0,99.0
2010-10-20,3.239999294281006,19.05,73.05000305175781,48.0,16.0,147.60340881347656,48.0,100.0
2010-10-21,23.074996948242188,19.05,73.05000305175781,48.0,31.0,2252.912109375,48.0,100.0
2010-10-22,0.8250000476837158,19.05,73.05000305175781,48.0,6.0,33.53697967529297,48.0,99.0
2010-10-23,0.0,19.05,73.05000305175781,48.0,0.0,2.764800786972046,48.0,100.0
2010-10-24,0.0,19.05,73.05000305175781,48.0,0.0,2.764800786972046,48.0,100.0
2010-10-25,2.624999761581421,19.05,73.05000305175781,48.0,9.0,138.82965087890625,48.0,100.0
2010-10-26,0.0,19.05,73.05000305175781,48.0,0.0,2.764800786972046,48.0,100.0
2010-10-27,0.0,19.05,73.05000305175781,48.0,0.0,2.764800786972046,48.0,100.0
2010-10-28,0.0,19.05,73.05000305175781,48.0,0.0,2.764800786972046,48.0,100.0
2010-10-29,0.0,19.05,73.05000305175781,48.0,0.0,2.764800786972046,48.0,100.0
2010-10-30,0.0,19.05,73.05000305175781,48.0,0.0,2.764800786972046,48.0,100.0
2010-10-31,0.0,19.05,73.05000305175781,48.0,0.0,2.764800786972046,48.0,100.0
2010-11-01,0.0,19.05,73.05000305175781,48.0,0.0,2.764800786972046,48.0,100.0
2010-11-02,0.0,19.05,73.05000305175781,48.0,0.0,2.764800786972046,48.0,100.0
2010-11-03,0.014999999664723873,19.05,73.05000305175781,48.0,1.0,3.1297006607055664,48.0,100.0
2010-11-04,0.03500000014901161,19.05,73.05000305175781,48.0,1.0,3.5721006393432617,48.0,100.0
2010-11-05,0.0,19.05,73.05000305175781,48.0,0.0,2.764800786972046,48.0,100.0
2010-11-06,0.6599999666213989,19.05,73.05000305175781,48.0,2.0,45.9168701171875,48.0,100.0
2010-11-07,1.4950000047683716,19.05,73.05000305175781,48.0,4.0,87.18919372558594,48.0,100.0
2010-11-08,1.7699999809265137,19.05,73.05000305175781,48.0,13.0,78.6758804321289,48.0,100.0
2010-11-09,6.3899993896484375,19.05,73.05000305175781,48.0,25.0,350.42041015625,48.0,100.0
2010-11-10,0.0,19.05,73.05000305175781,48.0,0.0,2.764800786972046,48.0,100.0
2010-11-11,0.0,19.05,73.05000305175781,48.0,0.0,2.764800786972046,48.0,100.0
2010-11-12,0.0,19.05,73.05000305175781,48.0,0.0,2.764800786972046,48.0,100.0
2010-11-13,0.0,19.05,73.05000305175781,48.0,0.0,2.764800786972046,48.0,100.0
2010-11-14,3.809999942779541,19.05,73.05000305175781,48.0,6.0,310.7920227050781,48.0,100.0
2010-11-15,20.074996948242188,19.05,73.05000305175781,48.0,17.0,2384.263916015625,48.0,100.0
2010-11-16,0.8799999952316284,19.05,73.05000305175781,48.0,4.0,43.84623718261719,48.0,99.0
2010-11-17,0.3100000023841858,19.05,73.05000305175781,48.0,1.0,18.152099609375,48.0,100.0
2010-11-18,0.0,19.05,73.05000305175781,48.0,0.0,2.764800786972046,48.0,100.0
2010-11-19,0.0,19.05,73.05000305175781,48.0,0.0,2.764800786972046,48.0,100.0
2010-11-20,1.1549999713897705,19.05,73.05000305175781,48.0,5.0,72.95709991455078,48.0,100.0
2010-11-21,9.414999961853027,19.05,73.05000305175781,48.0,12.0,999.78515625,48.0,100.0
2010-11-22,8.294998168945312,19.05,73.05000305175781,48.0,15.0,645.7021484375,48.0,100.0
2010-11-23,3.929999828338623,19.05,73.05000305175781,48.0,17.0,212.34408569335938,48.0,100.0
2010-11-24,1.184999942779541,19.05,73.05000305175781,48.0,8.0,59.81822204589844,48.0,100.0
2010-11-25,0.0,19.05,73.05000305175781,48.0,0.0,2.764800786972046,48.0,100.0
2010-11-26,0.0,19.05,73.05000305175781,48.0,0.0,2.764800786972046,48.0,100.0
2010-11-27,0.0,19.05,73.05000305175781,48.0,0.0,2.764800786972046,48.0,100.0
2010-11-28,0.0,19.05,73.05000305175781,48.0,0.0,2.764800786972046,48.0,100.0
2010-11-29,0.0,19.05,73.05000305175781,48.0,0.0,2.764800786972046,48.0,100.0
2010-11-30,0.0,19.05,73.05000305175781,48.0,0.0,2.764800786972046,48.0,100.0
2010-12-01,0.0,19.05,73.05000305175781,48.0,0.0,2.764800786972046,48.0,100.0
2010-12-02,0.0,19.05,73.05000305175781,48.0,0.0,2.764800786972046,48.0,100.0
2010-12-03,0.0,19.05,73.05000305175781,48.0,0.0,2.764800786972046,48.0,100.0
2010-12-04,0.0,19.05,73.05000305175781,48.0,0.0,2.764800786972046,48.0,100.0
2010-12-05,0.0,19.05,73.05000305175781,48.0,0.0,2.764800786972046,48.0,100.0
2010-12-06,0.0,19.05,73.05000305175781,48.0,0.0,2.764800786972046,48.0,100.0
2010-12-07,0.0,19.05,73.05000305175781,48.0,0.0,2.764800786972046,48.0,100.0
2010-12-08,0.0,19.05,73.05000305175781,48.0,0.0,2.764800786972046,48.0,100.0
2010-12-09,0.0,19.05,73.05000305175781,48.0,0.0,2.764800786972046,48.0,100.0
2010-12-10,0.0,19.05,73.05000305175781,48.0,0.0,2.764800786972046,48.0,100.0
2010-12-11,0.0,19.05,73.05000305175781,48.0,0.0,2.764800786972046,48.0,100.0
2010-12-12,0.0,19.05,73.05000305175781,48.0,0.0,2.764800786972046,48.0,100.0
2010-12-13,0.0,19.05,73.05000305175781,48.0,0.0,2.764800786972046,48.0,100.0
2010-12-14,0.0,19.05,73.05000305175781,48.0,0.0,2.764800786972046,48.0,100.0
2010-12-15,0.0,19.05,73.05000305175781,48.0,0.0,2.764800786972046,48.0,100.0
2010-12-16,0.0,19.05,73.05000305175781,48.0,0.0,2.764800786972046,48.0,100.0
2010-12-17,0.0,19.05,73.05000305175781,48.0,0.0,2.764800786972046,48.0,100.0
2010-12-18,0.0,19.05,73.05000305175781,48.0,0.0,2.764800786972046,48.0,100.0
2010-12-19,0.0,19.05,73.05000305175781,48.0,0.0,2.764800786972046,48.0,100.0
2010-12-20,0.0,19.05,73.05000305175781,48.0,0.0,2.764800786972046,48.0,100.0
2010-12-21,0.0,19.05,73.05000305175781,48.0,0.0,2.764800786972046,48.0,100.0
2010-12-22,0.0,19.05,73.05000305175781,48.0,0.0,2.764800786972046,48.0,100.0
2010-12-23,0.0,19.05,73.05000305175781,48.0,0.0,2.764800786972046,48.0,100.0
2010-12-24,0.0,19.05,73.05000305175781,48.0,0.0,2.764800786972046,48.0,100.0
2010-12-25,0.0,19.05,73.05000305175781,48.0,0.0,2.764800786972046,48.0,100.0
2010-12-26,0.0,19.05,73.05000305175781,48.0,0.0,2.764800786972046,48.0,100.0
2010-12-27,0.0,19.05,73.05000305175781,48.0,0.0,2.764800786972046,48.0,100.0
2010-12-28,0.0,19.05,73.05000305175781,48.0,0.0,2.764800786972046,48.0,100.0
2010-12-29,0.0,19.05,73.05000305175781,48.0,0.0,2.764800786972046,48.0,100.0
2010-12-30,0.0,19.05,73.05000305175781,48.0,0.0,2.764800786972046,48.0,100.0
2010-12-31,0.0,19.05,73.05000305175781,48.0,0.0,2.764800786972046,48.0,100.0
2011-01-01,0.0,19.05,73.05000305175781,48.0,0.0,2.764800786972046,48.0,100.0
2011-01-02,0.0,19.05,73.05000305175781,48.0,0.0,2.764800786972046,48.0,100.0
2011-01-03,0.0,19.05,73.05000305175781,48.0,0.0,2.764800786972046,48.0,100.0
2011-01-04,0.0,19.05,73.05000305175781,48.0,0.0,2.764800786972046,48.0,100.0
2011-01-05,0.0,19.05,73.05000305175781,48.0,0.0,2.764800786972046,48.0,100.0
2011-01-06,0.0,19.05,73.05000305175781,48.0,0.0,2.764800786972046,48.0,100.0
2011-01-07,0.0,19.05,73.05000305175781,48.0,0.0,2.764800786972046,48.0,100.0
2011-01-08,0.0,19.05,73.05000305175781,48.0,0.0,2.764800786972046,48.0,100.0
2011-01-09,0.0,19.05,73.05000305175781,48.0,0.0,2.764800786972046,48.0,100.0
2011-01-10,0.0,19.05,73.05000305175781,48.0,0.0,2.764800786972046,48.0,100.0
2011-01-11,0.0,19.05,73.05000305175781,48.0,0.0,2.764800786972046,48.0,100.0
2011-01-12,0.0,19.05,73.05000305175781,48.0,0.0,2.764800786972046,48.0,100.0
2011-01-13,0.0,19.05,73.05000305175781,48.0,0.0,2.764800786972046,48.0,100.0
2011-01-14,0.0,19.05,73.05000305175781,48.0,0.0,2.764800786972046,48.0,100.0
2011-01-15,0.0,19.05,73.05000305175781,48.0,0.0,2.764800786972046,48.0,100.0
2011-01-16,0.0,19.05,73.05000305175781,48.0,0.0,2.764800786972046,48.0,100.0
2011-01-17,0.0,19.05,73.05000305175781,48.0,0.0,2.764800786972046,48.0,100.0
2011-01-18,0.0,19.05,73.05000305175781,48.0,0.0,2.764800786972046,48.0,100.0
2011-01-19,0.0,19.05,73.05000305175781,48.0,0.0,2.764800786972046,48.0,100.0
2011-01-20,0.0,19.05,73.05000305175781,48.0,0.0,2.764800786972046,48.0,100.0
2011-01-21,0.0,19.05,73.05000305175781,48.0,0.0,2.764800786972046,48.0,100.0
2011-01-22,0.0,19.05,73.05000305175781,48.0,0.0,2.764800786972046,48.0,100.0
2011-01-23,0.0,19.05,73.05000305175781,48.0,0.0,2.764800786972046,48.0,100.0
2011-01-24,0.0,19.05,73.05000305175781,48.0,0.0,2.764800786972046,48.0,100.0
2011-01-25,0.0,19.05,73.05000305175781,48.0,0.0,2.764800786972046,48.0,100.0
2011-01-26,0.0,19.05,73.05000305175781,48.0,0.0,2.764800786972046,48.0,100.0
2011-01-27,0.0,19.05,73.05000305175781,48.0,0.0,2.764800786972046,48.0,100.0
2011-01-28,0.0,19.05,73.05000305175781,48.0,0.0,2.764800786972046,48.0,100.0
2011-01-29,0.0,19.05,73.05000305175781,48.0,0.0,2.764800786972046,48.0,100.0
2011-01-30,0.0,19.05,73.05000305175781,48.0,0.0,2.764800786972046,48.0,100.0
2011-01-31,0.0,19.05,73.05000305175781,48.0,0.0,2.764800786972046,48.0,100.0
2011-02-01,0.0,19.05,73.05000305175781,48.0,0.0,2.764800786972046,48.0,100.0
2011-02-02,0.0,19.05,73.05000305175781,48.0,0.0,2.764800786972046,48.0,100.0
2011-02-03,0.0,19.05,73.05000305175781,48.0,0.0,2.764800786972046,48.0,100.0
2011-02-04,0.0,19.05,73.05000305175781,48.0,0.0,2.764800786972046,48.0,100.0
2011-02-05,0.0,19.05,73.05000305175781,48.0,0.0,2.764800786972046,48.0,100.0
2011-02-06,0.0,19.05,73.05000305175781,48.0,0.0,2.764800786972046,48.0,100.0
2011-02-07,0.0,19.05,73.05000305175781,48.0,0.0,2.764800786972046,48.0,100.0
2011-02-08,0.0,19.05,73.05000305175781,48.0,0.0,2.764800786972046,48.0,100.0
2011-02-09,0.0,19.05,73.05000305175781,48.0,0.0,2.764800786972046,48.0,100.0
2011-02-10,0.0,19.05,73.05000305175781,48.0,0.0,2.764800786972046,48.0,100.0
2011-02-11,0.0,19.05,73.05000305175781,48.0,0.0,2.764800786972046,48.0,100.0
2011-02-12,0.0,19.05,73.05000305175781,48.0,0.0,2.764800786972046,48.0,100.0
2011-02-13,0.0,19.05,73.05000305175781,48.0,0.0,2.764800786972046,48.0,100.0
2011-02-14,0.0,19.05,73.05000305175781,48.0,0.0,2.764800786972046,48.0,100.0
2011-02-15,0.0,19.05,73.05000305175781,48.0,0.0,2.764800786972046,48.0,100.0
2011-02-16,0.0,19.05,73.05000305175781,48.0,0.0,2.764800786972046,48.0,100.0
2011-02-17,0.0,19.05,73.05000305175781,48.0,0.0,2.764800786972046,48.0,100.0
2011-02-18,0.0,19.05,73.05000305175781,48.0,0.0,2.764800786972046,48.0,100.0
2011-02-19,0.0,19.05,73.05000305175781,48.0,0.0,2.764800786972046,48.0,100.0
2011-02-20,0.0,19.05,73.05000305175781,48.0,0.0,2.764800786972046,48.0,100.0
2011-02-21,0.0,19.05,73.05000305175781,48.0,0.0,2.764800786972046,48.0,100.0
2011-02-22,0.0,19.05,73.05000305175781,48.0,0.0,2.764800786972046,48.0,100.0
2011-02-23,0.0,19.05,73.05000305175781,48.0,0.0,2.764800786972046,48.0,100.0
2011-02-24,0.0,19.05,73.05000305175781,48.0,0.0,2.764800786972046,48.0,100.0
2011-02-25,0.0,19.05,73.05000305175781,48.0,0.0,2.764800786972046,48.0,100.0
2011-02-26,0.0,19.05,73.05000305175781,48.0,0.0,2.764800786972046,48.0,100.0
2011-02-27,0.0,19.05,73.05000305175781,48.0,0.0,2.764800786972046,48.0,100.0
2011-02-28,0.0,19.05,73.05000305175781,48.0,0.0,2.764800786972046,48.0,100.0
2011-03-01,0.0,19.05,73.05000305175781,48.0,0.0,2.764800786972046,48.0,100.0
2011-03-02,0.0,19.05,73.05000305175781,48.0,0.0,2.764800786972046,48.0,100.0
2011-03-03,0.0,19.05,73.05000305175781,48.0,0.0,2.764800786972046,48.0,100.0
2011-03-04,0.0,19.05,73.05000305175781,48.0,0.0,2.764800786972046,48.0,100.0
2011-03-05,0.0,19.05,73.05000305175781,48.0,0.0,2.764800786972046,48.0,100.0
2011-03-06,0.0,19.05,73.05000305175781,48.0,0.0,2.764800786972046,48.0,100.0
2011-03-07,0.0,19.05,73.05000305175781,48.0,0.0,2.764800786972046,48.0,100.0
2011-03-08,0.0,19.05,73.05000305175781,48.0,0.0,2.764800786972046,48.0,100.0
2011-03-09,0.0,19.05,73.05000305175781,48.0,0.0,2.764800786972046,48.0,100.0
2011-03-10,0.0,19.05,73.05000305175781,48.0,0.0,2.764800786972046,48.0,100.0
2011-03-11,0.0,19.05,73.05000305175781,48.0,0.0,2.764800786972046,48.0,100.0
2011-03-12,0.0,19.05,73.05000305175781,48.0,0.0,2.764800786972046,48.0,100.0
2011-03-13,0.0,19.05,73.05000305175781,48.0,0.0,2.764800786972046,48.0,100.0
2011-03-14,0.0,19.05,73.05000305175781,48.0,0.0,2.764800786972046,48.0,100.0
2011-03-15,0.0,19.05,73.05000305175781,48.0,0.0,2.764800786972046,48.0,100.0
2011-03-16,0.0,19.05,73.05000305175781,48.0,0.0,2.764800786972046,48.0,100.0
2011-03-17,0.0,19.05,73.05000305175781,48.0,0.0,2.764800786972046,48.0,100.0
2011-03-18,0.0,19.05,73.05000305175781,48.0,0.0,2.764800786972046,48.0,100.0
2011-03-19,0.0,19.05,73.05000305175781,48.0,0.0,2.764800786972046,48.0,100.0
2011-03-20,0.0,19.05,73.05000305175781,48.0,0.0,2.764800786972046,48.0,100.0
2011-03-21,0.0,19.05,73.05000305175781,48.0,0.0,2.764800786972046,48.0,100.0
2011-03-22,0.0,19.05,73.05000305175781,48.0,0.0,2.764800786972046,48.0,100.0
2011-03-23,0.0,19.05,73.05000305175781,48.0,0.0,2.764800786972046,48.0,100.0
2011-03-24,0.0,19.05,73.05000305175781,48.0,0.0,2.764800786972046,48.0,100.0
2011-03-25,0.0,19.05,73.05000305175781,48.0,0.0,2.764800786972046,48.0,100.0
2011-03-26,0.0,19.05,73.05000305175781,48.0,0.0,2.764800786972046,48.0,100.0
2011-03-27,0.0,19.05,73.05000305175781,48.0,0.0,2.764800786972046,48.0,100.0
2011-03-28,0.0,19.05,73.05000305175781,48.0,0.0,2.764800786972046,48.0,100.0
2011-03-29,0.0,19.05,73.05000305175781,48.0,0.0,2.764800786972046,48.0,100.0
2011-03-30,0.0,19.05,73.05000305175781,48.0,0.0,2.764800786972046,48.0,100.0
2011-03-31,0.0,19.05,73.05000305175781,48.0,0.0,2.764800786972046,48.0,100.0
2011-04-01,0.0,19.05,73.05000305175781,48.0,0.0,2.764800786972046,48.0,100.0
2011-04-02,0.0,19.05,73.05000305175781,48.0,0.0,2.764800786972046,48.0,100.0
2011-04-03,0.0,19.05,73.05000305175781,48.0,0.0,2.764800786972046,48.0,100.0
2011-04-04,0.0,19.05,73.05000305175781,48.0,0.0,2.764800786972046,48.0,100.0
2011-04-05,0.0,19.05,73.05000305175781,48.0,0.0,2.764800786972046,48.0,100.0
2011-04-06,0.0,19.05,73.05000305175781,48.0,0.0,2.764800786972046,48.0,100.0
2011-04-07,0.0,19.05,73.05000305175781,48.0,0.0,2.764800786972046,48.0,100.0
2011-04-08,0.0,19.05,73.05000305175781,48.0,0.0,2.764800786972046,48.0,100.0
2011-04-09,0.0,19.05,73.05000305175781,48.0,0.0,2.764800786972046,48.0,100.0
2011-04-10,0.0,19.05,73.05000305175781,48.0,0.0,2.764800786972046,48.0,100.0
2011-04-11,0.0,19.05,73.05000305175781,48.0,0.0,2.764800786972046,48.0,100.0
2011-04-12,0.0,19.05,73.05000305175781,48.0,0.0,2.764800786972046,48.0,100.0
2011-04-13,0.0,19.05,73.05000305175781,48.0,0.0,2.764800786972046,48.0,100.0
2011-04-14,0.0,19.05,73.05000305175781,48.0,0.0,2.764800786972046,48.0,100.0
2011-04-15,0.0,19.05,73.05000305175781,48.0,0.0,2.764800786972046,48.0,100.0
2011-04-16,0.0,19.05,73.05000305175781,48.0,0.0,2.764800786972046,48.0,100.0
2011-04-17,0.0,19.05,73.05000305175781,48.0,0.0,2.764800786972046,48.0,100.0
2011-04-18,0.0,19.05,73.05000305175781,48.0,0.0,2.764800786972046,48.0,100.0
2011-04-19,0.0,19.05,73.05000305175781,48.0,0.0,2.764800786972046,48.0,100.0
2011-04-20,0.0,19.05,73.05000305175781,48.0,0.0,2.764800786972046,48.0,100.0
2011-04-21,0.0,19.05,73.05000305175781,48.0,0.0,2.764800786972046,48.0,100.0
2011-04-22,0.0,19.05,73.05000305175781,48.0,0.0,2.764800786972046,48.0,100.0
2011-04-23,0.0,19.05,73.05000305175781,48.0,0.0,2.764800786972046,48.0,100.0
2011-04-24,0.0,19.05,73.05000305175781,48.0,0.0,2.764800786972046,48.0,100.0
2011-04-25,0.0,19.05,73.05000305175781,48.0,0.0,2.764800786972046,48.0,100.0
2011-04-26,0.0,19.05,73.05000305175781,48.0,0.0,2.764800786972046,48.0,100.0
2011-04-27,0.0,19.05,73.05000305175781,48.0,0.0,2.764800786972046,48.0,100.0
2011-04-28,0.0,19.05,73.05000305175781,48.0,0.0,2.764800786972046,48.0,100.0
2011-04-29,0.0,19.05,73.05000305175781,48.0,0.0,2.764800786972046,48.0,100.0
2011-04-30,0.0,19.05,73.05000305175781,48.0,0.0,2.764800786972046,48.0,100.0
2011-05-01,0.0,19.05,73.05000305175781,48.0,0.0,2.764800786972046,48.0,100.0
2011-05-02,0.0,19.05,73.05000305175781,48.0,0.0,2.764800786972046,48.0,100.0
2011-05-03,0.0,19.05,73.05000305175781,48.0,0.0,2.764800786972046,48.0,100.0
2011-05-04,0.0,19.05,73.05000305175781,48.0,0.0,2.764800786972046,48.0,100.0
2011-05-05,0.0,19.05,73.05000305175781,48.0,0.0,2.764800786972046,48.0,100.0
2011-05-06,0.0,19.05,73.05000305175781,48.0,0.0,2.764800786972046,48.0,100.0
2011-05-07,0.0,19.05,73.05000305175781,48.0,0.0,2.764800786972046,48.0,100.0
2011-05-08,0.0,19.05,73.05000305175781,48.0,0.0,2.764800786972046,48.0,100.0
2011-05-09,0.0,19.05,73.05000305175781,48.0,0.0,2.764800786972046,48.0,100.0
2011-05-10,0.0,19.05,73.05000305175781,48.0,0.0,2.764800786972046,48.0,100.0
2011-05-11,0.0,19.05,73.05000305175781,48.0,0.0,2.764800786972046,48.0,100.0
2011-05-12,0.0,19.05,73.05000305175781,48.0,0.0,2.764800786972046,48.0,100.0
2011-05-13,0.0,19.05,73.05000305175781,48.0,0.0,2.764800786972046,48.0,100.0
2011-05-14,0.0,19.05,73.05000305175781,48.0,0.0,2.764800786972046,48.0,100.0
2011-05-15,0.0,19.05,73.05000305175781,48.0,0.0,2.764800786972046,48.0,100.0
2011-05-16,2.965000629425049,19.05,73.05000305175781,48.0,25.0,125.04331970214844,48.0,99.0
2011-05-17,0.24500000476837158,19.05,73.05000305175781,48.0,3.0,12.095599174499512,48.0,100.0
2011-05-18,0.019999999552965164,19.05,73.05000305175781,48.0,1.0,3.1428005695343018,48.0,100.0
2011-05-19,0.0,19.05,73.05000305175781,48.0,0.0,2.764800786972046,48.0,100.0
2011-05-20,0.0,19.05,73.05000305175781,48.0,0.0,2.764800786972046,48.0,100.0
2011-05-21,0.0,19.05,73.05000305175781,48.0,0.0,2.764800786972046,48.0,100.0
2011-05-22,0.0,19.05,73.05000305175781,48.0,0.0,2.764800786972046,48.0,100.0
2011-05-23,0.0,19.05,73.05000305175781,48.0,0.0,2.764800786972046,48.0,100.0
2011-05-24,0.0,19.05,73.05000305175781,48.0,0.0,2.764800786972046,48.0,100.0
2011-05-25,0.0,19.05,73.05000305175781,48.0,0.0,2.764800786972046,48.0,100.0
2011-05-26,0.0,19.05,73.05000305175781,48.0,0.0,2.764800786972046,48.0,100.0
2011-05-27,0.0,19.05,73.05000305175781,48.0,0.0,2.764800786972046,48.0,100.0
2011-05-28,0.0,19.05,73.05000305175781,48.0,0.0,2.764800786972046,48.0,100.0
2011-05-29,0.0,19.05,73.05000305175781,48.0,0.0,2.764800786972046,48.0,100.0
2011-05-30,0.0,19.05,73.05000305175781,48.0,0.0,2.764800786972046,48.0,100.0
2011-05-31,0.0,19.05,73.05000305175781,48.0,0.0,2.764800786972046,48.0,100.0
2011-06-01,0.0,19.05,73.05000305175781,48.0,0.0,2.764800786972046,48.0,100.0
2011-06-02,8.825000762939453,19.05,73.05000305175781,48.0,18.0,650.3484497070312,48.0,99.0
2011-06-03,48.574989318847656,19.05,73.05000305175781,48.0,27.0,8346.65625,48.0,100.0
2011-06-04,24.829999923706055,19.05,73.05000305175781,48.0,35.0,2143.82861328125,48.0,100.0
2011-06-05,48.089996337890625,19.05,73.05000305175781,48.0,47.0,5046.26416015625,48.0,100.0
2011-06-06,20.08500099182129,19.05,73.05000305175781,48.0,34.0,1712.359619140625,48.0,99.0
2011-06-07,0.0,19.05,73.05000305175781,48.0,0.0,2.764800786972046,48.0,100.0
2011-06-08,0.8899999856948853,19.05,73.05000305175781,48.0,6.0,38.25059127807617,48.0,100.0
2011-06-09,21.860000610351562,19.05,73.05000305175781,48.0,42.0,2165.312255859375,48.0,100.0
2011-06-10,41.42499923706055,19.05,73.05000305175781,48.0,47.0,4397.27197265625,48.0,100.0
2011-06-11,135.4449920654297,19.05,73.05000305175781,48.0,38.0,25169.35546875,48.0,100.0
2011-06-12,23.639995574951172,19.05,73.05000305175781,48.0,38.0,1887.0499267578125,48.0,100.0
2011-06-13,5.570000648498535,19.05,73.05000305175781,48.0,24.0,315.34246826171875,48.0,99.0
2011-06-14,12.40999984741211,19.05,73.05000305175781,48.0,28.0,909.9083862304688,48.0,100.0
2011-06-15,17.049999237060547,19.05,73.05000305175781,48.0,32.0,1298.685791015625,48.0,100.0
2011-06-16,15.514997482299805,19.05,73.05000305175781,48.0,29.0,1249.94140625,48.0,100.0
2011-06-17,0.9399999380111694,19.05,73.05000305175781,48.0,4.0,50.705055236816406,48.0,100.0
2011-06-18,0.0,19.05,73.05000305175781,48.0,0.0,2.764800786972046,48.0,100.0
2011-06-19,0.0,19.05,73.05000305175781,48.0,0.0,2.764800786972046,48.0,100.0
2011-06-20,2.434999942779541,19.05,73.05000305175781,48.0,7.0,156.81031799316406,48.0,100.0
2011-06-21,0.23999999463558197,19.05,73.05000305175781,48.0,3.0,10.433000564575195,48.0,100.0
2011-06-22,1.4799998998641968,19.05,73.05000305175781,48.0,4.0,99.96466064453125,48.0,100.0
2011-06-23,0.0,19.05,73.05000305175781,48.0,0.0,2.764800786972046,48.0,100.0
2011-06-24,1.0500000715255737,19.05,73.05000305175781,48.0,11.0,38.60649871826172,48.0,99.0
2011-06-25,7.949999809265137,19.05,73.05000305175781,48.0,16.0,592.7908325195312,48.0,100.0
2011-06-26,6.825000286102295,19.05,73.05000305175781,48.0,24.0,441.76629638671875,48.0,99.0
2011-06-27,5.304999828338623,19.05,73.05000305175781,48.0,18.0,505.1382751464844,48.0,100.0
2011-06-28,17.915000915527344,19.05,73.05000305175781,48.0,26.0,1785.510498046875,48.0,99.0
2011-06-29,11.45000171661377,19.05,73.05000305175781,48.0,27.0,837.02197265625,48.0,99.0
2011-06-30,0.4300000071525574,19.05,73.05000305175781,48.0,5.0,16.674999237060547,48.0,100.0
2011-07-01,0.0,19.05,73.05000305175781,48.0,0.0,2.764800786972046,48.0,100.0
2011-07-02,6.559999465942383,19.05,73.05000305175781,48.0,14.0,491.5526428222656,48.0,100.0
2011-07-03,0.36500000953674316,19.05,73.05000305175781,48.0,5.0,13.735701560974121,48.0,100.0
2011-07-04,0.22499999403953552,19.05,73.05000305175781,48.0,3.0,9.528901100158691,48.0,100.0
2011-07-05,13.769998550415039,19.05,73.05000305175781,48.0,19.0,1163.857421875,48.0,100.0
2011-07-06,39.584999084472656,19.05,73.05000305175781,48.0,32.0,5632.78271484375,48.0,100.0
2011-07-07,77.3449935913086,19.05,73.05000305175781,48.0,47.0,9998.6337890625,48.0,100.0
2011-07-08,151.5500030517578,19.05,73.05000305175781,48.0,48.0,23957.19921875,48.0,100.0
2011-07-09,41.825008392333984,19.05,73.05000305175781,48.0,44.0,4670.9140625,48.0,99.0
2011-07-10,3.8499999046325684,19.05,73.05000305175781,48.0,25.0,175.6991424560547,48.0,100.0
2011-07-11,13.289999008178711,19.05,73.05000305175781,48.0,30.0,1030.1875,48.0,100.0
2011-07-12,31.679996490478516,19.05,73.05000305175781,48.0,44.0,2937.99169921875,48.0,100.0
2011-07-13,74.13499450683594,19.05,73.05000305175781,48.0,46.0,10949.1865234375,48.0,100.0
2011-07-14,81.01998138427734,19.05,73.05000305175781,48.0,48.0,14193.1298828125,48.0,100.0
2011-07-15,11.414999008178711,19.05,73.05000305175781,48.0,35.0,742.9328002929688,48.0,100.0
2011-07-16,21.06999969482422,19.05,73.05000305175781,48.0,35.0,2080.7822265625,48.0,100.0
2011-07-17,100.94001770019531,19.05,73.05000305175781,48.0,48.0,15045.8662109375,48.0,99.0
2011-07-18,80.17501068115234,19.05,73.05000305175781,48.0,45.0,11271.4921875,48.0,99.0
2011-07-19,42.619998931884766,19.05,73.05000305175781,48.0,44.0,4366.04296875,48.0,100.0
2011-07-20,11.480000495910645,19.05,73.05000305175781,48.0,30.0,1002.6823120117188,48.0,99.0
2011-07-21,8.19999885559082,19.05,73.05000305175781,48.0,20.0,963.394775390625,48.0,100.0
2011-07-22,5.854999542236328,19.05,73.05000305175781,48.0,14.0,429.73345947265625,48.0,100.0
2011-07-23,1.4700000286102295,19.05,73.05000305175781,48.0,2.0,138.45469665527344,48.0,100.0
2011-07-24,0.1249999925494194,19.05,73.05000305175781,48.0,5.0,5.718700885772705,48.0,100.0
2011-07-25,8.989999771118164,19.05,73.05000305175781,48.0,28.0,552.5439453125,48.0,100.0
2011-07-26,9.760000228881836,19.05,73.05000305175781,48.0,33.0,604.3795166015625,48.0,100.0
2011-07-27,16.440000534057617,19.05,73.05000305175781,48.0,35.0,1303.1146240234375,48.0,100.0
2011-07-28,53.014991760253906,19.05,73.05000305175781,48.0,43.0,6924.3740234375,48.0,100.0
2011-07-29,145.2449951171875,19.05,73.05000305175781,48.0,48.0,29865.501953125,48.0,100.0
2011-07-30,52.67000198364258,19.05,73.05000305175781,48.0,47.0,5000.7783203125,48.0,100.0
2011-07-31,33.804996490478516,19.05,73.05000305175781,48.0,43.0,2862.152587890625,48.0,100.0
2011-08-01,10.180000305175781,19.05,73.05000305175781,48.0,28.0,661.1362915039062,48.0,100.0
2011-08-02,10.339999198913574,19.05,73.05000305175781,48.0,44.0,497.087890625,48.0,100.0
2011-08-03,9.104998588562012,19.05,73.05000305175781,48.0,35.0,512.2521362304688,48.0,100.0
2011-08-04,11.880000114440918,19.05,73.05000305175781,48.0,45.0,796.6531982421875,48.0,100.0
2011-08-05,2.5200002193450928,19.05,73.05000305175781,48.0,24.0,100.01380920410156,48.0,99.0
2011-08-06,1.5149998664855957,19.05,73.05000305175781,48.0,10.0,80.12391662597656,48.0,100.0
2011-08-07,1.119999885559082,19.05,73.05000305175781,48.0,10.0,47.68838119506836,48.0,100.0
2011-08-08,2.2549996376037598,19.05,73.05000305175781,48.0,26.0,90.1266860961914,48.0,100.0
2011-08-09,2.0450003147125244,19.05,73.05000305175781,48.0,24.0,84.92182159423828,48.0,99.0
2011-08-10,0.0,19.05,73.05000305175781,48.0,0.0,2.764800786972046,48.0,100.0
2011-08-11,0.28999999165534973,19.05,73.05000305175781,48.0,7.0,10.269500732421875,48.0,100.0
2011-08-12,11.829999923706055,19.05,73.05000305175781,48.0,31.0,899.5679931640625,48.0,100.0
2011-08-13,6.90000057220459,19.05,73.05000305175781,48.0,39.0,340.06414794921875,48.0,99.0
2011-08-14,3.5950002670288086,19.05,73.05000305175781,48.0,17.0,285.30126953125,48.0,100.0
2011-08-15,0.7899999618530273,19.05,73.05000305175781,48.0,2.0,51.89209747314453,48.0,100.0
2011-08-16,1.9549999237060547,19.05,73.05000305175781,48.0,12.0,106.53209686279297,48.0,100.0
2011-08-17,0.8049999475479126,19.05,73.05000305175781,48.0,8.0,43.895992279052734,48.0,100.0
2011-08-18,20.729995727539062,19.05,73.05000305175781,48.0,31.0,1880.91162109375,48.0,100.0
2011-08-19,4.755000114440918,19.05,73.05000305175781,48.0,11.0,392.6566467285156,48.0,100.0
2011-08-20,5.229999542236328,19.05,73.05000305175781,48.0,9.0,466.25872802734375,48.0,100.0
2011-08-21,16.555002212524414,19.05,73.05000305175781,48.0,41.0,1293.86083984375,48.0,99.0
2011-08-22,4.860000133514404,19.05,73.05000305175781,48.0,28.0,254.29962158203125,48.0,100.0
2011-08-23,28.890003204345703,19.05,73.05000305175781,48.0,35.0,2837.179443359375,48.0,99.0
2011-08-24,8.245001792907715,19.05,73.05000305175781,48.0,42.0,388.5420227050781,48.0,99.0
2011-08-25,46.189998626708984,19.05,73.05000305175781,48.0,48.0,4991.23876953125,48.0,100.0
2011-08-26,47.81999969482422,19.05,73.05000305175781,48.0,39.0,5131.95703125,48.0,100.0
2011-08-27,86.0250015258789,19.05,73.05000305175781,48.0,46.0,10732.1015625,48.0,100.0
2011-08-28,167.80499267578125,19.05,73.05000305175781,48.0,47.0,29658.919921875,48.0,100.0
2011-08-29,116.83999633789062,19.05,73.05000305175781,48.0,48.0,17854.62890625,48.0,100.0
2011-08-30,4.5149993896484375,19.05,73.05000305175781,48.0,22.0,271.01446533203125,48.0,100.0
2011-08-31,5.695000171661377,19.05,73.05000305175781,48.0,27.0,321.3888244628906,48.0,100.0
2011-09-01,35.284996032714844,19.05,73.05000305175781,48.0,46.0,3218.871337890625,48.0,100.0
2011-09-02,33.659996032714844,19.05,73.05000305175781,48.0,38.0,3665.565673828125,48.0,100.0
2011-09-03,125.66499328613281,19.05,73.05000305175781,48.0,48.0,20759.490234375,48.0,100.0
2011-09-04,19.184999465942383,19.05,73.05000305175781,48.0,35.0,1624.1075439453125,48.0,100.0
2011-09-05,3.8550000190734863,19.05,73.05000305175781,48.0,28.0,156.82644653320312,48.0,100.0
2011-09-06,17.479999542236328,19.05,73.05000305175781,48.0,36.0,1350.256103515625,48.0,100.0
2011-09-07,0.3399999737739563,19.05,73.05000305175781,48.0,3.0,14.791400909423828,48.0,100.0
2011-09-08,0.0,19.05,73.05000305175781,48.0,0.0,2.764800786972046,48.0,100.0
2011-09-09,0.07000000029802322,19.05,73.05000305175781,48.0,3.0,4.241800308227539,48.0,100.0
2011-09-10,4.805000305175781,19.05,73.05000305175781,48.0,7.0,502.65185546875,48.0,99.0
2011-09-11,6.275000095367432,19.05,73.05000305175781,48.0,27.0,354.26690673828125,48.0,100.0
2011-09-12,0.6850000023841858,19.05,73.05000305175781,48.0,11.0,25.033597946166992,48.0,100.0
2011-09-13,0.11999999731779099,19.05,73.05000305175781,48.0,4.0,5.673800945281982,48.0,100.0
2011-09-14,5.969999313354492,19.05,73.05000305175781,48.0,21.0,429.9659118652344,48.0,100.0
2011-09-15,57.91999816894531,19.05,73.05000305175781,48.0,41.0,6779.521484375,48.0,100.0
2011-09-16,0.9899999499320984,19.05,73.05000305175781,48.0,7.0,39.48623275756836,48.0,100.0
2011-09-17,0.47999995946884155,19.05,73.05000305175781,48.0,6.0,18.5221004486084,48.0,100.0
2011-09-18,0.0,19.05,73.05000305175781,48.0,0.0,2.764800786972046,48.0,100.0
2011-09-19,0.0,19.05,73.05000305175781,48.0,0.0,2.764800786972046,48.0,100.0
2011-09-20,0.8200000524520874,19.05,73.05000305175781,48.0,9.0,31.071199417114258,48.0,100.0
2011-09-21,0.6849998831748962,19.05,73.05000305175781,48.0,6.0,34.15074157714844,48.0,100.0
2011-09-22,0.0,19.05,73.05000305175781,48.0,0.0,2.764800786972046,48.0,100.0
2011-09-23,0.03999999910593033,19.05,73.05000305175781,48.0,1.0,3.707200765609741,48.0,100.0
2011-09-24,0.0,19.05,73.05000305175781,48.0,0.0,2.764800786972046,48.0,100.0
2011-09-25,0.0,19.05,73.05000305175781,48.0,0.0,2.764800786972046,48.0,100.0
2011-09-26,0.0,19.05,73.05000305175781,48.0,0.0,2.764800786972046,48.0,100.0
2011-09-27,0.0,19.05,73.05000305175781,48.0,0.0,2.764800786972046,48.0,100.0
2011-09-28,0.0,19.05,73.05000305175781,48.0,0.0,2.764800786972046,48.0,100.0
2011-09-29,0.0,19.05,73.05000305175781,48.0,0.0,2.764800786972046,48.0,100.0
2011-09-30,3.2099997997283936,19.05,73.05000305175781,48.0,6.0,216.36294555664062,48.0,100.0
2011-10-01,2.5799996852874756,19.05,73.05000305175781,48.0,6.0,167.69061279296875,48.0,100.0
2011-10-02,0.0,19.05,73.05000305175781,48.0,0.0,2.764800786972046,48.0,100.0
2011-10-03,0.0,19.05,73.05000305175781,48.0,0.0,2.764800786972046,48.0,100.0
2011-10-04,0.22499999403953552,19.05,73.05000305175781,48.0,2.0,10.377700805664062,48.0,100.0
2011-10-05,7.124999046325684,19.05,73.05000305175781,48.0,11.0,586.4656372070312,48.0,100.0
2011-10-06,0.17499999701976776,19.05,73.05000305175781,48.0,1.0,9.51930046081543,48.0,100.0
2011-10-07,1.1349999904632568,19.05,73.05000305175781,48.0,5.0,52.06989288330078,48.0,100.0
2011-10-08,0.0,19.05,73.05000305175781,48.0,0.0,2.764800786972046,48.0,100.0
2011-10-09,0.0,19.05,73.05000305175781,48.0,0.0,2.764800786972046,48.0,100.0
2011-10-10,0.0,19.05,73.05000305175781,48.0,0.0,2.764800786972046,48.0,100.0
2011-10-11,13.515000343322754,19.05,73.05000305175781,48.0,19.0,1082.892822265625,48.0,100.0
2011-10-12,45.58000183105469,19.05,73.05000305175781,48.0,32.0,7800.419921875,48.0,99.0
2011-10-13,11.089999198913574,19.05,73.05000305175781,48.0,21.0,838.77490234375,48.0,100.0
2011-10-14,23.394996643066406,19.05,73.05000305175781,48.0,18.0,2650.098388671875,48.0,100.0
2011-10-15,12.069997787475586,19.05,73.05000305175781,48.0,27.0,866.46044921875,48.0,100.0
2011-10-16,28.910001754760742,19.05,73.05000305175781,48.0,12.0,4618.75927734375,48.0,99.0
2011-10-17,0.8350000381469727,19.05,73.05000305175781,48.0,3.0,46.495758056640625,48.0,100.0
2011-10-18,0.0,19.05,73.05000305175781,48.0,0.0,2.764800786972046,48.0,100.0
2011-10-19,0.0,19.05,73.05000305175781,48.0,0.0,2.764800786972046,48.0,100.0
2011-10-20,0.0,19.05,73.05000305175781,48.0,0.0,2.764800786972046,48.0,100.0
2011-10-21,0.0,19.05,73.05000305175781,48.0,0.0,2.764800786972046,48.0,100.0
2011-10-22,0.0,19.05,73.05000305175781,48.0,0.0,2.764800786972046,48.0,100.0
2011-10-23,0.0,19.05,73.05000305175781,48.0,0.0,2.764800786972046,48.0,100.0
2011-10-24,0.0,19.05,73.05000305175781,48.0,0.0,2.764800786972046,48.0,100.0
2011-10-25,0.0,19.05,73.05000305175781,48.0,0.0,2.764800786972046,48.0,100.0
2011-10-26,0.0,19.05,73.05000305175781,48.0,0.0,2.764800786972046,48.0,100.0
2011-10-27,0.0,19.05,73.05000305175781,48.0,0.0,2.764800786972046,48.0,100.0
2011-10-28,0.054999999701976776,19.05,73.05000305175781,48.0,1.0,4.2201008796691895,48.0,100.0
2011-10-29,0.0,19.05,73.05000305175781,48.0,0.0,2.764800786972046,48.0,100.0
2011-10-30,0.0,19.05,73.05000305175781,48.0,0.0,2.764800786972046,48.0,100.0
2011-10-31,0.0,19.05,73.05000305175781,48.0,0.0,2.764800786972046,48.0,100.0
2011-11-01,0.0,19.05,73.05000305175781,48.0,0.0,2.764800786972046,48.0,100.0
2011-11-02,0.0,19.05,73.05000305175781,48.0,0.0,2.764800786972046,48.0,100.0
2011-11-03,0.0,19.05,73.05000305175781,48.0,0.0,2.764800786972046,48.0,100.0
2011-11-04,0.0,19.05,73.05000305175781,48.0,0.0,2.764800786972046,48.0,100.0
2011-11-05,0.0,19.05,73.05000305175781,48.0,0.0,2.764800786972046,48.0,100.0
2011-11-06,0.0,19.05,73.05000305175781,48.0,0.0,2.764800786972046,48.0,100.0
2011-11-07,0.0,19.05,73.05000305175781,48.0,0.0,2.764800786972046,48.0,100.0
2011-11-08,0.0,19.05,73.05000305175781,48.0,0.0,2.764800786972046,48.0,100.0
2011-11-09,0.0,19.05,73.05000305175781,48.0,0.0,2.764800786972046,48.0,100.0
2011-11-10,0.0,19.05,73.05000305175781,48.0,0.0,2.764800786972046,48.0,100.0
2011-11-11,0.0,19.05,73.05000305175781,48.0,0.0,2.764800786972046,48.0,100.0
2011-11-12,0.0,19.05,73.05000305175781,48.0,0.0,2.764800786972046,48.0,100.0
2011-11-13,0.0,19.05,73.05000305175781,48.0,0.0,2.764800786972046,48.0,100.0
2011-11-14,0.0,19.05,73.05000305175781,48.0,0.0,2.764800786972046,48.0,100.0
2011-11-15,0.0,19.05,73.05000305175781,48.0,0.0,2.764800786972046,48.0,100.0
2011-11-16,0.0,19.05,73.05000305175781,48.0,0.0,2.764800786972046,48.0,100.0
2011-11-17,0.0,19.05,73.05000305175781,48.0,0.0,2.764800786972046,48.0,100.0
2011-11-18,0.0,19.05,73.05000305175781,48.0,0.0,2.764800786972046,48.0,100.0
2011-11-19,0.0,19.05,73.05000305175781,48.0,0.0,2.764800786972046,48.0,100.0
2011-11-20,0.0,19.05,73.05000305175781,48.0,0.0,2.764800786972046,48.0,100.0
2011-11-21,0.0,19.05,73.05000305175781,48.0,0.0,2.764800786972046,48.0,100.0
2011-11-22,0.0,19.05,73.05000305175781,48.0,0.0,2.764800786972046,48.0,100.0
2011-11-23,0.0,19.05,73.05000305175781,48.0,0.0,2.764800786972046,48.0,100.0
2011-11-24,0.0,19.05,73.05000305175781,48.0,0.0,2.764800786972046,48.0,100.0
2011-11-25,0.0,19.05,73.05000305175781,48.0,0.0,2.764800786972046,48.0,100.0
2011-11-26,0.0,19.05,73.05000305175781,48.0,0.0,2.764800786972046,48.0,100.0
2011-11-27,0.0,19.05,73.05000305175781,48.0,0.0,2.764800786972046,48.0,100.0
2011-11-28,0.0,19.05,73.05000305175781,48.0,0.0,2.764800786972046,48.0,100.0
2011-11-29,0.0,19.05,73.05000305175781,48.0,0.0,2.764800786972046,48.0,100.0
2011-11-30,0.0,19.05,73.05000305175781,48.0,0.0,2.764800786972046,48.0,100.0
2011-12-01,0.0,19.05,73.05000305175781,48.0,0.0,2.764800786972046,48.0,100.0
2011-12-02,0.0,19.05,73.05000305175781,48.0,0.0,2.764800786972046,48.0,100.0
2011-12-03,0.0,19.05,73.05000305175781,48.0,0.0,2.764800786972046,48.0,100.0
2011-12-04,0.0,19.05,73.05000305175781,48.0,0.0,2.764800786972046,48.0,100.0
2011-12-05,0.0,19.05,73.05000305175781,48.0,0.0,2.764800786972046,48.0,100.0
2011-12-06,0.0,19.05,73.05000305175781,48.0,0.0,2.764800786972046,48.0,100.0
2011-12-07,0.0,19.05,73.05000305175781,48.0,0.0,2.764800786972046,48.0,100.0
2011-12-08,0.0,19.05,73.05000305175781,48.0,0.0,2.764800786972046,48.0,100.0
2011-12-09,0.0,19.05,73.05000305175781,48.0,0.0,2.764800786972046,48.0,100.0
2011-12-10,0.0,19.05,73.05000305175781,48.0,0.0,2.764800786972046,48.0,100.0
2011-12-11,0.0,19.05,73.05000305175781,48.0,0.0,2.764800786972046,48.0,100.0
2011-12-12,0.0,19.05,73.05000305175781,48.0,0.0,2.764800786972046,48.0,100.0
2011-12-13,0.0,19.05,73.05000305175781,48.0,0.0,2.764800786972046,48.0,100.0
2011-12-14,0.0,19.05,73.05000305175781,48.0,0.0,2.764800786972046,48.0,100.0
2011-12-15,0.0,19.05,73.05000305175781,48.0,0.0,2.764800786972046,48.0,100.0
2011-12-16,0.0,19.05,73.05000305175781,48.0,0.0,2.764800786972046,48.0,100.0
2011-12-17,0.0,19.05,73.05000305175781,48.0,0.0,2.764800786972046,48.0,100.0
2011-12-18,0.0,19.05,73.05000305175781,48.0,0.0,2.764800786972046,48.0,100.0
2011-12-19,0.0,19.05,73.05000305175781,48.0,0.0,2.764800786972046,48.0,100.0
2011-12-20,0.0,19.05,73.05000305175781,48.0,0.0,2.764800786972046,48.0,100.0
2011-12-21,0.0,19.05,73.05000305175781,48.0,0.0,2.764800786972046,48.0,100.0
2011-12-22,0.0,19.05,73.05000305175781,48.0,0.0,2.764800786972046,48.0,100.0
2011-12-23,0.0,19.05,73.05000305175781,48.0,0.0,2.764800786972046,48.0,100.0
2011-12-24,0.0,19.05,73.05000305175781,48.0,0.0,2.764800786972046,48.0,100.0
2011-12-25,0.0,19.05,73.05000305175781,48.0,0.0,2.764800786972046,48.0,100.0
2011-12-26,0.0,19.05,73.05000305175781,48.0,0.0,2.764800786972046,48.0,100.0
2011-12-27,0.0,19.05,73.05000305175781,48.0,0.0,2.764800786972046,48.0,100.0
2011-12-28,0.0,19.05,73.05000305175781,48.0,0.0,2.764800786972046,48.0,100.0
2011-12-29,0.0,19.05,73.05000305175781,48.0,0.0,2.764800786972046,48.0,100.0
2011-12-30,0.0,19.05,73.05000305175781,48.0,0.0,2.764800786972046,48.0,100.0
2011-12-31,0.0,19.05,73.05000305175781,48.0,0.0,2.764800786972046,48.0,100.0
2012-01-01,0.0,19.05,73.05000305175781,48.0,0.0,2.764800786972046,48.0,100.0
2012-01-02,0.0,19.05,73.05000305175781,48.0,0.0,2.764800786972046,48.0,100.0
2012-01-03,0.0,19.05,73.05000305175781,48.0,0.0,2.764800786972046,48.0,100.0
2012-01-04,0.0,19.05,73.05000305175781,48.0,0.0,2.764800786972046,48.0,100.0
2012-01-05,0.0,19.05,73.05000305175781,48.0,0.0,2.764800786972046,48.0,100.0
2012-01-06,0.0,19.05,73.05000305175781,48.0,0.0,2.764800786972046,48.0,100.0
2012-01-07,0.0,19.05,73.05000305175781,48.0,0.0,2.764800786972046,48.0,100.0
2012-01-08,0.0,19.05,73.05000305175781,48.0,0.0,2.764800786972046,48.0,100.0
2012-01-09,0.0,19.05,73.05000305175781,48.0,0.0,2.764800786972046,48.0,100.0
2012-01-10,0.0,19.05,73.05000305175781,48.0,0.0,2.764800786972046,48.0,100.0
2012-01-11,0.0,19.05,73.05000305175781,48.0,0.0,2.764800786972046,48.0,100.0
2012-01-12,0.0,19.05,73.05000305175781,48.0,0.0,2.764800786972046,48.0,100.0
2012-01-13,0.0,19.05,73.05000305175781,48.0,0.0,2.764800786972046,48.0,100.0
2012-01-14,0.0,19.05,73.05000305175781,48.0,0.0,2.764800786972046,48.0,100.0
2012-01-15,0.0,19.05,73.05000305175781,48.0,0.0,2.764800786972046,48.0,100.0
2012-01-16,0.0,19.05,73.05000305175781,48.0,0.0,2.764800786972046,48.0,100.0
2012-01-17,0.0,19.05,73.05000305175781,48.0,0.0,2.764800786972046,48.0,100.0
2012-01-18,0.0,19.05,73.05000305175781,48.0,0.0,2.764800786972046,48.0,100.0
2012-01-19,0.0,19.05,73.05000305175781,48.0,0.0,2.764800786972046,48.0,100.0
2012-01-20,0.0,19.05,73.05000305175781,48.0,0.0,2.764800786972046,48.0,100.0
2012-01-21,0.0,19.05,73.05000305175781,48.0,0.0,2.764800786972046,48.0,100.0
2012-01-22,0.0,19.05,73.05000305175781,48.0,0.0,2.764800786972046,48.0,100.0
2012-01-23,0.0,19.05,73.05000305175781,48.0,0.0,2.764800786972046,48.0,100.0
2012-01-24,0.0,19.05,73.05000305175781,48.0,0.0,2.764800786972046,48.0,100.0
2012-01-25,0.0,19.05,73.05000305175781,48.0,0.0,2.764800786972046,48.0,100.0
2012-01-26,0.0,19.05,73.05000305175781,48.0,0.0,2.764800786972046,48.0,100.0
2012-01-27,0.0,19.05,73.05000305175781,48.0,0.0,2.764800786972046,48.0,100.0
2012-01-28,0.0,19.05,73.05000305175781,48.0,0.0,2.764800786972046,48.0,100.0
2012-01-29,0.0,19.05,73.05000305175781,48.0,0.0,2.764800786972046,48.0,100.0
2012-01-30,0.0,19.05,73.05000305175781,48.0,0.0,2.764800786972046,48.0,100.0
2012-01-31,0.0,19.05,73.05000305175781,48.0,0.0,2.764800786972046,48.0,100.0
2012-02-01,0.0,19.05,73.05000305175781,48.0,0.0,2.764800786972046,48.0,100.0
2012-02-02,0.0,19.05,73.05000305175781,48.0,0.0,2.764800786972046,48.0,100.0
2012-02-03,0.0,19.05,73.05000305175781,48.0,0.0,2.764800786972046,48.0,100.0
2012-02-04,0.0,19.05,73.05000305175781,48.0,0.0,2.764800786972046,48.0,100.0
2012-02-05,0.0,19.05,73.05000305175781,48.0,0.0,2.764800786972046,48.0,100.0
2012-02-06,0.0,19.05,73.05000305175781,48.0,0.0,2.764800786972046,48.0,100.0
2012-02-07,0.0,19.05,73.05000305175781,48.0,0.0,2.764800786972046,48.0,100.0
2012-02-08,0.0,19.05,73.05000305175781,48.0,0.0,2.764800786972046,48.0,100.0
2012-02-09,0.0,19.05,73.05000305175781,48.0,0.0,2.764800786972046,48.0,100.0
2012-02-10,0.0,19.05,73.05000305175781,48.0,0.0,2.764800786972046,48.0,100.0
2012-02-11,0.0,19.05,73.05000305175781,48.0,0.0,2.764800786972046,48.0,100.0
2012-02-12,0.0,19.05,73.05000305175781,48.0,0.0,2.764800786972046,48.0,100.0
2012-02-13,0.0,19.05,73.05000305175781,48.0,0.0,2.764800786972046,48.0,100.0
2012-02-14,0.0,19.05,73.05000305175781,48.0,0.0,2.764800786972046,48.0,100.0
2012-02-15,0.0,19.05,73.05000305175781,48.0,0.0,2.764800786972046,48.0,100.0
2012-02-16,0.0,19.05,73.05000305175781,48.0,0.0,2.764800786972046,48.0,100.0
2012-02-17,0.0,19.05,73.05000305175781,48.0,0.0,2.764800786972046,48.0,100.0
2012-02-18,0.0,19.05,73.05000305175781,48.0,0.0,2.764800786972046,48.0,100.0
2012-02-19,0.0,19.05,73.05000305175781,48.0,0.0,2.764800786972046,48.0,100.0
2012-02-20,0.0,19.05,73.05000305175781,48.0,0.0,2.764800786972046,48.0,100.0
2012-02-21,0.0,19.05,73.05000305175781,48.0,0.0,2.764800786972046,48.0,100.0
2012-02-22,0.0,19.05,73.05000305175781,48.0,0.0,2.764800786972046,48.0,100.0
2012-02-23,0.0,19.05,73.05000305175781,48.0,0.0,2.764800786972046,48.0,100.0
2012-02-24,0.0,19.05,73.05000305175781,48.0,0.0,2.764800786972046,48.0,100.0
2012-02-25,0.0,19.05,73.05000305175781,48.0,0.0,2.764800786972046,48.0,100.0
2012-02-26,0.0,19.05,73.05000305175781,48.0,0.0,2.764800786972046,48.0,100.0
2012-02-27,0.0,19.05,73.05000305175781,48.0,0.0,2.764800786972046,48.0,100.0
2012-02-28,0.0,19.05,73.05000305175781,48.0,0.0,2.764800786972046,48.0,100.0
2012-02-29,0.0,19.05,73.05000305175781,48.0,0.0,2.764800786972046,48.0,100.0
2012-03-01,0.0,19.05,73.05000305175781,48.0,0.0,2.764800786972046,48.0,100.0
2012-03-02,0.0,19.05,73.05000305175781,48.0,0.0,2.764800786972046,48.0,100.0
2012-03-03,0.0,19.05,73.05000305175781,48.0,0.0,2.764800786972046,48.0,100.0
2012-03-04,0.0,19.05,73.05000305175781,48.0,0.0,2.764800786972046,48.0,100.0
2012-03-05,0.0,19.05,73.05000305175781,48.0,0.0,2.764800786972046,48.0,100.0
2012-03-06,0.0,19.05,73.05000305175781,48.0,0.0,2.764800786972046,48.0,100.0
2012-03-07,0.0,19.05,73.05000305175781,48.0,0.0,2.764800786972046,48.0,100.0
2012-03-08,0.0,19.05,73.05000305175781,48.0,0.0,2.764800786972046,48.0,100.0
2012-03-09,0.0,19.05,73.05000305175781,48.0,0.0,2.764800786972046,48.0,100.0
2012-03-10,0.0,19.05,73.05000305175781,48.0,0.0,2.764800786972046,48.0,100.0
2012-03-11,0.0,19.05,73.05000305175781,48.0,0.0,2.764800786972046,48.0,100.0
2012-03-12,0.0,19.05,73.05000305175781,48.0,0.0,2.764800786972046,48.0,100.0
2012-03-13,0.0,19.05,73.05000305175781,48.0,0.0,2.764800786972046,48.0,100.0
2012-03-14,0.0,19.05,73.05000305175781,48.0,0.0,2.764800786972046,48.0,100.0
2012-03-15,0.0,19.05,73.05000305175781,48.0,0.0,2.764800786972046,48.0,100.0
2012-03-16,0.0,19.05,73.05000305175781,48.0,0.0,2.764800786972046,48.0,100.0
2012-03-17,0.0,19.05,73.05000305175781,48.0,0.0,2.764800786972046,48.0,100.0
2012-03-18,0.0,19.05,73.05000305175781,48.0,0.0,2.764800786972046,48.0,100.0
2012-03-19,0.0,19.05,73.05000305175781,48.0,0.0,2.764800786972046,48.0,100.0
2012-03-20,0.0,19.05,73.05000305175781,48.0,0.0,2.764800786972046,48.0,100.0
2012-03-21,0.0,19.05,73.05000305175781,48.0,0.0,2.764800786972046,48.0,100.0
2012-03-22,0.0,19.05,73.05000305175781,48.0,0.0,2.764800786972046,48.0,100.0
2012-03-23,0.0,19.05,73.05000305175781,48.0,0.0,2.764800786972046,48.0,100.0
2012-03-24,0.0,19.05,73.05000305175781,48.0,0.0,2.764800786972046,48.0,100.0
2012-03-25,0.0,19.05,73.05000305175781,48.0,0.0,2.764800786972046,48.0,100.0
2012-03-26,0.0,19.05,73.05000305175781,48.0,0.0,2.764800786972046,48.0,100.0
2012-03-27,0.0,19.05,73.05000305175781,48.0,0.0,2.764800786972046,48.0,100.0
2012-03-28,0.0,19.05,73.05000305175781,48.0,0.0,2.764800786972046,48.0,100.0
2012-03-29,0.0,19.05,73.05000305175781,48.0,0.0,2.764800786972046,48.0,100.0
2012-03-30,0.0,19.05,73.05000305175781,48.0,0.0,2.764800786972046,48.0,100.0
2012-03-31,0.0,19.05,73.05000305175781,48.0,0.0,2.764800786972046,48.0,100.0
2012-04-01,0.0,19.05,73.05000305175781,48.0,0.0,2.764800786972046,48.0,100.0
2012-04-02,0.0,19.05,73.05000305175781,48.0,0.0,2.764800786972046,48.0,100.0
2012-04-03,0.0,19.05,73.05000305175781,48.0,0.0,2.764800786972046,48.0,100.0
2012-04-04,0.0,19.05,73.05000305175781,48.0,0.0,2.764800786972046,48.0,100.0
2012-04-05,0.0,19.05,73.05000305175781,48.0,0.0,2.764800786972046,48.0,100.0
2012-04-06,0.0,19.05,73.05000305175781,48.0,0.0,2.764800786972046,48.0,100.0
2012-04-07,0.0,19.05,73.05000305175781,48.0,0.0,2.764800786972046,48.0,100.0
2012-04-08,0.0,19.05,73.05000305175781,48.0,0.0,2.764800786972046,48.0,100.0
2012-04-09,0.0,19.05,73.05000305175781,48.0,0.0,2.764800786972046,48.0,100.0
2012-04-10,0.0,19.05,73.05000305175781,48.0,0.0,2.764800786972046,48.0,100.0
2012-04-11,0.0,19.05,73.05000305175781,48.0,0.0,2.764800786972046,48.0,100.0
2012-04-12,0.0,19.05,73.05000305175781,48.0,0.0,2.7856006622314453,48.0,100.0
2012-04-13,0.0,19.05,73.05000305175781,48.0,0.0,2.764800786972046,48.0,100.0
2012-04-14,0.0,19.05,73.05000305175781,48.0,0.0,2.764800786972046,48.0,100.0
2012-04-15,0.0,19.05,73.05000305175781,48.0,0.0,2.764800786972046,48.0,100.0
2012-04-16,0.0,19.05,73.05000305175781,48.0,0.0,2.764800786972046,48.0,100.0
2012-04-17,0.0,19.05,73.05000305175781,48.0,0.0,2.764800786972046,48.0,100.0
2012-04-18,1.0099999904632568,19.05,73.05000305175781,48.0,4.0,61.49237823486328,48.0,100.0
2012-04-19,0.22999998927116394,19.05,73.05000305175781,48.0,4.0,10.006600379943848,48.0,100.0
2012-04-20,0.0,19.05,73.05000305175781,48.0,0.0,2.764800786972046,48.0,100.0
2012-04-21,0.0,19.05,73.05000305175781,48.0,0.0,2.764800786972046,48.0,100.0
2012-04-22,0.0,19.05,73.05000305175781,48.0,0.0,2.764800786972046,48.0,100.0
2012-04-23,0.0,19.05,73.05000305175781,48.0,0.0,2.764800786972046,48.0,100.0
2012-04-24,0.0,19.05,73.05000305175781,48.0,0.0,2.764800786972046,48.0,100.0
2012-04-25,0.0,19.05,73.05000305175781,48.0,0.0,2.764800786972046,48.0,100.0
2012-04-26,0.0,19.05,73.05000305175781,48.0,0.0,2.764800786972046,48.0,100.0
2012-04-27,0.0,19.05,73.05000305175781,48.0,0.0,2.764800786972046,48.0,100.0
2012-04-28,0.0,19.05,73.05000305175781,48.0,0.0,2.764800786972046,48.0,100.0
2012-04-29,0.0,19.05,73.05000305175781,48.0,0.0,2.764800786972046,48.0,100.0
2012-04-30,0.0,19.05,73.05000305175781,48.0,0.0,2.764800786972046,48.0,100.0
2012-05-01,0.0,19.05,73.05000305175781,48.0,0.0,2.764800786972046,48.0,100.0
2012-05-02,0.0,19.05,73.05000305175781,48.0,0.0,2.764800786972046,48.0,100.0
2012-05-03,0.0,19.05,73.05000305175781,48.0,0.0,2.764800786972046,48.0,100.0
2012-05-04,0.0,19.05,73.05000305175781,48.0,0.0,2.764800786972046,48.0,100.0
2012-05-05,0.0,19.05,73.05000305175781,48.0,0.0,2.764800786972046,48.0,100.0
2012-05-06,0.0,19.05,73.05000305175781,48.0,0.0,2.764800786972046,48.0,100.0
2012-05-07,0.0,19.05,73.05000305175781,48.0,0.0,2.764800786972046,48.0,100.0
2012-05-08,0.0,19.05,73.05000305175781,48.0,0.0,2.764800786972046,48.0,100.0
2012-05-09,0.0,19.05,73.05000305175781,48.0,0.0,2.764800786972046,48.0,100.0
2012-05-10,0.0,19.05,73.05000305175781,48.0,0.0,2.764800786972046,48.0,100.0
2012-05-11,0.0,19.05,73.05000305175781,48.0,0.0,2.764800786972046,48.0,100.0
2012-05-12,0.0,19.05,73.05000305175781,48.0,0.0,2.764800786972046,48.0,100.0
2012-05-13,0.0,19.05,73.05000305175781,48.0,0.0,2.764800786972046,48.0,100.0
2012-05-14,0.0,19.05,73.05000305175781,48.0,0.0,2.764800786972046,48.0,100.0
2012-05-15,0.0,19.05,73.05000305175781,48.0,0.0,2.764800786972046,48.0,100.0
2012-05-16,0.0,19.05,73.05000305175781,48.0,0.0,2.764800786972046,48.0,100.0
2012-05-17,0.0,19.05,73.05000305175781,48.0,0.0,2.764800786972046,48.0,100.0
2012-05-18,0.0,19.05,73.05000305175781,48.0,0.0,2.764800786972046,48.0,100.0
2012-05-19,0.0,19.05,73.05000305175781,48.0,0.0,2.764800786972046,48.0,100.0
2012-05-20,0.0,19.05,73.05000305175781,48.0,0.0,2.764800786972046,48.0,100.0
2012-05-21,0.0,19.05,73.05000305175781,48.0,0.0,2.764800786972046,48.0,100.0
2012-05-22,0.0,19.05,73.05000305175781,48.0,0.0,2.764800786972046,48.0,100.0
2012-05-23,0.0,19.05,73.05000305175781,48.0,0.0,2.764800786972046,48.0,100.0
2012-05-24,0.0,19.05,73.05000305175781,48.0,0.0,2.764800786972046,48.0,100.0
2012-05-25,0.0,19.05,73.05000305175781,48.0,0.0,2.764800786972046,48.0,100.0
2012-05-26,0.0,19.05,73.05000305175781,48.0,0.0,2.764800786972046,48.0,100.0
2012-05-27,0.0,19.05,73.05000305175781,48.0,0.0,2.764800786972046,48.0,100.0
2012-05-28,0.0,19.05,73.05000305175781,48.0,0.0,2.764800786972046,48.0,100.0
2012-05-29,0.0,19.05,73.05000305175781,48.0,0.0,2.764800786972046,48.0,100.0
2012-05-30,0.0,19.05,73.05000305175781,48.0,0.0,2.764800786972046,48.0,100.0
2012-05-31,0.0,19.05,73.05000305175781,48.0,0.0,2.764800786972046,48.0,100.0
2012-06-01,0.0,19.05,73.05000305175781,48.0,0.0,2.764800786972046,48.0,100.0
2012-06-02,0.0,19.05,73.05000305175781,48.0,0.0,2.764800786972046,48.0,100.0
2012-06-03,0.0,19.05,73.05000305175781,48.0,0.0,2.764800786972046,48.0,100.0
2012-06-04,0.0,19.05,73.05000305175781,48.0,0.0,2.764800786972046,48.0,100.0
2012-06-05,5.170000076293945,19.05,73.05000305175781,48.0,14.0,322.489990234375,48.0,100.0
2012-06-06,7.909998893737793,19.05,73.05000305175781,48.0,22.0,481.9439697265625,48.0,100.0
2012-06-07,2.4049999713897705,19.05,73.05000305175781,48.0,6.0,159.43724060058594,48.0,100.0
2012-06-08,4.254999160766602,19.05,73.05000305175781,48.0,17.0,216.7943572998047,48.0,100.0
2012-06-09,5.374999523162842,19.05,73.05000305175781,48.0,10.0,412.3160095214844,48.0,100.0
2012-06-10,10.3149995803833,19.05,73.05000305175781,48.0,25.0,765.2078247070312,48.0,100.0
2012-06-11,0.0,19.05,73.05000305175781,48.0,0.0,2.764800786972046,48.0,100.0
2012-06-12,1.3899999856948853,19.05,73.05000305175781,48.0,7.0,67.85011291503906,48.0,100.0
2012-06-13,0.6499999761581421,19.05,73.05000305175781,48.0,7.0,24.09229850769043,48.0,100.0
2012-06-14,0.6349999904632568,19.05,73.05000305175781,48.0,8.0,27.479997634887695,48.0,100.0
2012-06-15,2.799999952316284,19.05,73.05000305175781,48.0,25.0,107.3224105834961,48.0,100.0
2012-06-16,48.11499786376953,19.05,73.05000305175781,48.0,44.0,5168.609375,48.0,100.0
2012-06-17,120.32000732421875,19.05,73.05000305175781,48.0,42.0,22256.7265625,48.0,99.0
2012-06-18,0.5649999976158142,19.05,73.05000305175781,48.0,2.0,37.646446228027344,48.0,100.0
2012-06-19,1.024999976158142,19.05,73.05000305175781,48.0,6.0,45.04623031616211,48.0,99.0
2012-06-20,0.0,19.05,73.05000305175781,48.0,0.0,2.764800786972046,48.0,100.0
2012-06-21,2.43999981880188,19.05,73.05000305175781,48.0,14.0,105.59510803222656,48.0,100.0
2012-06-22,0.0,19.05,73.05000305175781,48.0,0.0,2.764800786972046,48.0,100.0
2012-06-23,0.28999999165534973,19.05,73.05000305175781,48.0,5.0,11.279399871826172,48.0,100.0
2012-06-24,4.170000076293945,19.05,73.05000305175781,48.0,25.0,186.92799377441406,48.0,100.0
2012-06-25,0.0,19.05,73.05000305175781,48.0,0.0,2.764800786972046,48.0,100.0
2012-06-26,0.26499998569488525,19.05,73.05000305175781,48.0,2.0,12.731599807739258,48.0,100.0
2012-06-27,7.999999523162842,19.05,73.05000305175781,48.0,22.0,561.4819946289062,48.0,100.0
2012-06-28,13.075000762939453,19.05,73.05000305175781,48.0,17.0,1179.8604736328125,48.0,99.0
2012-06-29,0.1899999976158142,19.05,73.05000305175781,48.0,3.0,7.95020055770874,48.0,100.0
2012-06-30,1.8399999141693115,19.05,73.05000305175781,48.0,18.0,69.01741790771484,48.0,100.0
2012-07-01,6.159998893737793,19.05,73.05000305175781,48.0,23.0,343.60186767578125,48.0,100.0
2012-07-02,31.04999542236328,19.05,73.05000305175781,48.0,33.0,3352.2626953125,48.0,100.0
2012-07-03,14.565000534057617,19.05,73.05000305175781,48.0,31.0,1184.1494140625,48.0,100.0
2012-07-04,83.22000122070312,19.05,73.05000305175781,48.0,44.0,13047.662109375,48.0,100.0
2012-07-05,85.52001190185547,19.05,73.05000305175781,48.0,40.0,14344.4765625,48.0,99.0
2012-07-06,14.335002899169922,19.05,73.05000305175781,48.0,33.0,1174.114990234375,48.0,99.0
2012-07-07,9.074999809265137,19.05,73.05000305175781,48.0,16.0,894.1197509765625,48.0,100.0
2012-07-08,15.100000381469727,19.05,73.05000305175781,48.0,25.0,1162.8575439453125,48.0,100.0
2012-07-09,49.7550048828125,19.05,73.05000305175781,48.0,40.0,5540.40576171875,48.0,99.0
2012-07-10,20.91500473022461,19.05,73.05000305175781,48.0,37.0,2257.089111328125,48.0,99.0
2012-07-11,41.894996643066406,19.05,73.05000305175781,48.0,35.0,6463.79443359375,48.0,100.0
2012-07-12,15.950000762939453,19.05,73.05000305175781,48.0,34.0,1281.0770263671875,48.0,99.0
2012-07-13,16.274999618530273,19.05,73.05000305175781,48.0,25.0,1545.556396484375,48.0,100.0
2012-07-14,3.874999523162842,19.05,73.05000305175781,48.0,17.0,225.05271911621094,48.0,100.0
2012-07-15,0.4100000262260437,19.05,73.05000305175781,48.0,4.0,17.40019989013672,48.0,100.0
2012-07-16,11.00999927520752,19.05,73.05000305175781,48.0,16.0,982.6837158203125,48.0,100.0
2012-07-17,20.2450008392334,19.05,73.05000305175781,48.0,29.0,1827.4764404296875,48.0,99.0
2012-07-18,81.8449935913086,19.05,73.05000305175781,48.0,44.0,12154.8173828125,48.0,100.0
2012-07-19,16.400001525878906,19.05,73.05000305175781,48.0,35.0,1337.3524169921875,48.0,99.0
2012-07-20,1.9600000381469727,19.05,73.05000305175781,48.0,13.0,82.3900146484375,48.0,100.0
2012-07-21,0.8350000381469727,19.05,73.05000305175781,48.0,6.0,40.443695068359375,48.0,100.0
2012-07-22,11.000000953674316,19.05,73.05000305175781,48.0,21.0,856.382080078125,48.0,99.0
2012-07-23,0.8899999856948853,19.05,73.05000305175781,48.0,8.0,42.50237274169922,48.0,100.0
2012-07-24,15.374998092651367,19.05,73.05000305175781,48.0,33.0,1127.19921875,48.0,100.0
2012-07-25,13.089998245239258,19.05,73.05000305175781,48.0,33.0,815.7708740234375,48.0,100.0
2012-07-26,16.229997634887695,19.05,73.05000305175781,48.0,23.0,1520.7109375,48.0,100.0
2012-07-27,2.609999895095825,19.05,73.05000305175781,48.0,9.0,187.9005126953125,48.0,100.0
2012-07-28,19.81499481201172,19.05,73.05000305175781,48.0,44.0,1480.751708984375,48.0,100.0
2012-07-29,8.129999160766602,19.05,73.05000305175781,48.0,29.0,450.410888671875,48.0,100.0
2012-07-30,11.339999198913574,19.05,73.05000305175781,48.0,28.0,757.0789184570312,48.0,100.0
2012-07-31,18.735000610351562,19.05,73.05000305175781,48.0,33.0,1388.2197265625,48.0,100.0
2012-08-01,6.985000133514404,19.05,73.05000305175781,48.0,12.0,662.0953369140625,48.0,100.0
2012-08-02,8.640000343322754,19.05,73.05000305175781,48.0,21.0,691.7649536132812,48.0,99.0
2012-08-03,15.045000076293945,19.05,73.05000305175781,48.0,24.0,1768.2039794921875,48.0,100.0
2012-08-04,17.90999984741211,19.05,73.05000305175781,48.0,28.0,1471.3253173828125,48.0,100.0
2012-08-05,10.229999542236328,19.05,73.05000305175781,48.0,26.0,871.4483032226562,48.0,100.0
2012-08-06,21.70000457763672,19.05,73.05000305175781,48.0,31.0,1913.828369140625,48.0,99.0
2012-08-07,2.7799999713897705,19.05,73.05000305175781,48.0,9.0,171.59486389160156,48.0,100.0
2012-08-08,0.0,19.05,73.05000305175781,48.0,0.0,2.764800786972046,48.0,100.0
2012-08-09,2.2100000381469727,19.05,73.05000305175781,48.0,10.0,108.35322570800781,48.0,100.0
2012-08-10,2.809999942779541,19.05,73.05000305175781,48.0,13.0,144.20005798339844,48.0,100.0
2012-08-11,4.999999523162842,19.05,73.05000305175781,48.0,19.0,277.5467834472656,48.0,100.0
2012-08-12,1.1799999475479126,19.05,73.05000305175781,48.0,3.0,80.47466278076172,48.0,100.0
2012-08-13,0.0,19.05,73.05000305175781,48.0,0.0,2.764800786972046,48.0,100.0
2012-08-14,0.0,19.05,73.05000305175781,48.0,0.0,2.764800786972046,48.0,100.0
2012-08-15,0.0,19.05,73.05000305175781,48.0,0.0,2.764800786972046,48.0,100.0
2012-08-16,0.0,19.05,73.05000305175781,48.0,0.0,2.764800786972046,48.0,100.0
2012-08-17,0.0,19.05,73.05000305175781,48.0,0.0,2.764800786972046,48.0,100.0
2012-08-18,14.954998970031738,19.05,73.05000305175781,48.0,18.0,1836.18115234375,48.0,100.0
2012-08-19,30.26499366760254,19.05,73.05000305175781,48.0,41.0,3022.18017578125,48.0,100.0
2012-08-20,1.3799999952316284,19.05,73.05000305175781,48.0,9.0,61.55449676513672,48.0,100.0
2012-08-21,4.534999847412109,19.05,73.05000305175781,48.0,7.0,391.48126220703125,48.0,100.0
2012-08-22,4.4900007247924805,19.05,73.05000305175781,48.0,16.0,327.00128173828125,48.0,99.0
2012-08-23,0.6149999499320984,19.05,73.05000305175781,48.0,7.0,24.28730010986328,48.0,100.0
2012-08-24,3.1599998474121094,19.05,73.05000305175781,48.0,3.0,350.5785827636719,48.0,100.0
2012-08-25,0.1550000011920929,19.05,73.05000305175781,48.0,3.0,6.958700180053711,48.0,100.0
2012-08-26,23.755001068115234,19.05,73.05000305175781,48.0,27.0,2285.69580078125,48.0,99.0
2012-08-27,87.97501373291016,19.05,73.05000305175781,48.0,48.0,10931.3515625,48.0,99.0
2012-08-28,29.3699951171875,19.05,73.05000305175781,48.0,32.0,3204.141845703125,48.0,100.0
2012-08-29,10.234999656677246,19.05,73.05000305175781,48.0,21.0,867.8631591796875,48.0,100.0
2012-08-30,83.20999908447266,19.05,73.05000305175781,48.0,36.0,21051.42578125,48.0,100.0
2012-08-31,87.31001281738281,19.05,73.05000305175781,48.0,32.0,15780.89453125,48.0,99.0
2012-09-01,3.3000001907348633,19.05,73.05000305175781,48.0,20.0,140.2004852294922,48.0,100.0
2012-09-02,8.125,19.05,73.05000305175781,48.0,28.0,507.94830322265625,48.0,100.0
2012-09-03,108.614990234375,19.05,73.05000305175781,48.0,48.0,15903.1240234375,48.0,100.0
2012-09-04,67.11499786376953,19.05,73.05000305175781,48.0,48.0,6946.1982421875,48.0,100.0
2012-09-05,9.519998550415039,19.05,73.05000305175781,48.0,36.0,532.6990356445312,48.0,100.0
2012-09-06,7.154999732971191,19.05,73.05000305175781,48.0,23.0,532.70703125,48.0,100.0
2012-09-07,0.125,19.05,73.05000305175781,48.0,1.0,7.075300216674805,48.0,100.0
2012-09-08,6.589999198913574,19.05,73.05000305175781,48.0,11.0,642.8056030273438,48.0,100.0
2012-09-09,17.149999618530273,19.05,73.05000305175781,48.0,29.0,1407.8812255859375,48.0,100.0
2012-09-10,40.874996185302734,19.05,73.05000305175781,48.0,34.0,4777.72412109375,48.0,100.0
2012-09-11,122.90499877929688,19.05,73.05000305175781,48.0,27.0,29596.974609375,48.0,100.0
2012-09-12,0.0,19.05,73.05000305175781,48.0,0.0,2.764800786972046,48.0,100.0
2012-09-13,0.0,19.05,73.05000305175781,48.0,0.0,2.764800786972046,48.0,100.0
2012-09-14,5.125,19.05,73.05000305175781,48.0,12.0,336.5346374511719,48.0,100.0
2012-09-15,0.0,19.05,73.05000305175781,48.0,0.0,2.764800786972046,48.0,100.0
2012-09-16,0.014999999664723873,19.05,73.05000305175781,48.0,1.0,3.1168007850646973,48.0,100.0
2012-09-17,0.009999999776482582,19.05,73.05000305175781,48.0,1.0,2.937600612640381,48.0,100.0
2012-09-18,0.0,19.05,73.05000305175781,48.0,0.0,2.764800786972046,48.0,100.0
2012-09-19,0.0,19.05,73.05000305175781,48.0,0.0,2.764800786972046,48.0,100.0
2012-09-20,0.0,19.05,73.05000305175781,48.0,0.0,2.764800786972046,48.0,100.0
2012-09-21,0.0,19.05,73.05000305175781,48.0,0.0,2.764800786972046,48.0,100.0
2012-09-22,0.25,19.05,73.05000305175781,48.0,7.0,9.093099594116211,48.0,100.0
2012-09-23,0.0,19.05,73.05000305175781,48.0,0.0,2.764800786972046,48.0,100.0
2012-09-24,0.0,19.05,73.05000305175781,48.0,0.0,2.764800786972046,48.0,100.0
2012-09-25,0.0,19.05,73.05000305175781,48.0,0.0,2.764800786972046,48.0,100.0
2012-09-26,0.0,19.05,73.05000305175781,48.0,0.0,2.764800786972046,48.0,100.0
2012-09-27,0.0,19.05,73.05000305175781,48.0,0.0,2.764800786972046,48.0,100.0
2012-09-28,0.0,19.05,73.05000305175781,48.0,0.0,2.764800786972046,48.0,100.0
2012-09-29,20.03999900817871,19.05,73.05000305175781,48.0,6.0,3441.6171875,48.0,100.0
2012-09-30,7.840000152587891,19.05,73.05000305175781,48.0,6.0,854.8938598632812,48.0,100.0
2012-10-01,70.36000061035156,19.05,73.05000305175781,48.0,24.0,12344.8369140625,48.0,100.0
2012-10-02,12.5,19.05,73.05000305175781,48.0,27.0,941.1231689453125,48.0,100.0
2012-10-03,6.289999961853027,19.05,73.05000305175781,48.0,24.0,346.5523986816406,48.0,100.0
2012-10-04,14.924999237060547,19.05,73.05000305175781,48.0,36.0,944.747314453125,48.0,100.0
2012-10-05,21.219999313354492,19.05,73.05000305175781,48.0,37.0,1682.1759033203125,48.0,100.0
2012-10-06,16.694997787475586,19.05,73.05000305175781,48.0,32.0,1192.984619140625,48.0,100.0
2012-10-07,8.154998779296875,19.05,73.05000305175781,48.0,18.0,563.709228515625,48.0,100.0
2012-10-08,3.879999876022339,19.05,73.05000305175781,48.0,6.0,350.4979553222656,48.0,100.0
2012-10-09,0.0,19.05,73.05000305175781,48.0,0.0,2.764800786972046,48.0,100.0
2012-10-10,1.2299998998641968,19.05,73.05000305175781,48.0,5.0,66.57833099365234,48.0,100.0
2012-10-11,0.0,19.05,73.05000305175781,48.0,0.0,2.764800786972046,48.0,100.0
2012-10-12,0.0,19.05,73.05000305175781,48.0,0.0,2.764800786972046,48.0,100.0
2012-10-13,0.0,19.05,73.05000305175781,48.0,0.0,2.764800786972046,48.0,100.0
2012-10-14,0.0,19.05,73.05000305175781,48.0,0.0,2.764800786972046,48.0,100.0
2012-10-15,0.0,19.05,73.05000305175781,48.0,0.0,2.764800786972046,48.0,100.0
2012-10-16,0.0,19.05,73.05000305175781,48.0,0.0,2.764800786972046,48.0,100.0
2012-10-17,0.0,19.05,73.05000305175781,48.0,0.0,2.764800786972046,48.0,100.0
2012-10-18,0.0,19.05,73.05000305175781,48.0,0.0,2.764800786972046,48.0,100.0
2012-10-19,0.0,19.05,73.05000305175781,48.0,0.0,2.764800786972046,48.0,100.0
2012-10-20,0.0,19.05,73.05000305175781,48.0,0.0,2.764800786972046,48.0,100.0
2012-10-21,0.7549999952316284,19.05,73.05000305175781,48.0,12.0,25.79979705810547,48.0,100.0
2012-10-22,0.42500001192092896,19.05,73.05000305175781,48.0,8.0,17.554901123046875,48.0,100.0
2012-10-23,0.0,19.05,73.05000305175781,48.0,0.0,2.764800786972046,48.0,100.0
2012-10-24,0.0,19.05,73.05000305175781,48.0,0.0,2.764800786972046,48.0,100.0
2012-10-25,0.0,19.05,73.05000305175781,48.0,0.0,2.764800786972046,48.0,100.0
2012-10-26,0.0,19.05,73.05000305175781,48.0,0.0,2.764800786972046,48.0,100.0
2012-10-27,0.0,19.05,73.05000305175781,48.0,0.0,2.764800786972046,48.0,100.0
2012-10-28,0.0,19.05,73.05000305175781,48.0,0.0,2.764800786972046,48.0,100.0
2012-10-29,0.0,19.05,73.05000305175781,48.0,0.0,2.764800786972046,48.0,100.0
2012-10-30,0.07499999552965164,19.05,73.05000305175781,48.0,1.0,4.998800277709961,48.0,100.0
2012-10-31,0.044999998062849045,19.05,73.05000305175781,48.0,3.0,3.901500701904297,48.0,100.0
2012-11-01,0.1550000011920929,19.05,73.05000305175781,48.0,4.0,6.663100719451904,48.0,100.0
2012-11-02,1.1200000047683716,19.05,73.05000305175781,48.0,3.0,62.85175323486328,48.0,100.0
2012-11-03,0.0,19.05,73.05000305175781,48.0,0.0,2.764800786972046,48.0,100.0
2012-11-04,0.0,19.05,73.05000305175781,48.0,0.0,2.764800786972046,48.0,100.0
2012-11-05,0.0,19.05,73.05000305175781,48.0,0.0,2.764800786972046,48.0,100.0
2012-11-06,0.0,19.05,73.05000305175781,48.0,0.0,2.764800786972046,48.0,100.0
2012-11-07,0.0,19.05,73.05000305175781,48.0,0.0,2.764800786972046,48.0,100.0
2012-11-08,0.0,19.05,73.05000305175781,48.0,0.0,2.764800786972046,48.0,100.0
2012-11-09,0.0,19.05,73.05000305175781,48.0,0.0,2.764800786972046,48.0,100.0
2012-11-10,0.0,19.05,73.05000305175781,48.0,0.0,2.764800786972046,48.0,100.0
2012-11-11,0.0,19.05,73.05000305175781,48.0,0.0,2.764800786972046,48.0,100.0
2012-11-12,0.0,19.05,73.05000305175781,48.0,0.0,2.764800786972046,48.0,100.0
2012-11-13,0.0,19.05,73.05000305175781,48.0,0.0,2.764800786972046,48.0,100.0
2012-11-14,0.0,19.05,73.05000305175781,48.0,0.0,2.764800786972046,48.0,100.0
2012-11-15,0.0,19.05,73.05000305175781,48.0,0.0,2.764800786972046,48.0,100.0
2012-11-16,0.0,19.05,73.05000305175781,48.0,0.0,2.764800786972046,48.0,100.0
2012-11-17,0.0,19.05,73.05000305175781,48.0,0.0,2.764800786972046,48.0,100.0
2012-11-18,0.0,19.05,73.05000305175781,48.0,0.0,2.764800786972046,48.0,100.0
2012-11-19,0.0,19.05,73.05000305175781,48.0,0.0,2.764800786972046,48.0,100.0
2012-11-20,0.0,19.05,73.05000305175781,48.0,0.0,2.764800786972046,48.0,100.0
2012-11-21,0.0,19.05,73.05000305175781,48.0,0.0,2.764800786972046,48.0,100.0
2012-11-22,0.0,19.05,73.05000305175781,48.0,0.0,2.764800786972046,48.0,100.0
2012-11-23,0.0,19.05,73.05000305175781,48.0,0.0,2.764800786972046,48.0,100.0
2012-11-24,0.0,19.05,73.05000305175781,48.0,0.0,2.764800786972046,48.0,100.0
2012-11-25,0.0,19.05,73.05000305175781,48.0,0.0,2.764800786972046,48.0,100.0
2012-11-26,0.0,19.05,73.05000305175781,48.0,0.0,2.764800786972046,48.0,100.0
2012-11-27,0.0,19.05,73.05000305175781,48.0,0.0,2.764800786972046,48.0,100.0
2012-11-28,0.0,19.05,73.05000305175781,48.0,0.0,2.764800786972046,48.0,100.0
2012-11-29,0.0,19.05,73.05000305175781,48.0,0.0,2.764800786972046,48.0,100.0
2012-11-30,0.0,19.05,73.05000305175781,48.0,0.0,2.764800786972046,48.0,100.0
2012-12-01,0.0,19.05,73.05000305175781,48.0,0.0,2.764800786972046,48.0,100.0
2012-12-02,0.0,19.05,73.05000305175781,48.0,0.0,2.764800786972046,48.0,100.0
2012-12-03,0.0,19.05,73.05000305175781,48.0,0.0,2.764800786972046,48.0,100.0
2012-12-04,0.0,19.05,73.05000305175781,48.0,0.0,2.764800786972046,48.0,100.0
2012-12-05,0.0,19.05,73.05000305175781,48.0,0.0,2.764800786972046,48.0,100.0
2012-12-06,0.0,19.05,73.05000305175781,48.0,0.0,2.764800786972046,48.0,100.0
2012-12-07,0.0,19.05,73.05000305175781,48.0,0.0,2.764800786972046,48.0,100.0
2012-12-08,0.0,19.05,73.05000305175781,48.0,0.0,2.764800786972046,48.0,100.0
2012-12-09,0.0,19.05,73.05000305175781,48.0,0.0,2.764800786972046,48.0,100.0
2012-12-10,0.0,19.05,73.05000305175781,48.0,0.0,2.764800786972046,48.0,100.0
2012-12-11,0.0,19.05,73.05000305175781,48.0,0.0,2.764800786972046,48.0,100.0
2012-12-12,0.0,19.05,73.05000305175781,48.0,0.0,2.764800786972046,48.0,100.0
2012-12-13,0.0,19.05,73.05000305175781,48.0,0.0,2.764800786972046,48.0,100.0
2012-12-14,0.0,19.05,73.05000305175781,48.0,0.0,2.764800786972046,48.0,100.0
2012-12-15,0.0,19.05,73.05000305175781,48.0,0.0,2.764800786972046,48.0,100.0
2012-12-16,0.0,19.05,73.05000305175781,48.0,0.0,2.764800786972046,48.0,100.0
2012-12-17,0.0,19.05,73.05000305175781,48.0,0.0,2.764800786972046,48.0,100.0
2012-12-18,0.0,19.05,73.05000305175781,48.0,0.0,2.764800786972046,48.0,100.0
2012-12-19,0.03999999910593033,19.05,73.05000305175781,48.0,1.0,3.7681007385253906,48.0,100.0
2012-12-20,0.0,19.05,73.05000305175781,48.0,0.0,2.764800786972046,48.0,100.0
2012-12-21,0.0,19.05,73.05000305175781,48.0,0.0,2.764800786972046,48.0,100.0
2012-12-22,0.0,19.05,73.05000305175781,48.0,0.0,2.764800786972046,48.0,100.0
2012-12-23,0.0,19.05,73.05000305175781,48.0,0.0,2.764800786972046,48.0,100.0
2012-12-24,0.0,19.05,73.05000305175781,48.0,0.0,2.764800786972046,48.0,100.0
2012-12-25,0.0,19.05,73.05000305175781,48.0,0.0,2.764800786972046,48.0,100.0
2012-12-26,0.0,19.05,73.05000305175781,48.0,0.0,2.764800786972046,48.0,100.0
2012-12-27,0.0,19.05,73.05000305175781,48.0,0.0,2.764800786972046,48.0,100.0
2012-12-28,0.0,19.05,73.05000305175781,48.0,0.0,2.764800786972046,48.0,100.0
2012-12-29,0.0,19.05,73.05000305175781,48.0,0.0,2.764800786972046,48.0,100.0
2012-12-30,0.0,19.05,73.05000305175781,48.0,0.0,2.764800786972046,48.0,100.0
2012-12-31,0.0,19.05,73.05000305175781,48.0,0.0,2.764800786972046,48.0,100.0
2013-01-01,0.0,19.05,73.05000305175781,48.0,0.0,2.764800786972046,48.0,100.0
2013-01-02,0.0,19.05,73.05000305175781,48.0,0.0,2.764800786972046,48.0,100.0
2013-01-03,0.0,19.05,73.05000305175781,48.0,0.0,2.764800786972046,48.0,100.0
2013-01-04,0.0,19.05,73.05000305175781,48.0,0.0,2.764800786972046,48.0,100.0
2013-01-05,0.0,19.05,73.05000305175781,48.0,0.0,2.764800786972046,48.0,100.0
2013-01-06,0.0,19.05,73.05000305175781,48.0,0.0,2.764800786972046,48.0,100.0
2013-01-07,0.0,19.05,73.05000305175781,48.0,0.0,2.764800786972046,48.0,100.0
2013-01-08,0.0,19.05,73.05000305175781,48.0,0.0,2.764800786972046,48.0,100.0
2013-01-09,0.0,19.05,73.05000305175781,48.0,0.0,2.764800786972046,48.0,100.0
2013-01-10,0.0,19.05,73.05000305175781,48.0,0.0,2.764800786972046,48.0,100.0
2013-01-11,0.0,19.05,73.05000305175781,48.0,0.0,2.764800786972046,48.0,100.0
2013-01-12,0.0,19.05,73.05000305175781,48.0,0.0,2.764800786972046,48.0,100.0
2013-01-13,0.0,19.05,73.05000305175781,48.0,0.0,2.764800786972046,48.0,100.0
2013-01-14,0.0,19.05,73.05000305175781,48.0,0.0,2.764800786972046,48.0,100.0
2013-01-15,0.0,19.05,73.05000305175781,48.0,0.0,2.764800786972046,48.0,100.0
2013-01-16,0.0,19.05,73.05000305175781,48.0,0.0,2.764800786972046,48.0,100.0
2013-01-17,0.0,19.05,73.05000305175781,48.0,0.0,2.764800786972046,48.0,100.0
2013-01-18,0.0,19.05,73.05000305175781,48.0,0.0,2.764800786972046,48.0,100.0
2013-01-19,0.0,19.05,73.05000305175781,48.0,0.0,2.764800786972046,48.0,100.0
2013-01-20,0.0,19.05,73.05000305175781,48.0,0.0,2.764800786972046,48.0,100.0
2013-01-21,0.0,19.05,73.05000305175781,48.0,0.0,2.764800786972046,48.0,100.0
2013-01-22,0.0,19.05,73.05000305175781,48.0,0.0,2.764800786972046,48.0,100.0
2013-01-23,0.0,19.05,73.05000305175781,48.0,0.0,2.764800786972046,48.0,100.0
2013-01-24,0.0,19.05,73.05000305175781,48.0,0.0,2.764800786972046,48.0,100.0
2013-01-25,0.0,19.05,73.05000305175781,48.0,0.0,2.764800786972046,48.0,100.0
2013-01-26,0.0,19.05,73.05000305175781,48.0,0.0,2.764800786972046,48.0,100.0
2013-01-27,0.0,19.05,73.05000305175781,48.0,0.0,2.764800786972046,48.0,100.0
2013-01-28,0.0,19.05,73.05000305175781,48.0,0.0,2.764800786972046,48.0,100.0
2013-01-29,0.0,19.05,73.05000305175781,48.0,0.0,2.764800786972046,48.0,100.0
2013-01-30,0.0,19.05,73.05000305175781,48.0,0.0,2.764800786972046,48.0,100.0
2013-01-31,0.0,19.05,73.05000305175781,48.0,0.0,2.764800786972046,48.0,100.0
2013-02-01,0.0,19.05,73.05000305175781,48.0,0.0,2.764800786972046,48.0,100.0
2013-02-02,0.0,19.05,73.05000305175781,48.0,0.0,2.764800786972046,48.0,100.0
2013-02-03,0.0,19.05,73.05000305175781,48.0,0.0,2.764800786972046,48.0,100.0
2013-02-04,0.0,19.05,73.05000305175781,48.0,0.0,2.764800786972046,48.0,100.0
2013-02-05,0.0,19.05,73.05000305175781,48.0,0.0,2.764800786972046,48.0,100.0
2013-02-06,0.0,19.05,73.05000305175781,48.0,0.0,2.764800786972046,48.0,100.0
2013-02-07,0.0,19.05,73.05000305175781,48.0,0.0,2.764800786972046,48.0,100.0
2013-02-08,0.0,19.05,73.05000305175781,48.0,0.0,2.764800786972046,48.0,100.0
2013-02-09,0.0,19.05,73.05000305175781,48.0,0.0,2.764800786972046,48.0,100.0
2013-02-10,0.0,19.05,73.05000305175781,48.0,0.0,2.764800786972046,48.0,100.0
2013-02-11,5.275000095367432,19.05,73.05000305175781,48.0,1.0,957.5176391601562,48.0,100.0
2013-02-12,0.0,19.05,73.05000305175781,48.0,0.0,2.764800786972046,48.0,100.0
2013-02-13,0.0,19.05,73.05000305175781,48.0,0.0,2.764800786972046,48.0,100.0
2013-02-14,0.0,19.05,73.05000305175781,48.0,0.0,2.764800786972046,48.0,100.0
2013-02-15,0.0,19.05,73.05000305175781,48.0,0.0,2.764800786972046,48.0,100.0
2013-02-16,0.0,19.05,73.05000305175781,48.0,0.0,2.764800786972046,48.0,100.0
2013-02-17,0.0,19.05,73.05000305175781,48.0,0.0,2.764800786972046,48.0,100.0
2013-02-18,0.0,19.05,73.05000305175781,48.0,0.0,2.764800786972046,48.0,100.0
2013-02-19,0.0,19.05,73.05000305175781,48.0,0.0,2.764800786972046,48.0,100.0
2013-02-20,0.0,19.05,73.05000305175781,48.0,0.0,2.764800786972046,48.0,100.0
2013-02-21,0.0,19.05,73.05000305175781,48.0,0.0,2.764800786972046,48.0,100.0
2013-02-22,0.0,19.05,73.05000305175781,48.0,0.0,2.764800786972046,48.0,100.0
2013-02-23,0.0,19.05,73.05000305175781,48.0,0.0,2.764800786972046,48.0,100.0
2013-02-24,0.0,19.05,73.05000305175781,48.0,0.0,2.764800786972046,48.0,100.0
2013-02-25,0.0,19.05,73.05000305175781,48.0,0.0,2.764800786972046,48.0,100.0
2013-02-26,0.0,19.05,73.05000305175781,48.0,0.0,2.764800786972046,48.0,100.0
2013-02-27,0.0,19.05,73.05000305175781,48.0,0.0,2.764800786972046,48.0,100.0
2013-02-28,0.0,19.05,73.05000305175781,48.0,0.0,2.764800786972046,48.0,100.0
2013-03-01,0.0,19.05,73.05000305175781,48.0,0.0,2.764800786972046,48.0,100.0
2013-03-02,0.0,19.05,73.05000305175781,48.0,0.0,2.764800786972046,48.0,100.0
2013-03-03,0.0,19.05,73.05000305175781,48.0,0.0,2.764800786972046,48.0,100.0
2013-03-04,0.0,19.05,73.05000305175781,48.0,0.0,2.764800786972046,48.0,100.0
2013-03-05,0.0,19.05,73.05000305175781,48.0,0.0,2.764800786972046,48.0,100.0
2013-03-06,0.0,19.05,73.05000305175781,48.0,0.0,2.764800786972046,48.0,100.0
2013-03-07,0.0,19.05,73.05000305175781,48.0,0.0,2.764800786972046,48.0,100.0
2013-03-08,0.0,19.05,73.05000305175781,48.0,0.0,2.764800786972046,48.0,100.0
2013-03-09,0.0,19.05,73.05000305175781,48.0,0.0,2.764800786972046,48.0,100.0
2013-03-10,0.0,19.05,73.05000305175781,48.0,0.0,2.764800786972046,48.0,100.0
2013-03-11,0.0,19.05,73.05000305175781,48.0,0.0,2.764800786972046,48.0,100.0
2013-03-12,0.0,19.05,73.05000305175781,48.0,0.0,2.764800786972046,48.0,100.0
2013-03-13,0.0,19.05,73.05000305175781,48.0,0.0,2.764800786972046,48.0,100.0
2013-03-14,0.0,19.05,73.05000305175781,48.0,0.0,2.764800786972046,48.0,100.0
2013-03-15,0.0,19.05,73.05000305175781,48.0,0.0,2.764800786972046,48.0,100.0
2013-03-16,0.0,19.05,73.05000305175781,48.0,0.0,2.764800786972046,48.0,100.0
2013-03-17,0.0,19.05,73.05000305175781,48.0,0.0,2.764800786972046,48.0,100.0
2013-03-18,0.0,19.05,73.05000305175781,48.0,0.0,2.764800786972046,48.0,100.0
2013-03-19,0.0,19.05,73.05000305175781,48.0,0.0,2.764800786972046,48.0,100.0
2013-03-20,0.0,19.05,73.05000305175781,48.0,0.0,2.764800786972046,48.0,100.0
2013-03-21,0.0,19.05,73.05000305175781,48.0,0.0,2.764800786972046,48.0,100.0
2013-03-22,0.10999999940395355,19.05,73.05000305175781,48.0,1.0,6.3936004638671875,48.0,100.0
2013-03-23,0.0,19.05,73.05000305175781,48.0,0.0,2.764800786972046,48.0,100.0
2013-03-24,0.0,19.05,73.05000305175781,48.0,0.0,2.764800786972046,48.0,100.0
2013-03-25,0.0,19.05,73.05000305175781,48.0,0.0,2.764800786972046,48.0,100.0
2013-03-26,0.0,19.05,73.05000305175781,48.0,0.0,2.764800786972046,48.0,100.0
2013-03-27,0.16499999165534973,19.05,73.05000305175781,48.0,2.0,8.375200271606445,48.0,100.0
2013-03-28,0.0,19.05,73.05000305175781,48.0,0.0,2.764800786972046,48.0,100.0
2013-03-29,0.0,19.05,73.05000305175781,48.0,0.0,2.764800786972046,48.0,100.0
2013-03-30,0.0,19.05,73.05000305175781,48.0,0.0,2.764800786972046,48.0,100.0
2013-03-31,0.0,19.05,73.05000305175781,48.0,0.0,2.764800786972046,48.0,100.0
2013-04-01,0.0,19.05,73.05000305175781,48.0,0.0,2.764800786972046,48.0,100.0
2013-04-02,0.0,19.05,73.05000305175781,48.0,0.0,2.764800786972046,48.0,100.0
2013-04-03,0.0,19.05,73.05000305175781,48.0,0.0,2.764800786972046,48.0,100.0
2013-04-04,0.0,19.05,73.05000305175781,48.0,0.0,2.764800786972046,48.0,100.0
2013-04-05,0.0,19.05,73.05000305175781,48.0,0.0,2.764800786972046,48.0,100.0
2013-04-06,0.0,19.05,73.05000305175781,48.0,0.0,2.764800786972046,48.0,100.0
2013-04-07,0.0,19.05,73.05000305175781,48.0,0.0,2.764800786972046,48.0,100.0
2013-04-08,0.0,19.05,73.05000305175781,48.0,0.0,2.764800786972046,48.0,100.0
2013-04-09,0.0,19.05,73.05000305175781,48.0,0.0,2.764800786972046,48.0,100.0
2013-04-10,0.0,19.05,73.05000305175781,48.0,0.0,2.764800786972046,48.0,100.0
2013-04-11,0.0,19.05,73.05000305175781,48.0,0.0,2.764800786972046,48.0,100.0
2013-04-12,0.0,19.05,73.05000305175781,48.0,0.0,2.764800786972046,48.0,100.0
2013-04-13,0.0,19.05,73.05000305175781,48.0,0.0,2.764800786972046,48.0,100.0
2013-04-14,0.0,19.05,73.05000305175781,48.0,0.0,2.764800786972046,48.0,100.0
2013-04-15,0.0,19.05,73.05000305175781,48.0,0.0,2.764800786972046,48.0,100.0
2013-04-16,0.0,19.05,73.05000305175781,48.0,0.0,2.764800786972046,48.0,100.0
2013-04-17,0.0,19.05,73.05000305175781,48.0,0.0,2.764800786972046,48.0,100.0
2013-04-18,0.0,19.05,73.05000305175781,48.0,0.0,2.764800786972046,48.0,100.0
2013-04-19,0.0,19.05,73.05000305175781,48.0,0.0,2.764800786972046,48.0,100.0
2013-04-20,0.0,19.05,73.05000305175781,48.0,0.0,2.764800786972046,48.0,100.0
2013-04-21,0.0,19.05,73.05000305175781,48.0,0.0,2.764800786972046,48.0,100.0
2013-04-22,0.0,19.05,73.05000305175781,48.0,0.0,2.764800786972046,48.0,100.0
2013-04-23,0.0,19.05,73.05000305175781,48.0,0.0,2.764800786972046,48.0,100.0
2013-04-24,0.0,19.05,73.05000305175781,48.0,0.0,2.764800786972046,48.0,100.0
2013-04-25,0.0,19.05,73.05000305175781,48.0,0.0,2.764800786972046,48.0,100.0
2013-04-26,0.0,19.05,73.05000305175781,48.0,0.0,2.764800786972046,48.0,100.0
2013-04-27,0.0,19.05,73.05000305175781,48.0,0.0,2.764800786972046,48.0,100.0
2013-04-28,0.0,19.05,73.05000305175781,48.0,0.0,2.764800786972046,48.0,100.0
2013-04-29,0.0,19.05,73.05000305175781,48.0,0.0,2.764800786972046,48.0,100.0
2013-04-30,0.0,19.05,73.05000305175781,48.0,0.0,2.764800786972046,48.0,100.0
2013-05-01,0.0,19.05,73.05000305175781,48.0,0.0,2.764800786972046,48.0,100.0
2013-05-02,0.0,19.05,73.05000305175781,48.0,0.0,2.764800786972046,48.0,100.0
2013-05-03,0.0,19.05,73.05000305175781,48.0,0.0,2.764800786972046,48.0,100.0
2013-05-04,0.0,19.05,73.05000305175781,48.0,0.0,2.764800786972046,48.0,100.0
2013-05-05,0.0,19.05,73.05000305175781,48.0,0.0,2.764800786972046,48.0,100.0
2013-05-06,0.0,19.05,73.05000305175781,48.0,0.0,2.764800786972046,48.0,100.0
2013-05-07,0.0,19.05,73.05000305175781,48.0,0.0,2.764800786972046,48.0,100.0
2013-05-08,0.0,19.05,73.05000305175781,48.0,0.0,2.764800786972046,48.0,100.0
2013-05-09,0.0,19.05,73.05000305175781,48.0,0.0,2.764800786972046,48.0,100.0
2013-05-10,0.0,19.05,73.05000305175781,48.0,0.0,2.764800786972046,48.0,100.0
2013-05-11,0.0,19.05,73.05000305175781,48.0,0.0,2.764800786972046,48.0,100.0
2013-05-12,0.0,19.05,73.05000305175781,48.0,0.0,2.764800786972046,48.0,100.0
2013-05-13,0.0,19.05,73.05000305175781,48.0,0.0,2.764800786972046,48.0,100.0
2013-05-14,0.0,19.05,73.05000305175781,48.0,0.0,2.764800786972046,48.0,100.0
2013-05-15,0.0,19.05,73.05000305175781,48.0,0.0,2.764800786972046,48.0,100.0
2013-05-16,0.0,19.05,73.05000305175781,48.0,0.0,2.764800786972046,48.0,100.0
2013-05-17,0.0,19.05,73.05000305175781,48.0,0.0,2.764800786972046,48.0,100.0
2013-05-18,0.0,19.05,73.05000305175781,48.0,0.0,2.764800786972046,48.0,100.0
2013-05-19,0.0,19.05,73.05000305175781,48.0,0.0,2.764800786972046,48.0,100.0
2013-05-20,0.0,19.05,73.05000305175781,48.0,0.0,2.764800786972046,48.0,100.0
2013-05-21,0.0,19.05,73.05000305175781,48.0,0.0,2.764800786972046,48.0,100.0
2013-05-22,0.0,19.05,73.05000305175781,48.0,0.0,2.764800786972046,48.0,100.0
2013-05-23,0.0,19.05,73.05000305175781,48.0,0.0,2.764800786972046,48.0,100.0
2013-05-24,0.0,19.05,73.05000305175781,48.0,0.0,2.764800786972046,48.0,100.0
2013-05-25,0.0,19.05,73.05000305175781,48.0,0.0,2.764800786972046,48.0,100.0
2013-05-26,0.0,19.05,73.05000305175781,48.0,0.0,2.764800786972046,48.0,100.0
2013-05-27,0.0,19.05,73.05000305175781,48.0,0.0,2.764800786972046,48.0,100.0
2013-05-28,0.0,19.05,73.05000305175781,48.0,0.0,2.764800786972046,48.0,100.0
2013-05-29,0.47999998927116394,19.05,73.05000305175781,48.0,2.0,31.136898040771484,48.0,100.0
2013-05-30,0.0,19.05,73.05000305175781,48.0,0.0,2.764800786972046,48.0,100.0
2013-05-31,0.0,19.05,73.05000305175781,48.0,0.0,2.764800786972046,48.0,100.0
2013-06-01,0.0,19.05,73.05000305175781,48.0,0.0,2.764800786972046,48.0,100.0
2013-06-02,11.079998970031738,19.05,73.05000305175781,48.0,11.0,1174.2283935546875,48.0,100.0
2013-06-03,16.2549991607666,19.05,73.05000305175781,48.0,37.0,1240.7415771484375,48.0,100.0
2013-06-04,3.6649999618530273,19.05,73.05000305175781,48.0,14.0,261.75579833984375,48.0,100.0
2013-06-05,0.7899999618530273,19.05,73.05000305175781,48.0,12.0,27.024999618530273,48.0,100.0
2013-06-06,3.7750000953674316,19.05,73.05000305175781,48.0,24.0,179.9963836669922,48.0,100.0
2013-06-07,44.20000076293945,19.05,73.05000305175781,48.0,36.0,5055.5078125,48.0,100.0
2013-06-08,23.369997024536133,19.05,73.05000305175781,48.0,33.0,2142.89013671875,48.0,100.0
2013-06-09,79.16999816894531,19.05,73.05000305175781,48.0,48.0,9774.5244140625,48.0,100.0
2013-06-10,105.12001037597656,19.05,73.05000305175781,48.0,46.0,18753.44921875,48.0,99.0
2013-06-11,1.1649999618530273,19.05,73.05000305175781,48.0,13.0,43.410888671875,48.0,100.0
2013-06-12,8.585000991821289,19.05,73.05000305175781,48.0,31.0,564.4562377929688,48.0,99.0
2013-06-13,34.959999084472656,19.05,73.05000305175781,48.0,45.0,3244.31689453125,48.0,100.0
2013-06-14,29.495006561279297,19.05,73.05000305175781,48.0,46.0,2456.53173828125,48.0,99.0
2013-06-15,65.33499908447266,19.05,73.05000305175781,48.0,40.0,9111.6279296875,48.0,100.0
2013-06-16,167.35501098632812,19.05,73.05000305175781,48.0,48.0,30806.837890625,48.0,99.0
2013-06-17,23.765005111694336,19.05,73.05000305175781,48.0,34.0,2318.930908203125,48.0,99.0
2013-06-18,60.6049919128418,19.05,73.05000305175781,48.0,47.0,6932.58740234375,48.0,100.0
2013-06-19,1.5399999618530273,19.05,73.05000305175781,48.0,23.0,51.40447235107422,48.0,100.0
2013-06-20,13.834999084472656,19.05,73.05000305175781,48.0,27.0,1147.91943359375,48.0,100.0
2013-06-21,17.215002059936523,19.05,73.05000305175781,48.0,37.0,1411.232666015625,48.0,99.0
2013-06-22,1.1200000047683716,19.05,73.05000305175781,48.0,11.0,51.25967025756836,48.0,100.0
2013-06-23,2.319999933242798,19.05,73.05000305175781,48.0,24.0,88.66438293457031,48.0,100.0
2013-06-24,28.74500274658203,19.05,73.05000305175781,48.0,46.0,2849.68701171875,48.0,99.0
2013-06-25,27.170001983642578,19.05,73.05000305175781,48.0,46.0,2388.629150390625,48.0,99.0
2013-06-26,11.740001678466797,19.05,73.05000305175781,48.0,41.0,782.3756103515625,48.0,99.0
2013-06-27,0.7150000333786011,19.05,73.05000305175781,48.0,15.0,23.323293685913086,48.0,99.0
2013-06-28,1.804999828338623,19.05,73.05000305175781,48.0,24.0,62.662803649902344,48.0,100.0
2013-06-29,4.079999923706055,19.05,73.05000305175781,48.0,24.0,261.1376953125,48.0,100.0
2013-06-30,0.5849999785423279,19.05,73.05000305175781,48.0,11.0,18.702899932861328,48.0,100.0
2013-07-01,6.435000419616699,19.05,73.05000305175781,48.0,19.0,497.45166015625,48.0,99.0
2013-07-02,6.800000190734863,19.05,73.05000305175781,48.0,42.0,329.1751403808594,48.0,100.0
2013-07-03,13.099998474121094,19.05,73.05000305175781,48.0,38.0,847.910888671875,48.0,100.0
2013-07-04,9.690000534057617,19.05,73.05000305175781,48.0,23.0,1059.9725341796875,48.0,99.0
2013-07-05,0.6150000095367432,19.05,73.05000305175781,48.0,9.0,27.011600494384766,48.0,100.0
2013-07-06,5.25,19.05,73.05000305175781,48.0,29.0,281.4818115234375,48.0,100.0
2013-07-07,7.720000267028809,19.05,73.05000305175781,48.0,22.0,815.9126586914062,48.0,100.0
2013-07-08,3.179999828338623,19.05,73.05000305175781,48.0,28.0,129.80580139160156,48.0,100.0
2013-07-09,13.335000991821289,19.05,73.05000305175781,48.0,34.0,1051.700927734375,48.0,99.0
2013-07-10,78.0899887084961,19.05,73.05000305175781,48.0,48.0,10235.7958984375,48.0,100.0
2013-07-11,86.45999145507812,19.05,73.05000305175781,48.0,47.0,11042.0771484375,48.0,100.0
2013-07-12,89.82499694824219,19.05,73.05000305175781,48.0,48.0,13939.6572265625,48.0,100.0
2013-07-13,5.940000057220459,19.05,73.05000305175781,48.0,25.0,309.7799072265625,48.0,100.0
2013-07-14,1.4250000715255737,19.05,73.05000305175781,48.0,17.0,58.42019271850586,48.0,99.0
2013-07-15,11.09000015258789,19.05,73.05000305175781,48.0,28.0,797.8336181640625,48.0,100.0
2013-07-16,42.21999740600586,19.05,73.05000305175781,48.0,46.0,4010.185546875,48.0,100.0
2013-07-17,66.7550048828125,19.05,73.05000305175781,48.0,44.0,8958.330078125,48.0,99.0
2013-07-18,19.799997329711914,19.05,73.05000305175781,48.0,43.0,1427.3408203125,48.0,100.0
2013-07-19,53.18498992919922,19.05,73.05000305175781,48.0,45.0,5502.35205078125,48.0,100.0
2013-07-20,56.51499938964844,19.05,73.05000305175781,48.0,48.0,6717.24853515625,48.0,100.0
2013-07-21,20.78999900817871,19.05,73.05000305175781,48.0,43.0,1758.2310791015625,48.0,100.0
2013-07-22,11.095001220703125,19.05,73.05000305175781,48.0,35.0,723.3934936523438,48.0,99.0
2013-07-23,107.75498962402344,19.05,73.05000305175781,48.0,48.0,14203.935546875,48.0,100.0
2013-07-24,39.3599967956543,19.05,73.05000305175781,48.0,35.0,4741.19091796875,48.0,100.0
2013-07-25,4.910000324249268,19.05,73.05000305175781,48.0,22.0,260.4756774902344,48.0,99.0
2013-07-26,6.774999618530273,19.05,73.05000305175781,48.0,33.0,403.38848876953125,48.0,100.0
2013-07-27,4.244999885559082,19.05,73.05000305175781,48.0,21.0,277.1788024902344,48.0,100.0
2013-07-28,17.024999618530273,19.05,73.05000305175781,48.0,30.0,2112.619140625,48.0,100.0
2013-07-29,0.3349999785423279,19.05,73.05000305175781,48.0,12.0,11.884100914001465,48.0,100.0
2013-07-30,13.194999694824219,19.05,73.05000305175781,48.0,39.0,1090.056640625,48.0,100.0
2013-07-31,33.704994201660156,19.05,73.05000305175781,48.0,46.0,3127.852294921875,48.0,100.0
2013-08-01,132.0399932861328,19.05,73.05000305175781,48.0,48.0,20267.33203125,48.0,100.0
2013-08-02,31.444995880126953,19.05,73.05000305175781,48.0,35.0,3652.309326171875,48.0,100.0
2013-08-03,0.0,19.05,73.05000305175781,48.0,0.0,2.764800786972046,48.0,100.0
2013-08-04,0.0,19.05,73.05000305175781,48.0,0.0,2.764800786972046,48.0,100.0
2013-08-05,1.184999942779541,19.05,73.05000305175781,48.0,5.0,82.38810729980469,48.0,100.0
2013-08-06,0.73499995470047,19.05,73.05000305175781,48.0,8.0,28.289199829101562,48.0,100.0
2013-08-07,0.684999942779541,19.05,73.05000305175781,48.0,12.0,23.753700256347656,48.0,100.0
2013-08-08,0.3349999785423279,19.05,73.05000305175781,48.0,5.0,13.396099090576172,48.0,100.0
2013-08-09,11.4350004196167,19.05,73.05000305175781,48.0,25.0,1197.34228515625,48.0,100.0
2013-08-10,3.7200000286102295,19.05,73.05000305175781,48.0,26.0,160.3969268798828,48.0,100.0
2013-08-11,1.375,19.05,73.05000305175781,48.0,15.0,50.78217315673828,48.0,100.0
2013-08-12,7.470000267028809,19.05,73.05000305175781,48.0,24.0,445.1185302734375,48.0,100.0
2013-08-13,7.539999961853027,19.05,73.05000305175781,48.0,32.0,404.242431640625,48.0,100.0
2013-08-14,3.0199999809265137,19.05,73.05000305175781,48.0,19.0,131.07571411132812,48.0,100.0
2013-08-15,0.35999995470046997,19.05,73.05000305175781,48.0,8.0,12.940899848937988,48.0,100.0
2013-08-16,4.264999866485596,19.05,73.05000305175781,48.0,10.0,401.3974304199219,48.0,100.0
2013-08-17,5.559999465942383,19.05,73.05000305175781,48.0,22.0,301.3228759765625,48.0,100.0
2013-08-18,2.919999837875366,19.05,73.05000305175781,48.0,18.0,177.63607788085938,48.0,100.0
2013-08-19,0.9399999380111694,19.05,73.05000305175781,48.0,5.0,42.86258316040039,48.0,100.0
2013-08-20,1.9850001335144043,19.05,73.05000305175781,48.0,10.0,97.64619445800781,48.0,100.0
2013-08-21,2.555000066757202,19.05,73.05000305175781,48.0,13.0,130.85154724121094,48.0,100.0
2013-08-22,4.310000419616699,19.05,73.05000305175781,48.0,21.0,246.82449340820312,48.0,99.0
2013-08-23,1.924999713897705,19.05,73.05000305175781,48.0,12.0,89.80281066894531,48.0,100.0
2013-08-24,5.289999961853027,19.05,73.05000305175781,48.0,21.0,274.86474609375,48.0,100.0
2013-08-25,6.875,19.05,73.05000305175781,48.0,20.0,376.6809387207031,48.0,100.0
2013-08-26,0.7049999833106995,19.05,73.05000305175781,48.0,2.0,39.69853210449219,48.0,100.0
2013-08-27,0.20999997854232788,19.05,73.05000305175781,48.0,3.0,8.92490005493164,48.0,100.0
2013-08-28,0.0,19.05,73.05000305175781,48.0,0.0,2.764800786972046,48.0,100.0
2013-08-29,3.994999885559082,19.05,73.05000305175781,48.0,10.0,331.63922119140625,48.0,100.0
2013-08-30,0.0,19.05,73.05000305175781,48.0,0.0,2.764800786972046,48.0,100.0
2013-08-31,0.0,19.05,73.05000305175781,48.0,0.0,2.764800786972046,48.0,100.0
2013-09-01,0.03500000014901161,19.05,73.05000305175781,48.0,2.0,3.5044007301330566,48.0,100.0
2013-09-02,0.0,19.05,73.05000305175781,48.0,0.0,2.764800786972046,48.0,100.0
2013-09-03,0.0,19.05,73.05000305175781,48.0,0.0,2.764800786972046,48.0,100.0
2013-09-04,0.5699999928474426,19.05,73.05000305175781,48.0,6.0,21.85740089416504,48.0,100.0
2013-09-05,0.009999999776482582,19.05,73.05000305175781,48.0,1.0,2.937600612640381,48.0,100.0
2013-09-06,0.0,19.05,73.05000305175781,48.0,0.0,2.764800786972046,48.0,100.0
2013-09-07,0.0,19.05,73.05000305175781,48.0,0.0,2.764800786972046,48.0,100.0
2013-09-08,0.550000011920929,19.05,73.05000305175781,48.0,4.0,25.586599349975586,48.0,99.0
2013-09-09,9.339998245239258,19.05,73.05000305175781,48.0,46.0,456.7801818847656,48.0,100.0
2013-09-10,34.47000503540039,19.05,73.05000305175781,48.0,31.0,3593.295166015625,48.0,99.0
2013-09-11,40.905006408691406,19.05,73.05000305175781,48.0,25.0,9124.0771484375,48.0,99.0
2013-09-12,33.459999084472656,19.05,73.05000305175781,48.0,21.0,5184.21142578125,48.0,100.0
2013-09-13,3.635000228881836,19.05,73.05000305175781,48.0,9.0,216.4518280029297,48.0,100.0
2013-09-14,74.1399917602539,19.05,73.05000305175781,48.0,32.0,15304.830078125,48.0,100.0
2013-09-15,60.519996643066406,19.05,73.05000305175781,48.0,38.0,8152.99072265625,48.0,100.0
2013-09-16,3.9049994945526123,19.05,73.05000305175781,48.0,25.0,160.80873107910156,48.0,100.0
2013-09-17,5.97499942779541,19.05,73.05000305175781,48.0,15.0,459.8782043457031,48.0,100.0
2013-09-18,20.28999900817871,19.05,73.05000305175781,48.0,25.0,1992.5833740234375,48.0,100.0
2013-09-19,46.590003967285156,19.05,73.05000305175781,48.0,38.0,5916.275390625,48.0,99.0
2013-09-20,0.11499999463558197,19.05,73.05000305175781,48.0,2.0,6.032200813293457,48.0,100.0
2013-09-21,0.3799999952316284,19.05,73.05000305175781,48.0,5.0,15.23740005493164,48.0,100.0
2013-09-22,1.1200001239776611,19.05,73.05000305175781,48.0,6.0,50.970985412597656,48.0,99.0
2013-09-23,1.9699997901916504,19.05,73.05000305175781,48.0,18.0,87.91159057617188,48.0,100.0
2013-09-24,5.549999713897705,19.05,73.05000305175781,48.0,33.0,232.5281219482422,48.0,100.0
2013-09-25,2.614999771118164,19.05,73.05000305175781,48.0,17.0,114.47491455078125,48.0,100.0
2013-09-26,0.044999998062849045,19.05,73.05000305175781,48.0,1.0,3.9616007804870605,48.0,100.0
2013-09-27,0.32499998807907104,19.05,73.05000305175781,48.0,5.0,12.154699325561523,48.0,100.0
2013-09-28,0.07999999821186066,19.05,73.05000305175781,48.0,1.0,5.17210054397583,48.0,100.0
2013-09-29,0.0,19.05,73.05000305175781,48.0,0.0,2.764800786972046,48.0,100.0
2013-09-30,0.0,19.05,73.05000305175781,48.0,0.0,2.764800786972046,48.0,100.0
2013-10-01,0.12999999523162842,19.05,73.05000305175781,48.0,1.0,7.244100570678711,48.0,100.0
2013-10-02,0.5,19.05,73.05000305175781,48.0,1.0,32.95719528198242,48.0,100.0
2013-10-03,10.565000534057617,19.05,73.05000305175781,48.0,27.0,705.5733032226562,48.0,99.0
2013-10-04,8.584999084472656,19.05,73.05000305175781,48.0,22.0,497.1165771484375,48.0,100.0
2013-10-05,3.554999828338623,19.05,73.05000305175781,48.0,9.0,251.2893524169922,48.0,100.0
2013-10-06,0.0,19.05,73.05000305175781,48.0,0.0,2.764800786972046,48.0,100.0
2013-10-07,0.0,19.05,73.05000305175781,48.0,0.0,2.764800786972046,48.0,100.0
2013-10-08,0.009999999776482582,19.05,73.05000305175781,48.0,1.0,3.0097007751464844,48.0,100.0
2013-10-09,0.2749999761581421,19.05,73.05000305175781,48.0,3.0,11.616500854492188,48.0,100.0
2013-10-10,1.684999942779541,19.05,73.05000305175781,48.0,4.0,99.544189453125,48.0,100.0
2013-10-11,13.959999084472656,19.05,73.05000305175781,48.0,14.0,1425.775390625,48.0,100.0
2013-10-12,0.0,19.05,73.05000305175781,48.0,0.0,2.764800786972046,48.0,100.0
2013-10-13,0.0949999988079071,19.05,73.05000305175781,48.0,1.0,5.700100898742676,48.0,100.0
2013-10-14,9.305000305175781,19.05,73.05000305175781,48.0,9.0,967.4672241210938,48.0,100.0
2013-10-15,0.0,19.05,73.05000305175781,48.0,0.0,2.764800786972046,48.0,100.0
2013-10-16,0.0,19.05,73.05000305175781,48.0,0.0,2.764800786972046,48.0,100.0
2013-10-17,2.629999876022339,19.05,73.05000305175781,48.0,6.0,172.98023986816406,48.0,100.0
2013-10-18,0.0,19.05,73.05000305175781,48.0,0.0,2.764800786972046,48.0,100.0
2013-10-19,0.0,19.05,73.05000305175781,48.0,0.0,2.764800786972046,48.0,100.0
2013-10-20,0.0,19.05,73.05000305175781,48.0,0.0,2.764800786972046,48.0,100.0
2013-10-21,0.0,19.05,73.05000305175781,48.0,0.0,2.764800786972046,48.0,100.0
2013-10-22,0.0,19.05,73.05000305175781,48.0,0.0,2.764800786972046,48.0,100.0
2013-10-23,0.0,19.05,73.05000305175781,48.0,0.0,2.764800786972046,48.0,100.0
2013-10-24,1.1749999523162842,19.05,73.05000305175781,48.0,2.0,96.66986083984375,48.0,100.0
2013-10-25,0.0,19.05,73.05000305175781,48.0,0.0,2.764800786972046,48.0,100.0
2013-10-26,0.0,19.05,73.05000305175781,48.0,0.0,2.764800786972046,48.0,100.0
2013-10-27,0.0,19.05,73.05000305175781,48.0,0.0,2.764800786972046,48.0,100.0
2013-10-28,0.0,19.05,73.05000305175781,48.0,0.0,2.764800786972046,48.0,100.0
2013-10-29,0.0,19.05,73.05000305175781,48.0,0.0,2.764800786972046,48.0,100.0
2013-10-30,0.0,19.05,73.05000305175781,48.0,0.0,2.764800786972046,48.0,100.0
2013-10-31,0.0,19.05,73.05000305175781,48.0,0.0,2.764800786972046,48.0,100.0
2013-11-01,0.0,19.05,73.05000305175781,48.0,0.0,2.764800786972046,48.0,100.0
2013-11-02,0.0,19.05,73.05000305175781,48.0,0.0,2.764800786972046,48.0,100.0
2013-11-03,0.0,19.05,73.05000305175781,48.0,0.0,2.764800786972046,48.0,100.0
2013-11-04,0.0,19.05,73.05000305175781,48.0,0.0,2.764800786972046,48.0,100.0
2013-11-05,0.0,19.05,73.05000305175781,48.0,0.0,2.764800786972046,48.0,100.0
2013-11-06,0.0,19.05,73.05000305175781,48.0,0.0,2.764800786972046,48.0,100.0
2013-11-07,0.0,19.05,73.05000305175781,48.0,0.0,2.764800786972046,48.0,100.0
2013-11-08,0.0,19.05,73.05000305175781,48.0,0.0,2.764800786972046,48.0,100.0
2013-11-09,0.0,19.05,73.05000305175781,48.0,0.0,2.764800786972046,48.0,100.0
2013-11-10,0.0,19.05,73.05000305175781,48.0,0.0,2.764800786972046,48.0,100.0
2013-11-11,0.0,19.05,73.05000305175781,48.0,0.0,2.764800786972046,48.0,100.0
2013-11-12,0.0,19.05,73.05000305175781,48.0,0.0,2.764800786972046,48.0,100.0
2013-11-13,0.0,19.05,73.05000305175781,48.0,0.0,2.764800786972046,48.0,100.0
2013-11-14,0.0,19.05,73.05000305175781,48.0,0.0,2.764800786972046,48.0,100.0
2013-11-15,0.0,19.05,73.05000305175781,48.0,0.0,2.764800786972046,48.0,100.0
2013-11-16,0.0,19.05,73.05000305175781,48.0,0.0,2.764800786972046,48.0,100.0
2013-11-17,0.0,19.05,73.05000305175781,48.0,0.0,2.764800786972046,48.0,100.0
2013-11-18,0.0,19.05,73.05000305175781,48.0,0.0,2.764800786972046,48.0,100.0
2013-11-19,0.0,19.05,73.05000305175781,48.0,0.0,2.764800786972046,48.0,100.0
2013-11-20,0.0,19.05,73.05000305175781,48.0,0.0,2.764800786972046,48.0,100.0
2013-11-21,0.0,19.05,73.05000305175781,48.0,0.0,2.764800786972046,48.0,100.0
2013-11-22,0.0,19.05,73.05000305175781,48.0,0.0,2.764800786972046,48.0,100.0
2013-11-23,0.0,19.05,73.05000305175781,48.0,0.0,2.764800786972046,48.0,100.0
2013-11-24,0.0,19.05,73.05000305175781,48.0,0.0,2.764800786972046,48.0,100.0
2013-11-25,0.0,19.05,73.05000305175781,48.0,0.0,2.764800786972046,48.0,100.0
2013-11-26,0.0,19.05,73.05000305175781,48.0,0.0,2.764800786972046,48.0,100.0
2013-11-27,5.045000076293945,19.05,73.05000305175781,48.0,3.0,670.0997314453125,48.0,100.0
2013-11-28,0.0,19.05,73.05000305175781,48.0,0.0,2.764800786972046,48.0,100.0
2013-11-29,0.0,19.05,73.05000305175781,48.0,0.0,2.764800786972046,48.0,100.0
2013-11-30,0.0,19.05,73.05000305175781,48.0,0.0,2.764800786972046,48.0,100.0
2013-12-01,0.0,19.05,73.05000305175781,48.0,0.0,2.764800786972046,48.0,100.0
2013-12-02,0.0,19.05,73.05000305175781,48.0,0.0,2.764800786972046,48.0,100.0
2013-12-03,0.0,19.05,73.05000305175781,48.0,0.0,2.764800786972046,48.0,100.0
2013-12-04,0.0,19.05,73.05000305175781,48.0,0.0,2.764800786972046,48.0,100.0
2013-12-05,0.0,19.05,73.05000305175781,48.0,0.0,2.764800786972046,48.0,100.0
2013-12-06,0.0,19.05,73.05000305175781,48.0,0.0,2.764800786972046,48.0,100.0
2013-12-07,0.0,19.05,73.05000305175781,48.0,0.0,2.764800786972046,48.0,100.0
2013-12-08,0.0,19.05,73.05000305175781,48.0,0.0,2.764800786972046,48.0,100.0
2013-12-09,0.0,19.05,73.05000305175781,48.0,0.0,2.764800786972046,48.0,100.0
2013-12-10,0.0,19.05,73.05000305175781,48.0,0.0,2.764800786972046,48.0,100.0
2013-12-11,0.0,19.05,73.05000305175781,48.0,0.0,2.764800786972046,48.0,100.0
2013-12-12,0.0,19.05,73.05000305175781,48.0,0.0,2.764800786972046,48.0,100.0
2013-12-13,0.0,19.05,73.05000305175781,48.0,0.0,2.764800786972046,48.0,100.0
2013-12-14,0.0,19.05,73.05000305175781,48.0,0.0,2.764800786972046,48.0,100.0
2013-12-15,0.0,19.05,73.05000305175781,48.0,0.0,2.764800786972046,48.0,100.0
2013-12-16,0.0,19.05,73.05000305175781,48.0,0.0,2.764800786972046,48.0,100.0
2013-12-17,0.0,19.05,73.05000305175781,48.0,0.0,2.764800786972046,48.0,100.0
2013-12-18,0.0,19.05,73.05000305175781,48.0,0.0,2.764800786972046,48.0,100.0
2013-12-19,0.0,19.05,73.05000305175781,48.0,0.0,2.764800786972046,48.0,100.0
2013-12-20,0.0,19.05,73.05000305175781,48.0,0.0,2.764800786972046,48.0,100.0
2013-12-21,0.0,19.05,73.05000305175781,48.0,0.0,2.764800786972046,48.0,100.0
2013-12-22,0.0,19.05,73.05000305175781,48.0,0.0,2.764800786972046,48.0,100.0
2013-12-23,0.0,19.05,73.05000305175781,48.0,0.0,2.764800786972046,48.0,100.0
2013-12-24,0.0,19.05,73.05000305175781,48.0,0.0,2.764800786972046,48.0,100.0
2013-12-25,0.0,19.05,73.05000305175781,48.0,0.0,2.764800786972046,48.0,100.0
2013-12-26,0.0,19.05,73.05000305175781,48.0,0.0,2.764800786972046,48.0,100.0
2013-12-27,0.0,19.05,73.05000305175781,48.0,0.0,2.764800786972046,48.0,100.0
2013-12-28,0.0,19.05,73.05000305175781,48.0,0.0,2.764800786972046,48.0,100.0
2013-12-29,0.0,19.05,73.05000305175781,48.0,0.0,2.764800786972046,48.0,100.0
2013-12-30,0.0,19.05,73.05000305175781,48.0,0.0,2.764800786972046,48.0,100.0
2013-12-31,0.0,19.05,73.05000305175781,48.0,0.0,2.764800786972046,48.0,100.0
2014-01-01,0.0,19.05,73.05000305175781,48.0,0.0,2.764800786972046,48.0,100.0
2014-01-02,0.0,19.05,73.05000305175781,48.0,0.0,2.764800786972046,48.0,100.0
2014-01-03,0.0,19.05,73.05000305175781,48.0,0.0,2.764800786972046,48.0,100.0
2014-01-04,0.0,19.05,73.05000305175781,48.0,0.0,2.764800786972046,48.0,100.0
2014-01-05,0.0,19.05,73.05000305175781,48.0,0.0,2.764800786972046,48.0,100.0
2014-01-06,0.0,19.05,73.05000305175781,48.0,0.0,2.764800786972046,48.0,100.0
2014-01-07,0.0,19.05,73.05000305175781,48.0,0.0,2.764800786972046,48.0,100.0
2014-01-08,0.0,19.05,73.05000305175781,48.0,0.0,2.764800786972046,48.0,100.0
2014-01-09,0.0,19.05,73.05000305175781,48.0,0.0,2.764800786972046,48.0,100.0
2014-01-10,0.0,19.05,73.05000305175781,48.0,0.0,2.764800786972046,48.0,100.0
2014-01-11,0.0,19.05,73.05000305175781,48.0,0.0,2.764800786972046,48.0,100.0
2014-01-12,0.0,19.05,73.05000305175781,48.0,0.0,2.764800786972046,48.0,100.0
2014-01-13,0.0,19.05,73.05000305175781,48.0,0.0,2.764800786972046,48.0,100.0
2014-01-14,0.0,19.05,73.05000305175781,48.0,0.0,2.764800786972046,48.0,100.0
2014-01-15,0.0,19.05,73.05000305175781,48.0,0.0,2.764800786972046,48.0,100.0
2014-01-16,0.0,19.05,73.05000305175781,48.0,0.0,2.764800786972046,48.0,100.0
2014-01-17,0.0,19.05,73.05000305175781,48.0,0.0,2.764800786972046,48.0,100.0
2014-01-18,0.0,19.05,73.05000305175781,48.0,0.0,2.764800786972046,48.0,100.0
2014-01-19,0.0,19.05,73.05000305175781,48.0,0.0,2.764800786972046,48.0,100.0
2014-01-20,1.209999918937683,19.05,73.05000305175781,48.0,17.0,41.56889724731445,48.0,100.0
2014-01-21,0.7899999618530273,19.05,73.05000305175781,48.0,12.0,26.18560028076172,48.0,100.0
2014-01-22,0.0,19.05,73.05000305175781,48.0,0.0,2.764800786972046,48.0,100.0
2014-01-23,0.0,19.05,73.05000305175781,48.0,0.0,2.764800786972046,48.0,100.0
2014-01-24,0.0,19.05,73.05000305175781,48.0,0.0,2.764800786972046,48.0,100.0
2014-01-25,0.0,19.05,73.05000305175781,48.0,0.0,2.764800786972046,48.0,100.0
2014-01-26,0.0,19.05,73.05000305175781,48.0,0.0,2.764800786972046,48.0,100.0
2014-01-27,0.0,19.05,73.05000305175781,48.0,0.0,2.764800786972046,48.0,100.0
2014-01-28,0.0,19.05,73.05000305175781,48.0,0.0,2.764800786972046,48.0,100.0
2014-01-29,0.0,19.05,73.05000305175781,48.0,0.0,2.764800786972046,48.0,100.0
2014-01-30,0.0,19.05,73.05000305175781,48.0,0.0,2.764800786972046,48.0,100.0
2014-01-31,0.0,19.05,73.05000305175781,48.0,0.0,2.764800786972046,48.0,100.0
2014-02-01,0.0,19.05,73.05000305175781,48.0,0.0,2.764800786972046,48.0,100.0
2014-02-02,0.0,19.05,73.05000305175781,48.0,0.0,2.764800786972046,48.0,100.0
2014-02-03,0.0,19.05,73.05000305175781,48.0,0.0,2.764800786972046,48.0,100.0
2014-02-04,0.0,19.05,73.05000305175781,48.0,0.0,2.764800786972046,48.0,100.0
2014-02-05,0.0,19.05,73.05000305175781,48.0,0.0,2.764800786972046,48.0,100.0
2014-02-06,0.0,19.05,73.05000305175781,48.0,0.0,2.764800786972046,48.0,100.0
2014-02-07,0.0,19.05,73.05000305175781,48.0,0.0,2.764800786972046,48.0,100.0
2014-02-08,0.0,19.05,73.05000305175781,48.0,0.0,2.764800786972046,48.0,100.0
2014-02-09,0.0,19.05,73.05000305175781,48.0,0.0,2.764800786972046,48.0,100.0
2014-02-10,0.0,19.05,73.05000305175781,48.0,0.0,2.764800786972046,48.0,100.0
2014-02-11,0.0,19.05,73.05000305175781,48.0,0.0,2.764800786972046,48.0,100.0
2014-02-12,0.0,19.05,73.05000305175781,48.0,0.0,2.764800786972046,48.0,100.0
2014-02-13,0.0,19.05,73.05000305175781,48.0,0.0,2.764800786972046,48.0,100.0
2014-02-14,0.0,19.05,73.05000305175781,48.0,0.0,2.764800786972046,48.0,100.0
2014-02-15,0.029999999329447746,19.05,73.05000305175781,48.0,1.0,3.4641008377075195,48.0,100.0
2014-02-16,0.0,19.05,73.05000305175781,48.0,0.0,2.764800786972046,48.0,100.0
2014-02-17,0.0,19.05,73.05000305175781,48.0,0.0,2.764800786972046,48.0,100.0
2014-02-18,0.0,19.05,73.05000305175781,48.0,0.0,2.764800786972046,48.0,100.0
2014-02-19,0.0,19.05,73.05000305175781,48.0,0.0,2.764800786972046,48.0,100.0
2014-02-20,0.0,19.05,73.05000305175781,48.0,0.0,2.764800786972046,48.0,100.0
2014-02-21,0.0,19.05,73.05000305175781,48.0,0.0,2.764800786972046,48.0,100.0
2014-02-22,0.0,19.05,73.05000305175781,48.0,0.0,2.764800786972046,48.0,100.0
2014-02-23,0.0,19.05,73.05000305175781,48.0,0.0,2.764800786972046,48.0,100.0
2014-02-24,0.0,19.05,73.05000305175781,48.0,0.0,2.764800786972046,48.0,100.0
2014-02-25,0.0,19.05,73.05000305175781,48.0,0.0,2.764800786972046,48.0,100.0
2014-02-26,0.0,19.05,73.05000305175781,48.0,0.0,2.764800786972046,48.0,100.0
2014-02-27,0.0,19.05,73.05000305175781,48.0,0.0,2.764800786972046,48.0,100.0
2014-02-28,0.0,19.05,73.05000305175781,48.0,0.0,2.764800786972046,48.0,100.0
2014-03-01,0.0,19.05,73.05000305175781,48.0,0.0,2.764800786972046,48.0,100.0
2014-03-02,0.0,19.05,73.05000305175781,48.0,0.0,2.764800786972046,48.0,100.0
2014-03-03,0.0,19.05,73.05000305175781,48.0,0.0,2.764800786972046,48.0,100.0
2014-03-04,0.0,19.05,73.05000305175781,48.0,0.0,2.764800786972046,48.0,100.0
2014-03-05,0.0,19.05,73.05000305175781,48.0,0.0,2.764800786972046,48.0,100.0
2014-03-06,0.0,19.05,73.05000305175781,48.0,0.0,2.764800786972046,48.0,100.0
2014-03-07,0.0,19.05,73.05000305175781,48.0,0.0,2.764800786972046,48.0,100.0
2014-03-08,0.0,19.05,73.05000305175781,48.0,0.0,2.764800786972046,48.0,100.0
2014-03-09,0.0,19.05,73.05000305175781,48.0,0.0,2.764800786972046,48.0,100.0
2014-03-10,0.0,19.05,73.05000305175781,48.0,0.0,2.764800786972046,48.0,100.0
2014-03-11,0.0,19.05,73.05000305175781,48.0,0.0,2.764800786972046,48.0,100.0
2014-03-12,0.0,19.05,73.05000305175781,48.0,0.0,2.764800786972046,48.0,100.0
2014-03-13,0.0,19.05,73.05000305175781,48.0,0.0,2.764800786972046,48.0,100.0
2014-03-14,0.0,19.05,73.05000305175781,48.0,0.0,2.764800786972046,48.0,100.0
2014-03-15,0.0,19.05,73.05000305175781,48.0,0.0,2.764800786972046,48.0,100.0
2014-03-16,0.0,19.05,73.05000305175781,48.0,0.0,2.764800786972046,48.0,100.0
2014-03-17,0.0,19.05,73.05000305175781,48.0,0.0,2.764800786972046,48.0,100.0
2014-03-18,0.0,19.05,73.05000305175781,48.0,0.0,2.764800786972046,48.0,100.0
2014-03-19,0.0,19.05,73.05000305175781,48.0,0.0,2.764800786972046,48.0,100.0
2014-03-20,0.0,19.05,73.05000305175781,48.0,0.0,2.764800786972046,48.0,100.0
2014-03-21,0.0,19.05,73.05000305175781,48.0,0.0,2.764800786972046,48.0,100.0
2014-03-22,0.0,19.05,73.05000305175781,48.0,0.0,2.764800786972046,48.0,100.0
2014-03-23,0.0,19.05,73.05000305175781,48.0,0.0,2.764800786972046,48.0,100.0
2014-03-24,0.0,19.05,73.05000305175781,48.0,0.0,2.764800786972046,48.0,100.0
2014-03-25,0.0,19.05,73.05000305175781,48.0,0.0,2.764800786972046,48.0,100.0
2014-03-26,0.0,19.05,73.05000305175781,48.0,0.0,2.764800786972046,48.0,100.0
2014-03-27,0.0,19.05,73.05000305175781,48.0,0.0,2.764800786972046,48.0,100.0
2014-03-28,0.0,19.05,73.05000305175781,48.0,0.0,2.764800786972046,48.0,100.0
2014-03-29,0.0,19.05,73.05000305175781,48.0,0.0,2.764800786972046,48.0,100.0
2014-03-30,0.0,19.05,73.05000305175781,48.0,0.0,2.764800786972046,48.0,100.0
2014-03-31,0.0,19.05,73.05000305175781,48.0,0.0,2.764800786972046,48.0,100.0
2014-04-01,0.0,19.05,73.05000305175781,48.0,0.0,2.764800786972046,48.0,100.0
2014-04-02,0.0,19.05,73.05000305175781,48.0,0.0,2.764800786972046,48.0,100.0
2014-04-03,0.0,19.05,73.05000305175781,48.0,0.0,2.764800786972046,48.0,100.0
2014-04-04,0.0,19.05,73.05000305175781,48.0,0.0,2.764800786972046,48.0,100.0
2014-04-05,0.0,19.05,73.05000305175781,48.0,0.0,2.764800786972046,48.0,100.0
2014-04-06,0.0,19.05,73.05000305175781,48.0,0.0,2.764800786972046,48.0,100.0
2014-04-07,0.0,19.05,73.05000305175781,48.0,0.0,2.764800786972046,48.0,100.0
2014-04-08,0.0,19.05,73.05000305175781,48.0,0.0,2.764800786972046,48.0,100.0
2014-04-09,0.0,19.05,73.05000305175781,48.0,0.0,2.764800786972046,48.0,100.0
2014-04-10,0.0,19.05,73.05000305175781,48.0,0.0,2.764800786972046,48.0,100.0
2014-04-11,0.0,19.05,73.05000305175781,48.0,0.0,2.764800786972046,48.0,100.0
2014-04-12,0.0,19.05,73.05000305175781,48.0,0.0,2.764800786972046,48.0,100.0
2014-04-13,0.0,19.05,73.05000305175781,48.0,0.0,2.764800786972046,48.0,100.0
2014-04-14,0.0,19.05,73.05000305175781,48.0,0.0,2.764800786972046,48.0,100.0
2014-04-15,0.0,19.05,73.05000305175781,48.0,0.0,2.764800786972046,48.0,100.0
2014-04-16,0.0,19.05,73.05000305175781,48.0,0.0,2.764800786972046,48.0,100.0
2014-04-17,0.0,19.05,73.05000305175781,48.0,0.0,2.764800786972046,48.0,100.0
2014-04-18,0.0,19.05,73.05000305175781,48.0,0.0,2.764800786972046,48.0,100.0
2014-04-19,0.0,19.05,73.05000305175781,48.0,0.0,2.764800786972046,48.0,100.0
2014-04-20,0.0,19.05,73.05000305175781,48.0,0.0,2.764800786972046,48.0,100.0
2014-04-21,0.0,19.05,73.05000305175781,48.0,0.0,2.764800786972046,48.0,100.0
2014-04-22,0.0,19.05,73.05000305175781,48.0,0.0,2.764800786972046,48.0,100.0
2014-04-23,0.0,19.05,73.05000305175781,48.0,0.0,2.764800786972046,48.0,100.0
2014-04-24,0.0,19.05,73.05000305175781,48.0,0.0,2.764800786972046,48.0,100.0
2014-04-25,0.0,19.05,73.05000305175781,48.0,0.0,2.764800786972046,48.0,100.0
2014-04-26,0.0,19.05,73.05000305175781,48.0,0.0,2.764800786972046,48.0,100.0
2014-04-27,0.0,19.05,73.05000305175781,48.0,0.0,2.764800786972046,48.0,100.0
2014-04-28,0.0,19.05,73.05000305175781,48.0,0.0,2.764800786972046,48.0,100.0
2014-04-29,0.0,19.05,73.05000305175781,48.0,0.0,2.764800786972046,48.0,100.0
2014-04-30,0.0,19.05,73.05000305175781,48.0,0.0,2.764800786972046,48.0,100.0
2014-05-01,0.0,19.05,73.05000305175781,48.0,0.0,2.764800786972046,48.0,100.0
2014-05-02,0.0,19.05,73.05000305175781,48.0,0.0,2.764800786972046,48.0,100.0
2014-05-03,0.0,19.05,73.05000305175781,48.0,0.0,2.764800786972046,48.0,100.0
2014-05-04,0.0,19.05,73.05000305175781,48.0,0.0,2.764800786972046,48.0,100.0
2014-05-05,0.0,19.05,73.05000305175781,48.0,0.0,2.764800786972046,48.0,100.0
2014-05-06,0.0,19.05,73.05000305175781,48.0,0.0,2.764800786972046,48.0,100.0
2014-05-07,0.0,19.05,73.05000305175781,48.0,0.0,2.764800786972046,48.0,100.0
2014-05-08,0.0,19.05,73.05000305175781,48.0,0.0,2.764800786972046,48.0,100.0
2014-05-09,0.0,19.05,73.05000305175781,48.0,0.0,2.764800786972046,48.0,100.0
2014-05-10,0.0,19.05,73.05000305175781,48.0,0.0,2.764800786972046,48.0,100.0
2014-05-11,0.0,19.05,73.05000305175781,48.0,0.0,2.764800786972046,48.0,100.0
2014-05-12,0.0,19.05,73.05000305175781,48.0,0.0,2.764800786972046,48.0,100.0
2014-05-13,0.0,19.05,73.05000305175781,48.0,0.0,2.764800786972046,48.0,100.0
2014-05-14,0.0,19.05,73.05000305175781,48.0,0.0,2.764800786972046,48.0,100.0
2014-05-15,0.0,19.05,73.05000305175781,48.0,0.0,2.764800786972046,48.0,100.0
2014-05-16,0.0,19.05,73.05000305175781,48.0,0.0,2.764800786972046,48.0,100.0
2014-05-17,0.0,19.05,73.05000305175781,48.0,0.0,2.764800786972046,48.0,100.0
2014-05-18,0.0,19.05,73.05000305175781,48.0,0.0,2.764800786972046,48.0,100.0
2014-05-19,0.0,19.05,73.05000305175781,48.0,0.0,2.764800786972046,48.0,100.0
2014-05-20,0.7649999856948853,19.05,73.05000305175781,48.0,2.0,49.95808029174805,48.0,100.0
2014-05-21,0.0,19.05,73.05000305175781,48.0,0.0,2.764800786972046,48.0,100.0
2014-05-22,0.0,19.05,73.05000305175781,48.0,0.0,2.764800786972046,48.0,100.0
2014-05-23,0.0,19.05,73.05000305175781,48.0,0.0,2.764800786972046,48.0,100.0
2014-05-24,0.0,19.05,73.05000305175781,48.0,0.0,2.764800786972046,48.0,100.0
2014-05-25,0.0,19.05,73.05000305175781,48.0,0.0,2.764800786972046,48.0,100.0
2014-05-26,0.0,19.05,73.05000305175781,48.0,0.0,2.764800786972046,48.0,100.0
2014-05-27,0.0,19.05,73.05000305175781,48.0,0.0,2.764800786972046,48.0,100.0
2014-05-28,0.0,19.05,73.05000305175781,48.0,0.0,2.764800786972046,48.0,100.0
2014-05-29,0.0,19.05,73.05000305175781,48.0,0.0,2.764800786972046,48.0,100.0
2014-05-30,0.0,19.05,73.05000305175781,48.0,0.0,2.764800786972046,48.0,100.0
2014-05-31,0.0,19.05,73.05000305175781,48.0,0.0,2.764800786972046,48.0,100.0
2014-06-01,0.0,19.05,73.05000305175781,48.0,0.0,2.764800786972046,48.0,100.0
2014-06-02,0.6000000238418579,19.05,73.05000305175781,48.0,5.0,23.96929931640625,48.0,99.0
2014-06-03,0.0,19.05,73.05000305175781,48.0,0.0,2.764800786972046,48.0,100.0
2014-06-04,0.3100000023841858,19.05,73.05000305175781,48.0,2.0,17.833600997924805,48.0,100.0
2014-06-05,2.129999876022339,19.05,73.05000305175781,48.0,5.0,137.722900390625,48.0,100.0
2014-06-06,0.0,19.05,73.05000305175781,48.0,0.0,2.764800786972046,48.0,100.0
2014-06-07,0.0,19.05,73.05000305175781,48.0,0.0,2.764800786972046,48.0,100.0
2014-06-08,0.0,19.05,73.05000305175781,48.0,0.0,2.764800786972046,48.0,100.0
2014-06-09,8.8149995803833,19.05,73.05000305175781,48.0,12.0,1637.8026123046875,48.0,100.0
2014-06-10,0.5,19.05,73.05000305175781,48.0,6.0,18.16120147705078,48.0,100.0
2014-06-11,0.13999998569488525,19.05,73.05000305175781,48.0,2.0,6.821300506591797,48.0,100.0
2014-06-12,0.03500000014901161,19.05,73.05000305175781,48.0,1.0,3.6481008529663086,48.0,100.0
2014-06-13,7.565000534057617,19.05,73.05000305175781,48.0,11.0,590.8335571289062,48.0,100.0
2014-06-14,0.2199999988079071,19.05,73.05000305175781,48.0,3.0,9.151700973510742,48.0,100.0
2014-06-15,6.220000267028809,19.05,73.05000305175781,48.0,14.0,406.2684631347656,48.0,99.0
2014-06-16,60.464988708496094,19.05,73.05000305175781,48.0,48.0,6876.48291015625,48.0,100.0
2014-06-17,0.4950000047683716,19.05,73.05000305175781,48.0,3.0,22.697799682617188,48.0,100.0
2014-06-18,0.8650000095367432,19.05,73.05000305175781,48.0,3.0,48.4903564453125,48.0,100.0
2014-06-19,11.265000343322754,19.05,73.05000305175781,48.0,12.0,1277.697021484375,48.0,100.0
2014-06-20,0.07000000029802322,19.05,73.05000305175781,48.0,2.0,4.714000701904297,48.0,100.0
2014-06-21,0.0,19.05,73.05000305175781,48.0,0.0,2.764800786972046,48.0,100.0
2014-06-22,0.0,19.05,73.05000305175781,48.0,0.0,2.764800786972046,48.0,100.0
2014-06-23,0.0,19.05,73.05000305175781,48.0,0.0,2.764800786972046,48.0,100.0
2014-06-24,0.0,19.05,73.05000305175781,48.0,0.0,2.764800786972046,48.0,100.0
2014-06-25,0.0,19.05,73.05000305175781,48.0,0.0,2.764800786972046,48.0,100.0
2014-06-26,0.0,19.05,73.05000305175781,48.0,0.0,2.764800786972046,48.0,100.0
2014-06-27,0.0,19.05,73.05000305175781,48.0,0.0,2.764800786972046,48.0,100.0
2014-06-28,2.9749999046325684,19.05,73.05000305175781,48.0,4.0,245.92214965820312,48.0,100.0
2014-06-29,0.0,19.05,73.05000305175781,48.0,0.0,2.764800786972046,48.0,100.0
2014-06-30,0.0,19.05,73.05000305175781,48.0,0.0,2.764800786972046,48.0,100.0
2014-07-01,4.869999885559082,19.05,73.05000305175781,48.0,15.0,324.9951171875,48.0,100.0
2014-07-02,27.814998626708984,19.05,73.05000305175781,48.0,22.0,3091.8232421875,48.0,100.0
2014-07-03,14.815000534057617,19.05,73.05000305175781,48.0,26.0,1247.8062744140625,48.0,100.0
2014-07-04,0.4399999976158142,19.05,73.05000305175781,48.0,7.0,16.098501205444336,48.0,100.0
2014-07-05,0.0,19.05,73.05000305175781,48.0,0.0,2.764800786972046,48.0,100.0
2014-07-06,0.7949999570846558,19.05,73.05000305175781,48.0,7.0,31.6841983795166,48.0,100.0
2014-07-07,17.760000228881836,19.05,73.05000305175781,48.0,29.0,1462.7939453125,48.0,100.0
2014-07-08,20.21500015258789,19.05,73.05000305175781,48.0,31.0,1956.030517578125,48.0,100.0
2014-07-09,42.53999710083008,19.05,73.05000305175781,48.0,37.0,4884.255859375,48.0,100.0
2014-07-10,18.775001525878906,19.05,73.05000305175781,48.0,32.0,1594.7314453125,48.0,99.0
2014-07-11,81.46499633789062,19.05,73.05000305175781,48.0,47.0,9611.1376953125,48.0,100.0
2014-07-12,28.334993362426758,19.05,73.05000305175781,48.0,45.0,2541.148681640625,48.0,100.0
2014-07-13,34.68999481201172,19.05,73.05000305175781,48.0,46.0,3134.134033203125,48.0,100.0
2014-07-14,18.075000762939453,19.05,73.05000305175781,48.0,34.0,1614.0577392578125,48.0,99.0
2014-07-15,105.21998596191406,19.05,73.05000305175781,48.0,42.0,15026.5673828125,48.0,100.0
2014-07-16,47.71500015258789,19.05,73.05000305175781,48.0,40.0,5365.07470703125,48.0,100.0
2014-07-17,12.249998092651367,19.05,73.05000305175781,48.0,27.0,856.9992065429688,48.0,100.0
2014-07-18,5.324999809265137,19.05,73.05000305175781,48.0,14.0,439.92755126953125,48.0,100.0
2014-07-19,2.7200000286102295,19.05,73.05000305175781,48.0,23.0,144.53427124023438,48.0,100.0
2014-07-20,1.5799999237060547,19.05,73.05000305175781,48.0,10.0,94.49243927001953,48.0,100.0
2014-07-21,1.6150000095367432,19.05,73.05000305175781,48.0,11.0,71.48426055908203,48.0,100.0
2014-07-22,43.65999984741211,19.05,73.05000305175781,48.0,45.0,4582.8349609375,48.0,100.0
2014-07-23,91.76000213623047,19.05,73.05000305175781,48.0,48.0,12170.501953125,48.0,100.0
2014-07-24,0.02499999850988388,19.05,73.05000305175781,48.0,1.0,3.300100803375244,48.0,100.0
2014-07-25,0.0,19.05,73.05000305175781,48.0,0.0,2.764800786972046,48.0,100.0
2014-07-26,2.9649999141693115,19.05,73.05000305175781,48.0,8.0,182.25997924804688,48.0,100.0
2014-07-27,99.43498229980469,19.05,73.05000305175781,48.0,47.0,13961.9169921875,48.0,100.0
2014-07-28,123.84999084472656,19.05,73.05000305175781,48.0,48.0,17422.65234375,48.0,100.0
2014-07-29,96.84500122070312,19.05,73.05000305175781,48.0,48.0,12242.265625,48.0,100.0
2014-07-30,28.95999526977539,19.05,73.05000305175781,48.0,39.0,2363.935791015625,48.0,100.0
2014-07-31,141.7849884033203,19.05,73.05000305175781,48.0,47.0,21676.576171875,48.0,100.0
2014-08-01,3.25,19.05,73.05000305175781,48.0,15.0,161.6049346923828,48.0,100.0
2014-08-02,0.3799999952316284,19.05,73.05000305175781,48.0,7.0,14.220000267028809,48.0,100.0
2014-08-03,11.604999542236328,19.05,73.05000305175781,48.0,23.0,957.1115112304688,48.0,100.0
2014-08-04,63.94500732421875,19.05,73.05000305175781,48.0,36.0,8081.6416015625,48.0,99.0
2014-08-05,1.0950000286102295,19.05,73.05000305175781,48.0,6.0,48.486427307128906,48.0,100.0
2014-08-06,4.110000133514404,19.05,73.05000305175781,48.0,12.0,238.56895446777344,48.0,100.0
2014-08-07,0.0,19.05,73.05000305175781,48.0,0.0,2.764800786972046,48.0,100.0
2014-08-08,0.0,19.05,73.05000305175781,48.0,0.0,2.764800786972046,48.0,100.0
2014-08-09,0.0,19.05,73.05000305175781,48.0,0.0,2.764800786972046,48.0,100.0
2014-08-10,0.044999998062849045,19.05,73.05000305175781,48.0,1.0,3.873600721359253,48.0,100.0
2014-08-11,0.3499999940395355,19.05,73.05000305175781,48.0,3.0,15.90579891204834,48.0,100.0
2014-08-12,0.125,19.05,73.05000305175781,48.0,2.0,6.2181010246276855,48.0,100.0
2014-08-13,0.9950000047683716,19.05,73.05000305175781,48.0,11.0,36.86529541015625,48.0,100.0
2014-08-14,0.0,19.05,73.05000305175781,48.0,0.0,2.764800786972046,48.0,100.0
2014-08-15,1.3499999046325684,19.05,73.05000305175781,48.0,2.0,99.03765106201172,48.0,100.0
2014-08-16,0.38499999046325684,19.05,73.05000305175781,48.0,3.0,17.559598922729492,48.0,100.0
2014-08-17,0.03500000014901161,19.05,73.05000305175781,48.0,1.0,3.6481008529663086,48.0,100.0
2014-08-18,0.6149999499320984,19.05,73.05000305175781,48.0,6.0,26.074398040771484,48.0,100.0
2014-08-19,0.48000001907348633,19.05,73.05000305175781,48.0,6.0,17.24519920349121,48.0,99.0
2014-08-20,20.334999084472656,19.05,73.05000305175781,48.0,21.0,2124.0986328125,48.0,100.0
2014-08-21,26.950000762939453,19.05,73.05000305175781,48.0,39.0,2247.91552734375,48.0,100.0
2014-08-22,44.099998474121094,19.05,73.05000305175781,48.0,43.0,4928.1875,48.0,100.0
2014-08-23,75.45999908447266,19.05,73.05000305175781,48.0,26.0,18383.673828125,48.0,100.0
2014-08-24,40.064998626708984,19.05,73.05000305175781,48.0,21.0,5165.177734375,48.0,100.0
2014-08-25,42.53999328613281,19.05,73.05000305175781,48.0,36.0,4712.4228515625,48.0,100.0
2014-08-26,25.98999786376953,19.05,73.05000305175781,48.0,44.0,1911.0927734375,48.0,100.0
2014-08-27,19.529996871948242,19.05,73.05000305175781,48.0,32.0,1665.912109375,48.0,100.0
2014-08-28,16.84999656677246,19.05,73.05000305175781,48.0,33.0,1296.5162353515625,48.0,100.0
2014-08-29,51.445003509521484,19.05,73.05000305175781,48.0,35.0,7165.478515625,48.0,99.0
2014-08-30,65.75499725341797,19.05,73.05000305175781,48.0,38.0,10452.5947265625,48.0,100.0
2014-08-31,72.02499389648438,19.05,73.05000305175781,48.0,48.0,8535.2900390625,48.0,100.0
2014-09-01,92.00000762939453,19.05,73.05000305175781,48.0,47.0,12454.484375,48.0,99.0
2014-09-02,14.219999313354492,19.05,73.05000305175781,48.0,22.0,1151.147216796875,48.0,100.0
2014-09-03,7.574999809265137,19.05,73.05000305175781,48.0,14.0,586.4036254882812,48.0,100.0
2014-09-04,8.864999771118164,19.05,73.05000305175781,48.0,12.0,889.6636962890625,48.0,100.0
2014-09-05,88.36000061035156,19.05,73.05000305175781,48.0,36.0,13129.908203125,48.0,100.0
2014-09-06,1.024999976158142,19.05,73.05000305175781,48.0,3.0,75.26544952392578,48.0,100.0
2014-09-07,6.880000114440918,19.05,73.05000305175781,48.0,13.0,510.2724304199219,48.0,100.0
2014-09-08,11.139999389648438,19.05,73.05000305175781,48.0,27.0,730.3580932617188,48.0,100.0
2014-09-09,4.014999866485596,19.05,73.05000305175781,48.0,19.0,197.91798400878906,48.0,100.0
2014-09-10,1.1599998474121094,19.05,73.05000305175781,48.0,11.0,41.875755310058594,48.0,100.0
2014-09-11,0.0,19.05,73.05000305175781,48.0,0.0,2.764800786972046,48.0,100.0
2014-09-12,0.1599999964237213,19.05,73.05000305175781,48.0,2.0,7.647400856018066,48.0,100.0
2014-09-13,0.5349999666213989,19.05,73.05000305175781,48.0,1.0,36.00005340576172,48.0,100.0
2014-09-14,0.0,19.05,73.05000305175781,48.0,0.0,2.764800786972046,48.0,100.0
2014-09-15,0.0,19.05,73.05000305175781,48.0,0.0,2.764800786972046,48.0,100.0
2014-09-16,0.0,19.05,73.05000305175781,48.0,0.0,2.764800786972046,48.0,100.0
2014-09-17,0.9049999713897705,19.05,73.05000305175781,48.0,1.0,74.1097640991211,48.0,100.0
2014-09-18,6.7699995040893555,19.05,73.05000305175781,48.0,8.0,621.8538818359375,48.0,100.0
2014-09-19,0.3199999928474426,19.05,73.05000305175781,48.0,5.0,12.447999954223633,48.0,100.0
2014-09-20,0.4449999928474426,19.05,73.05000305175781,48.0,3.0,20.375200271606445,48.0,100.0
2014-09-21,0.0,19.05,73.05000305175781,48.0,0.0,2.764800786972046,48.0,100.0
2014-09-22,0.32499998807907104,19.05,73.05000305175781,48.0,3.0,14.001899719238281,48.0,100.0
2014-09-23,0.0,19.05,73.05000305175781,48.0,0.0,2.764800786972046,48.0,100.0
2014-09-24,0.0,19.05,73.05000305175781,48.0,0.0,2.764800786972046,48.0,100.0
2014-09-25,24.50499725341797,19.05,73.05000305175781,48.0,17.0,2642.970947265625,48.0,100.0
2014-09-26,14.970001220703125,19.05,73.05000305175781,48.0,9.0,2174.609130859375,48.0,99.0
2014-09-27,0.0,19.05,73.05000305175781,48.0,0.0,2.764800786972046,48.0,100.0
2014-09-28,0.0,19.05,73.05000305175781,48.0,0.0,2.764800786972046,48.0,100.0
2014-09-29,0.0,19.05,73.05000305175781,48.0,0.0,2.764800786972046,48.0,100.0
2014-09-30,57.41999053955078,19.05,73.05000305175781,48.0,24.0,8264.5908203125,48.0,100.0
2014-10-01,4.879999160766602,19.05,73.05000305175781,48.0,14.0,327.98931884765625,48.0,100.0
2014-10-02,0.07999999821186066,19.05,73.05000305175781,48.0,1.0,5.235300540924072,48.0,100.0
2014-10-03,0.0,19.05,73.05000305175781,48.0,0.0,2.764800786972046,48.0,100.0
2014-10-04,0.0,19.05,73.05000305175781,48.0,0.0,2.764800786972046,48.0,100.0
2014-10-05,0.0,19.05,73.05000305175781,48.0,0.0,2.764800786972046,48.0,100.0
2014-10-06,0.0,19.05,73.05000305175781,48.0,0.0,2.764800786972046,48.0,100.0
2014-10-07,4.694999694824219,19.05,73.05000305175781,48.0,19.0,261.4439697265625,48.0,100.0
2014-10-08,0.0,19.05,73.05000305175781,48.0,0.0,2.764800786972046,48.0,100.0
2014-10-09,2.2200000286102295,19.05,73.05000305175781,48.0,5.0,137.09234619140625,48.0,100.0
2014-10-10,0.07999999821186066,19.05,73.05000305175781,48.0,1.0,5.109700679779053,48.0,100.0
2014-10-11,0.0,19.05,73.05000305175781,48.0,0.0,2.764800786972046,48.0,100.0
2014-10-12,0.0,19.05,73.05000305175781,48.0,0.0,2.764800786972046,48.0,100.0
2014-10-13,0.0,19.05,73.05000305175781,48.0,0.0,2.7856006622314453,48.0,100.0
2014-10-14,0.0,19.05,73.05000305175781,48.0,0.0,2.764800786972046,48.0,100.0
2014-10-15,0.0,19.05,73.05000305175781,48.0,0.0,2.764800786972046,48.0,100.0
2014-10-16,0.0,19.05,73.05000305175781,48.0,0.0,2.764800786972046,48.0,100.0
2014-10-17,0.0,19.05,73.05000305175781,48.0,0.0,2.764800786972046,48.0,100.0
2014-10-18,0.0,19.05,73.05000305175781,48.0,0.0,2.764800786972046,48.0,100.0
2014-10-19,0.0,19.05,73.05000305175781,48.0,0.0,2.764800786972046,48.0,100.0
2014-10-20,0.0,19.05,73.05000305175781,48.0,0.0,2.764800786972046,48.0,100.0
2014-10-21,0.0,19.05,73.05000305175781,48.0,0.0,2.764800786972046,48.0,100.0
2014-10-22,0.0,19.05,73.05000305175781,48.0,0.0,2.764800786972046,48.0,100.0
2014-10-23,0.13499999046325684,19.05,73.05000305175781,48.0,4.0,6.221200466156006,48.0,100.0
2014-10-24,5.9599995613098145,19.05,73.05000305175781,48.0,35.0,313.5460205078125,48.0,100.0
2014-10-25,9.905000686645508,19.05,73.05000305175781,48.0,36.0,567.3580932617188,48.0,99.0
2014-10-26,3.3249998092651367,19.05,73.05000305175781,48.0,33.0,137.4812774658203,48.0,100.0
2014-10-27,9.475001335144043,19.05,73.05000305175781,48.0,35.0,603.9768676757812,48.0,99.0
2014-10-28,0.0,19.05,73.05000305175781,48.0,0.0,2.764800786972046,48.0,100.0
2014-10-29,0.0,19.05,73.05000305175781,48.0,0.0,2.764800786972046,48.0,100.0
2014-10-30,0.0,19.05,73.05000305175781,48.0,0.0,2.764800786972046,48.0,100.0
2014-10-31,0.0,19.05,73.05000305175781,48.0,0.0,2.764800786972046,48.0,100.0
2014-11-01,0.0,19.05,73.05000305175781,48.0,0.0,2.764800786972046,48.0,100.0
2014-11-02,0.0,19.05,73.05000305175781,48.0,0.0,2.764800786972046,48.0,100.0
2014-11-03,0.0,19.05,73.05000305175781,48.0,0.0,2.764800786972046,48.0,100.0
2014-11-04,0.0,19.05,73.05000305175781,48.0,0.0,2.764800786972046,48.0,100.0
2014-11-05,0.0,19.05,73.05000305175781,48.0,0.0,2.764800786972046,48.0,100.0
2014-11-06,0.0,19.05,73.05000305175781,48.0,0.0,2.764800786972046,48.0,100.0
2014-11-07,0.0,19.05,73.05000305175781,48.0,0.0,2.764800786972046,48.0,100.0
2014-11-08,0.0,19.05,73.05000305175781,48.0,0.0,2.764800786972046,48.0,100.0
2014-11-09,0.0,19.05,73.05000305175781,48.0,0.0,2.764800786972046,48.0,100.0
2014-11-10,0.0,19.05,73.05000305175781,48.0,0.0,2.764800786972046,48.0,100.0
2014-11-11,0.0,19.05,73.05000305175781,48.0,0.0,2.764800786972046,48.0,100.0
2014-11-12,0.0,19.05,73.05000305175781,48.0,0.0,2.764800786972046,48.0,100.0
2014-11-13,7.835000991821289,19.05,73.05000305175781,48.0,7.0,1011.717529296875,48.0,99.0
2014-11-14,2.7199997901916504,19.05,73.05000305175781,48.0,13.0,276.83526611328125,48.0,100.0
2014-11-15,3.4699997901916504,19.05,73.05000305175781,48.0,23.0,171.74932861328125,48.0,100.0
2014-11-16,3.1449999809265137,19.05,73.05000305175781,48.0,8.0,291.4247131347656,48.0,100.0
2014-11-17,0.0,19.05,73.05000305175781,48.0,0.0,2.764800786972046,48.0,100.0
2014-11-18,0.0,19.05,73.05000305175781,48.0,0.0,2.764800786972046,48.0,100.0
2014-11-19,0.0,19.05,73.05000305175781,48.0,0.0,2.764800786972046,48.0,100.0
2014-11-20,0.0,19.05,73.05000305175781,48.0,0.0,2.764800786972046,48.0,100.0
2014-11-21,0.0,19.05,73.05000305175781,48.0,0.0,2.764800786972046,48.0,100.0
2014-11-22,0.0,19.05,73.05000305175781,48.0,0.0,2.764800786972046,48.0,100.0
2014-11-23,0.0,19.05,73.05000305175781,48.0,0.0,2.764800786972046,48.0,100.0
2014-11-24,0.0,19.05,73.05000305175781,48.0,0.0,2.764800786972046,48.0,100.0
2014-11-25,0.0,19.05,73.05000305175781,48.0,0.0,2.764800786972046,48.0,100.0
2014-11-26,0.0,19.05,73.05000305175781,48.0,0.0,2.764800786972046,48.0,100.0
2014-11-27,0.0,19.05,73.05000305175781,48.0,0.0,2.764800786972046,48.0,100.0
2014-11-28,0.0,19.05,73.05000305175781,48.0,0.0,2.764800786972046,48.0,100.0
2014-11-29,0.0,19.05,73.05000305175781,48.0,0.0,2.764800786972046,48.0,100.0
2014-11-30,0.0,19.05,73.05000305175781,48.0,0.0,2.764800786972046,48.0,100.0
2014-12-01,0.0,19.05,73.05000305175781,48.0,0.0,2.764800786972046,48.0,100.0
2014-12-02,0.0,19.05,73.05000305175781,48.0,0.0,2.764800786972046,48.0,100.0
2014-12-03,0.0,19.05,73.05000305175781,48.0,0.0,2.764800786972046,48.0,100.0
2014-12-04,0.0,19.05,73.05000305175781,48.0,0.0,2.764800786972046,48.0,100.0
2014-12-05,0.0,19.05,73.05000305175781,48.0,0.0,2.764800786972046,48.0,100.0
2014-12-06,0.0,19.05,73.05000305175781,48.0,0.0,2.764800786972046,48.0,100.0
2014-12-07,0.0,19.05,73.05000305175781,48.0,0.0,2.764800786972046,48.0,100.0
2014-12-08,0.0,19.05,73.05000305175781,48.0,0.0,2.764800786972046,48.0,100.0
2014-12-09,0.0,19.05,73.05000305175781,48.0,0.0,2.764800786972046,48.0,100.0
2014-12-10,0.0,19.05,73.05000305175781,48.0,0.0,2.764800786972046,48.0,100.0
2014-12-11,0.0,19.05,73.05000305175781,48.0,0.0,2.764800786972046,48.0,100.0
2014-12-12,12.940000534057617,19.05,73.05000305175781,48.0,7.0,1757.90283203125,48.0,99.0
2014-12-13,0.26499998569488525,19.05,73.05000305175781,48.0,1.0,15.168100357055664,48.0,100.0
2014-12-14,0.0,19.05,73.05000305175781,48.0,0.0,2.764800786972046,48.0,100.0
2014-12-15,0.0,19.05,73.05000305175781,48.0,0.0,2.764800786972046,48.0,100.0
2014-12-16,0.0,19.05,73.05000305175781,48.0,0.0,2.764800786972046,48.0,100.0
2014-12-17,0.02499999850988388,19.05,73.05000305175781,48.0,3.0,3.399200439453125,48.0,100.0
2014-12-18,0.0,19.05,73.05000305175781,48.0,0.0,2.764800786972046,48.0,100.0
2014-12-19,0.009999999776482582,19.05,73.05000305175781,48.0,1.0,2.9673006534576416,48.0,100.0
2014-12-20,0.0,19.05,73.05000305175781,48.0,0.0,2.764800786972046,48.0,100.0
2014-12-21,0.0,19.05,73.05000305175781,48.0,0.0,2.764800786972046,48.0,100.0
2014-12-22,0.0,19.05,73.05000305175781,48.0,0.0,2.764800786972046,48.0,100.0
2014-12-23,0.0,19.05,73.05000305175781,48.0,0.0,2.764800786972046,48.0,100.0
2014-12-24,0.0,19.05,73.05000305175781,48.0,0.0,2.764800786972046,48.0,100.0
2014-12-25,0.0,19.05,73.05000305175781,48.0,0.0,2.764800786972046,48.0,100.0
2014-12-26,0.0,19.05,73.05000305175781,48.0,0.0,2.764800786972046,48.0,100.0
2014-12-27,0.0,19.05,73.05000305175781,48.0,0.0,2.764800786972046,48.0,100.0
2014-12-28,0.0,19.05,73.05000305175781,48.0,0.0,2.764800786972046,48.0,100.0
2014-12-29,0.0,19.05,73.05000305175781,48.0,0.0,2.764800786972046,48.0,100.0
2014-12-30,0.0,19.05,73.05000305175781,48.0,0.0,2.764800786972046,48.0,100.0
2014-12-31,0.0,19.05,73.05000305175781,48.0,0.0,2.764800786972046,48.0,100.0
2015-01-01,0.0,19.05,73.05000305175781,48.0,0.0,2.764800786972046,48.0,100.0
2015-01-02,0.0,19.05,73.05000305175781,48.0,0.0,2.764800786972046,48.0,100.0
2015-01-03,0.0,19.05,73.05000305175781,48.0,0.0,2.764800786972046,48.0,100.0
2015-01-04,0.0,19.05,73.05000305175781,48.0,0.0,2.764800786972046,48.0,100.0
2015-01-05,0.0,19.05,73.05000305175781,48.0,0.0,2.764800786972046,48.0,100.0
2015-01-06,0.0,19.05,73.05000305175781,48.0,0.0,2.764800786972046,48.0,100.0
2015-01-07,0.0,19.05,73.05000305175781,48.0,0.0,2.764800786972046,48.0,100.0
2015-01-08,0.0,19.05,73.05000305175781,48.0,0.0,2.764800786972046,48.0,100.0
2015-01-09,0.0,19.05,73.05000305175781,48.0,0.0,2.764800786972046,48.0,100.0
2015-01-10,0.0,19.05,73.05000305175781,48.0,0.0,2.764800786972046,48.0,100.0
2015-01-11,0.0,19.05,73.05000305175781,48.0,0.0,2.764800786972046,48.0,100.0
2015-01-12,0.0,19.05,73.05000305175781,48.0,0.0,2.764800786972046,48.0,100.0
2015-01-13,0.0,19.05,73.05000305175781,48.0,0.0,2.764800786972046,48.0,100.0
2015-01-14,0.0,19.05,73.05000305175781,48.0,0.0,2.764800786972046,48.0,100.0
2015-01-15,0.0,19.05,73.05000305175781,48.0,0.0,2.764800786972046,48.0,100.0
2015-01-16,0.0,19.05,73.05000305175781,48.0,0.0,2.764800786972046,48.0,100.0
2015-01-17,0.0,19.05,73.05000305175781,48.0,0.0,2.764800786972046,48.0,100.0
2015-01-18,0.0,19.05,73.05000305175781,48.0,0.0,2.764800786972046,48.0,100.0
2015-01-19,0.0,19.05,73.05000305175781,48.0,0.0,2.764800786972046,48.0,100.0
2015-01-20,0.0,19.05,73.05000305175781,48.0,0.0,2.764800786972046,48.0,100.0
2015-01-21,0.0,19.05,73.05000305175781,48.0,0.0,2.764800786972046,48.0,100.0
2015-01-22,0.0,19.05,73.05000305175781,48.0,0.0,2.764800786972046,48.0,100.0
2015-01-23,0.0,19.05,73.05000305175781,48.0,0.0,2.764800786972046,48.0,100.0
2015-01-24,0.0,19.05,73.05000305175781,48.0,0.0,2.764800786972046,48.0,100.0
2015-01-25,0.0,19.05,73.05000305175781,48.0,0.0,2.764800786972046,48.0,100.0
2015-01-26,0.0,19.05,73.05000305175781,48.0,0.0,2.764800786972046,48.0,100.0
2015-01-27,0.0,19.05,73.05000305175781,48.0,0.0,2.764800786972046,48.0,100.0
2015-01-28,0.0,19.05,73.05000305175781,48.0,0.0,2.764800786972046,48.0,100.0
2015-01-29,0.0,19.05,73.05000305175781,48.0,0.0,2.764800786972046,48.0,100.0
2015-01-30,0.0,19.05,73.05000305175781,48.0,0.0,2.764800786972046,48.0,100.0
2015-01-31,0.0,19.05,73.05000305175781,48.0,0.0,2.764800786972046,48.0,100.0
2015-02-01,0.0,19.05,73.05000305175781,48.0,0.0,2.764800786972046,48.0,100.0
2015-02-02,0.0,19.05,73.05000305175781,48.0,0.0,2.764800786972046,48.0,100.0
2015-02-03,0.0,19.05,73.05000305175781,48.0,0.0,2.764800786972046,48.0,100.0
2015-02-04,0.0,19.05,73.05000305175781,48.0,0.0,2.764800786972046,48.0,100.0
2015-02-05,0.0,19.05,73.05000305175781,48.0,0.0,2.764800786972046,48.0,100.0
2015-02-06,0.0,19.05,73.05000305175781,48.0,0.0,2.764800786972046,48.0,100.0
2015-02-07,0.0,19.05,73.05000305175781,48.0,0.0,2.764800786972046,48.0,100.0
2015-02-08,0.0,19.05,73.05000305175781,48.0,0.0,2.764800786972046,48.0,100.0
2015-02-09,0.0,19.05,73.05000305175781,48.0,0.0,2.764800786972046,48.0,100.0
2015-02-10,0.0,19.05,73.05000305175781,48.0,0.0,2.764800786972046,48.0,100.0
2015-02-11,0.0,19.05,73.05000305175781,48.0,0.0,2.764800786972046,48.0,100.0
2015-02-12,0.0,19.05,73.05000305175781,48.0,0.0,2.764800786972046,48.0,100.0
2015-02-13,0.0,19.05,73.05000305175781,48.0,0.0,2.764800786972046,48.0,100.0
2015-02-14,0.0,19.05,73.05000305175781,48.0,0.0,2.764800786972046,48.0,100.0
2015-02-15,0.0,19.05,73.05000305175781,48.0,0.0,2.764800786972046,48.0,100.0
2015-02-16,0.0,19.05,73.05000305175781,48.0,0.0,2.764800786972046,48.0,100.0
2015-02-17,0.0,19.05,73.05000305175781,48.0,0.0,2.764800786972046,48.0,100.0
2015-02-18,0.0,19.05,73.05000305175781,48.0,0.0,2.764800786972046,48.0,100.0
2015-02-19,0.0,19.05,73.05000305175781,48.0,0.0,2.764800786972046,48.0,100.0
2015-02-20,0.0,19.05,73.05000305175781,48.0,0.0,2.764800786972046,48.0,100.0
2015-02-21,0.0,19.05,73.05000305175781,48.0,0.0,2.764800786972046,48.0,100.0
2015-02-22,0.0,19.05,73.05000305175781,48.0,0.0,2.764800786972046,48.0,100.0
2015-02-23,0.0,19.05,73.05000305175781,48.0,0.0,2.764800786972046,48.0,100.0
2015-02-24,0.0,19.05,73.05000305175781,48.0,0.0,2.764800786972046,48.0,100.0
2015-02-25,0.0,19.05,73.05000305175781,48.0,0.0,2.764800786972046,48.0,100.0
2015-02-26,0.0,19.05,73.05000305175781,48.0,0.0,2.764800786972046,48.0,100.0
2015-02-27,0.0,19.05,73.05000305175781,48.0,0.0,2.764800786972046,48.0,100.0
2015-02-28,7.339999198913574,19.05,73.05000305175781,48.0,31.0,364.10064697265625,48.0,100.0
2015-03-01,3.0450000762939453,19.05,73.05000305175781,48.0,5.0,237.5940704345703,48.0,100.0
2015-03-02,0.0,19.05,73.05000305175781,48.0,0.0,2.764800786972046,48.0,100.0
2015-03-03,0.0,19.05,73.05000305175781,48.0,0.0,2.764800786972046,48.0,100.0
2015-03-04,0.0,19.05,73.05000305175781,48.0,0.0,2.764800786972046,48.0,100.0
2015-03-05,0.0,19.05,73.05000305175781,48.0,0.0,2.764800786972046,48.0,100.0
2015-03-06,0.0,19.05,73.05000305175781,48.0,0.0,2.764800786972046,48.0,100.0
2015-03-07,0.0,19.05,73.05000305175781,48.0,0.0,2.764800786972046,48.0,100.0
2015-03-08,0.0,19.05,73.05000305175781,48.0,0.0,2.764800786972046,48.0,100.0
2015-03-09,0.0,19.05,73.05000305175781,48.0,0.0,2.764800786972046,48.0,100.0
2015-03-10,0.0,19.05,73.05000305175781,48.0,0.0,2.764800786972046,48.0,100.0
2015-03-11,0.8050000667572021,19.05,73.05000305175781,48.0,1.0,62.76969528198242,48.0,100.0
2015-03-12,0.0,19.05,73.05000305175781,48.0,0.0,2.764800786972046,48.0,100.0
2015-03-13,5.275000095367432,19.05,73.05000305175781,48.0,1.0,957.5172729492188,48.0,100.0
2015-03-14,7.885000228881836,19.05,73.05000305175781,48.0,4.0,1017.5164184570312,48.0,100.0
2015-03-15,0.0,19.05,73.05000305175781,48.0,0.0,2.764800786972046,48.0,100.0
2015-03-16,0.0,19.05,73.05000305175781,48.0,0.0,2.764800786972046,48.0,100.0
2015-03-17,0.0,19.05,73.05000305175781,48.0,0.0,2.764800786972046,48.0,100.0
2015-03-18,0.0,19.05,73.05000305175781,48.0,0.0,2.764800786972046,48.0,100.0
2015-03-19,0.0,19.05,73.05000305175781,48.0,0.0,2.764800786972046,48.0,100.0
2015-03-20,0.0,19.05,73.05000305175781,48.0,0.0,2.764800786972046,48.0,100.0
2015-03-21,0.0,19.05,73.05000305175781,48.0,0.0,2.764800786972046,48.0,100.0
2015-03-22,0.0,19.05,73.05000305175781,48.0,0.0,2.764800786972046,48.0,100.0
2015-03-23,0.0,19.05,73.05000305175781,48.0,0.0,2.764800786972046,48.0,100.0
2015-03-24,0.0,19.05,73.05000305175781,48.0,0.0,2.764800786972046,48.0,100.0
2015-03-25,0.0,19.05,73.05000305175781,48.0,0.0,2.764800786972046,48.0,100.0
2015-03-26,0.550000011920929,19.05,73.05000305175781,48.0,1.0,37.51713943481445,48.0,100.0
2015-03-27,0.0,19.05,73.05000305175781,48.0,0.0,2.764800786972046,48.0,100.0
2015-03-28,0.0,19.05,73.05000305175781,48.0,0.0,2.764800786972046,48.0,100.0
2015-03-29,0.0,19.05,73.05000305175781,48.0,0.0,2.764800786972046,48.0,100.0
2015-03-30,0.0,19.05,73.05000305175781,48.0,0.0,2.764800786972046,48.0,100.0
2015-03-31,0.0,19.05,73.05000305175781,48.0,0.0,2.764800786972046,48.0,100.0
2015-04-01,0.0,19.05,73.05000305175781,48.0,0.0,2.764800786972046,48.0,100.0
2015-04-02,0.0,19.05,73.05000305175781,48.0,0.0,2.764800786972046,48.0,100.0
2015-04-03,0.0,19.05,73.05000305175781,48.0,0.0,2.764800786972046,48.0,100.0
2015-04-04,0.0,19.05,73.05000305175781,48.0,0.0,2.764800786972046,48.0,100.0
2015-04-05,0.0,19.05,73.05000305175781,48.0,0.0,2.764800786972046,48.0,100.0
2015-04-06,0.0,19.05,73.05000305175781,48.0,0.0,2.764800786972046,48.0,100.0
2015-04-07,0.0,19.05,73.05000305175781,48.0,0.0,2.764800786972046,48.0,100.0
2015-04-08,0.0,19.05,73.05000305175781,48.0,0.0,2.764800786972046,48.0,100.0
2015-04-09,0.0,19.05,73.05000305175781,48.0,0.0,2.764800786972046,48.0,100.0
2015-04-10,0.0,19.05,73.05000305175781,48.0,0.0,2.764800786972046,48.0,100.0
2015-04-11,0.0,19.05,73.05000305175781,48.0,0.0,2.764800786972046,48.0,100.0
2015-04-12,0.0,19.05,73.05000305175781,48.0,0.0,2.764800786972046,48.0,100.0
2015-04-13,0.0,19.05,73.05000305175781,48.0,0.0,2.764800786972046,48.0,100.0
2015-04-14,0.0,19.05,73.05000305175781,48.0,0.0,2.764800786972046,48.0,100.0
2015-04-15,0.0,19.05,73.05000305175781,48.0,0.0,2.764800786972046,48.0,100.0
2015-04-16,0.0,19.05,73.05000305175781,48.0,0.0,2.764800786972046,48.0,100.0
2015-04-17,0.0,19.05,73.05000305175781,48.0,0.0,2.764800786972046,48.0,100.0
2015-04-18,0.0,19.05,73.05000305175781,48.0,0.0,2.764800786972046,48.0,100.0
2015-04-19,0.0,19.05,73.05000305175781,48.0,0.0,2.764800786972046,48.0,100.0
2015-04-20,0.0,19.05,73.05000305175781,48.0,0.0,2.764800786972046,48.0,100.0
2015-04-21,0.0,19.05,73.05000305175781,48.0,0.0,2.764800786972046,48.0,100.0
2015-04-22,0.0,19.05,73.05000305175781,48.0,0.0,2.764800786972046,48.0,100.0
2015-04-23,0.0,19.05,73.05000305175781,48.0,0.0,2.764800786972046,48.0,100.0
2015-04-24,0.0,19.05,73.05000305175781,48.0,0.0,2.764800786972046,48.0,100.0
2015-04-25,0.0,19.05,73.05000305175781,48.0,0.0,2.764800786972046,48.0,100.0
2015-04-26,0.0,19.05,73.05000305175781,48.0,0.0,2.764800786972046,48.0,100.0
2015-04-27,0.0,19.05,73.05000305175781,48.0,0.0,2.764800786972046,48.0,100.0
2015-04-28,0.0,19.05,73.05000305175781,48.0,0.0,2.764800786972046,48.0,100.0
2015-04-29,0.0,19.05,73.05000305175781,48.0,0.0,2.764800786972046,48.0,100.0
2015-04-30,0.0,19.05,73.05000305175781,48.0,0.0,2.764800786972046,48.0,100.0
2015-05-01,0.0,19.05,73.05000305175781,48.0,0.0,2.764800786972046,48.0,100.0
2015-05-02,0.0,19.05,73.05000305175781,48.0,0.0,2.764800786972046,48.0,100.0
2015-05-03,0.0,19.05,73.05000305175781,48.0,0.0,2.764800786972046,48.0,100.0
2015-05-04,0.0,19.05,73.05000305175781,48.0,0.0,2.764800786972046,48.0,100.0
2015-05-05,5.845000267028809,19.05,73.05000305175781,48.0,4.0,599.6458129882812,48.0,99.0
2015-05-06,0.0,19.05,73.05000305175781,48.0,0.0,2.764800786972046,48.0,100.0
2015-05-07,0.0,19.05,73.05000305175781,48.0,0.0,2.764800786972046,48.0,100.0
2015-05-08,0.0,19.05,73.05000305175781,48.0,0.0,2.764800786972046,48.0,100.0
2015-05-09,0.5849999785423279,19.05,73.05000305175781,48.0,1.0,40.65277862548828,48.0,100.0
2015-05-10,0.0,19.05,73.05000305175781,48.0,0.0,2.764800786972046,48.0,100.0
2015-05-11,0.0,19.05,73.05000305175781,48.0,0.0,2.764800786972046,48.0,100.0
2015-05-12,0.0,19.05,73.05000305175781,48.0,0.0,2.764800786972046,48.0,100.0
2015-05-13,0.0,19.05,73.05000305175781,48.0,0.0,2.764800786972046,48.0,100.0
2015-05-14,0.0,19.05,73.05000305175781,48.0,0.0,2.764800786972046,48.0,100.0
2015-05-15,0.0,19.05,73.05000305175781,48.0,0.0,2.764800786972046,48.0,100.0
2015-05-16,0.0,19.05,73.05000305175781,48.0,0.0,2.764800786972046,48.0,100.0
2015-05-17,0.0,19.05,73.05000305175781,48.0,0.0,2.764800786972046,48.0,100.0
2015-05-18,0.0,19.05,73.05000305175781,48.0,0.0,2.764800786972046,48.0,100.0
2015-05-19,0.0,19.05,73.05000305175781,48.0,0.0,2.764800786972046,48.0,100.0
2015-05-20,0.0,19.05,73.05000305175781,48.0,0.0,2.764800786972046,48.0,100.0
2015-05-21,0.0,19.05,73.05000305175781,48.0,0.0,2.764800786972046,48.0,100.0
2015-05-22,0.0,19.05,73.05000305175781,48.0,0.0,2.764800786972046,48.0,100.0
2015-05-23,0.0,19.05,73.05000305175781,48.0,0.0,2.764800786972046,48.0,100.0
2015-05-24,0.0,19.05,73.05000305175781,48.0,0.0,2.764800786972046,48.0,100.0
2015-05-25,0.0,19.05,73.05000305175781,48.0,0.0,2.764800786972046,48.0,100.0
2015-05-26,0.0,19.05,73.05000305175781,48.0,0.0,2.764800786972046,48.0,100.0
2015-05-27,0.0,19.05,73.05000305175781,48.0,0.0,2.764800786972046,48.0,100.0
2015-05-28,0.0,19.05,73.05000305175781,48.0,0.0,2.764800786972046,48.0,100.0
2015-05-29,0.0,19.05,73.05000305175781,48.0,0.0,2.764800786972046,48.0,100.0
2015-05-30,0.07499999552965164,19.05,73.05000305175781,48.0,1.0,5.0176005363464355,48.0,100.0
2015-05-31,0.0,19.05,73.05000305175781,48.0,0.0,2.764800786972046,48.0,100.0
2015-06-01,0.0,19.05,73.05000305175781,48.0,0.0,2.764800786972046,48.0,100.0
2015-06-02,0.0,19.05,73.05000305175781,48.0,0.0,2.764800786972046,48.0,100.0
2015-06-03,0.0,19.05,73.05000305175781,48.0,0.0,2.764800786972046,48.0,100.0
2015-06-04,0.0,19.05,73.05000305175781,48.0,0.0,2.764800786972046,48.0,100.0
2015-06-05,3.0249996185302734,19.05,73.05000305175781,48.0,10.0,203.99771118164062,48.0,100.0
2015-06-06,27.64999771118164,19.05,73.05000305175781,48.0,8.0,4910.18603515625,48.0,100.0
2015-06-07,21.16999626159668,19.05,73.05000305175781,48.0,23.0,2629.971923828125,48.0,100.0
2015-06-08,0.11999999731779099,19.05,73.05000305175781,48.0,2.0,6.43410062789917,48.0,100.0
2015-06-09,0.0,19.05,73.05000305175781,48.0,0.0,2.764800786972046,48.0,100.0
2015-06-10,0.0,19.05,73.05000305175781,48.0,0.0,2.764800786972046,48.0,100.0
2015-06-11,8.949999809265137,19.05,73.05000305175781,48.0,21.0,672.3146362304688,48.0,100.0
2015-06-12,6.715000152587891,19.05,73.05000305175781,48.0,19.0,480.421875,48.0,100.0
2015-06-13,18.110000610351562,19.05,73.05000305175781,48.0,24.0,2283.490478515625,48.0,100.0
2015-06-14,54.36500549316406,19.05,73.05000305175781,48.0,40.0,7298.5830078125,48.0,99.0
2015-06-15,34.59000015258789,19.05,73.05000305175781,48.0,34.0,3873.71240234375,48.0,100.0
2015-06-16,8.850000381469727,19.05,73.05000305175781,48.0,30.0,486.1667175292969,48.0,99.0
2015-06-17,27.364994049072266,19.05,73.05000305175781,48.0,35.0,2585.712158203125,48.0,100.0
2015-06-18,62.9949951171875,19.05,73.05000305175781,48.0,46.0,8612.0888671875,48.0,100.0
2015-06-19,96.66499328613281,19.05,73.05000305175781,48.0,33.0,16301.791015625,48.0,100.0
2015-06-20,41.75999450683594,19.05,73.05000305175781,48.0,44.0,4057.118896484375,48.0,100.0
2015-06-21,122.63500213623047,19.05,73.05000305175781,48.0,48.0,17742.71484375,48.0,100.0
2015-06-22,18.174999237060547,19.05,73.05000305175781,48.0,36.0,1612.1202392578125,48.0,100.0
2015-06-23,84.47999572753906,19.05,73.05000305175781,48.0,40.0,13962.5625,48.0,100.0
2015-06-24,23.334999084472656,19.05,73.05000305175781,48.0,31.0,2723.246337890625,48.0,100.0
2015-06-25,0.0,19.05,73.05000305175781,48.0,0.0,2.764800786972046,48.0,100.0
2015-06-26,0.0,19.05,73.05000305175781,48.0,0.0,2.764800786972046,48.0,100.0
2015-06-27,0.0,19.05,73.05000305175781,48.0,0.0,2.764800786972046,48.0,100.0
2015-06-28,0.0,19.05,73.05000305175781,48.0,0.0,2.764800786972046,48.0,100.0
2015-06-29,0.5749999284744263,19.05,73.05000305175781,48.0,5.0,33.18125534057617,48.0,100.0
2015-06-30,0.0,19.05,73.05000305175781,48.0,0.0,2.764800786972046,48.0,100.0
2015-07-01,0.0,19.05,73.05000305175781,48.0,0.0,2.764800786972046,48.0,100.0
2015-07-02,0.0,19.05,73.05000305175781,48.0,0.0,2.764800786972046,48.0,100.0
2015-07-03,0.0,19.05,73.05000305175781,48.0,0.0,2.764800786972046,48.0,100.0
2015-07-04,0.0,19.05,73.05000305175781,48.0,0.0,2.764800786972046,48.0,100.0
2015-07-05,0.0,19.05,73.05000305175781,48.0,0.0,2.764800786972046,48.0,100.0
2015-07-06,0.13499999046325684,19.05,73.05000305175781,48.0,3.0,6.274500846862793,48.0,100.0
2015-07-07,2.984999895095825,19.05,73.05000305175781,48.0,6.0,209.74871826171875,48.0,100.0
2015-07-08,0.14000000059604645,19.05,73.05000305175781,48.0,2.0,6.919400691986084,48.0,100.0
2015-07-09,5.240000247955322,19.05,73.05000305175781,48.0,3.0,742.3770141601562,48.0,99.0
2015-07-10,0.0,19.05,73.05000305175781,48.0,0.0,2.764800786972046,48.0,100.0
2015-07-11,0.0,19.05,73.05000305175781,48.0,0.0,2.764800786972046,48.0,100.0
2015-07-12,0.0,19.05,73.05000305175781,48.0,0.0,2.764800786972046,48.0,100.0
2015-07-13,0.0,19.05,73.05000305175781,48.0,0.0,2.764800786972046,48.0,100.0
2015-07-14,0.0,19.05,73.05000305175781,48.0,0.0,2.764800786972046,48.0,100.0
2015-07-15,0.7099999785423279,19.05,73.05000305175781,48.0,4.0,31.601097106933594,48.0,100.0
2015-07-16,0.0,19.05,73.05000305175781,48.0,0.0,2.764800786972046,48.0,100.0
2015-07-17,5.480000019073486,19.05,73.05000305175781,48.0,10.0,421.5208740234375,48.0,100.0
2015-07-18,3.375,19.05,73.05000305175781,48.0,4.0,289.4012451171875,48.0,100.0
2015-07-19,2.244999885559082,19.05,73.05000305175781,48.0,4.0,162.85507202148438,48.0,100.0
2015-07-20,83.8499984741211,19.05,73.05000305175781,48.0,28.0,16797.810546875,48.0,100.0
2015-07-21,172.9849853515625,19.05,73.05000305175781,48.0,43.0,36180.05859375,48.0,100.0
2015-07-22,81.1399917602539,19.05,73.05000305175781,48.0,46.0,10294.361328125,48.0,100.0
2015-07-23,33.374996185302734,19.05,73.05000305175781,48.0,37.0,3158.114501953125,48.0,100.0
2015-07-24,57.27000045776367,19.05,73.05000305175781,48.0,39.0,8281.1748046875,48.0,100.0
2015-07-25,17.615001678466797,19.05,73.05000305175781,48.0,19.0,2209.9560546875,48.0,99.0
2015-07-26,22.920000076293945,19.05,73.05000305175781,48.0,30.0,2546.6455078125,48.0,100.0
2015-07-27,31.070003509521484,19.05,73.05000305175781,48.0,29.0,3973.136474609375,48.0,99.0
2015-07-28,41.220001220703125,19.05,73.05000305175781,48.0,27.0,4741.30859375,48.0,100.0
2015-07-29,20.104999542236328,19.05,73.05000305175781,48.0,23.0,1892.994873046875,48.0,100.0
2015-07-30,0.0,19.05,73.05000305175781,48.0,0.0,2.764800786972046,48.0,100.0
2015-07-31,0.0,19.05,73.05000305175781,48.0,0.0,2.764800786972046,48.0,100.0
2015-08-01,0.815000057220459,19.05,73.05000305175781,48.0,1.0,64.32964324951172,48.0,100.0
2015-08-02,0.3349999785423279,19.05,73.05000305175781,48.0,1.0,19.764101028442383,48.0,99.0
2015-08-03,0.0,19.05,73.05000305175781,48.0,0.0,2.764800786972046,48.0,100.0
2015-08-04,60.23999786376953,19.05,73.05000305175781,48.0,28.0,8900.224609375,48.0,100.0
2015-08-05,94.06999206542969,19.05,73.05000305175781,48.0,45.0,12977.875,48.0,100.0
2015-08-06,10.705000877380371,19.05,73.05000305175781,48.0,18.0,801.3611450195312,48.0,99.0
2015-08-07,0.0,19.05,73.05000305175781,48.0,0.0,2.764800786972046,48.0,100.0
2015-08-08,5.180000305175781,19.05,73.05000305175781,48.0,13.0,300.24444580078125,48.0,99.0
2015-08-09,7.645000457763672,19.05,73.05000305175781,48.0,16.0,475.479248046875,48.0,100.0
2015-08-10,4.100000381469727,19.05,73.05000305175781,48.0,12.0,219.48721313476562,48.0,99.0
2015-08-11,8.6850004196167,19.05,73.05000305175781,48.0,15.0,693.4697875976562,48.0,99.0
2015-08-12,37.30499267578125,19.05,73.05000305175781,48.0,33.0,4390.8046875,48.0,100.0
2015-08-13,7.059999465942383,19.05,73.05000305175781,48.0,14.0,456.681396484375,48.0,100.0
2015-08-14,1.7849998474121094,19.05,73.05000305175781,48.0,6.0,91.71649932861328,48.0,100.0
2015-08-15,0.5850000381469727,19.05,73.05000305175781,48.0,2.0,30.832399368286133,48.0,99.0
2015-08-16,4.239999771118164,19.05,73.05000305175781,48.0,12.0,241.97698974609375,48.0,100.0
2015-08-17,2.4100000858306885,19.05,73.05000305175781,48.0,11.0,112.52246856689453,48.0,100.0
2015-08-18,0.0,19.05,73.05000305175781,48.0,0.0,2.764800786972046,48.0,100.0
2015-08-19,0.48499998450279236,19.05,73.05000305175781,48.0,1.0,31.759300231933594,48.0,100.0
2015-08-20,0.0,19.05,73.05000305175781,48.0,0.0,2.764800786972046,48.0,100.0
2015-08-21,0.0,19.05,73.05000305175781,48.0,0.0,2.764800786972046,48.0,100.0
2015-08-22,3.9499998092651367,19.05,73.05000305175781,48.0,2.0,457.1575012207031,48.0,100.0
2015-08-23,0.0,19.05,73.05000305175781,48.0,0.0,2.764800786972046,48.0,100.0
2015-08-24,1.1299999952316284,19.05,73.05000305175781,48.0,1.0,101.51080322265625,48.0,100.0
2015-08-25,20.354999542236328,19.05,73.05000305175781,48.0,22.0,2069.945556640625,48.0,100.0
2015-08-26,0.0,19.05,73.05000305175781,48.0,0.0,2.764800786972046,48.0,100.0
2015-08-27,0.0,19.05,73.05000305175781,48.0,0.0,2.764800786972046,48.0,100.0
2015-08-28,3.8949999809265137,19.05,73.05000305175781,48.0,13.0,217.87322998046875,48.0,100.0
2015-08-29,5.46999979019165,19.05,73.05000305175781,48.0,12.0,357.1726989746094,48.0,100.0
2015-08-30,2.625,19.05,73.05000305175781,48.0,10.0,143.40811157226562,48.0,100.0
2015-08-31,1.1699998378753662,19.05,73.05000305175781,48.0,7.0,56.53977966308594,48.0,100.0
2015-09-01,0.26999998092651367,19.05,73.05000305175781,48.0,2.0,12.154401779174805,48.0,100.0
2015-09-02,0.1899999976158142,19.05,73.05000305175781,48.0,1.0,10.491300582885742,48.0,100.0
2015-09-03,0.0,19.05,73.05000305175781,48.0,0.0,2.764800786972046,48.0,100.0
2015-09-04,0.6699999570846558,19.05,73.05000305175781,48.0,3.0,34.31808853149414,48.0,99.0
2015-09-05,2.049999952316284,19.05,73.05000305175781,48.0,3.0,152.5322265625,48.0,100.0
2015-09-06,0.48499998450279236,19.05,73.05000305175781,48.0,6.0,20.42709732055664,48.0,99.0
2015-09-07,0.0,19.05,73.05000305175781,48.0,0.0,2.764800786972046,48.0,100.0
2015-09-08,0.0,19.05,73.05000305175781,48.0,0.0,2.764800786972046,48.0,100.0
2015-09-09,24.419998168945312,19.05,73.05000305175781,48.0,24.0,2676.121337890625,48.0,100.0
2015-09-10,32.04500198364258,19.05,73.05000305175781,48.0,38.0,3846.401123046875,48.0,99.0
2015-09-11,0.925000011920929,19.05,73.05000305175781,48.0,7.0,35.82649612426758,48.0,100.0
2015-09-12,30.054994583129883,19.05,73.05000305175781,48.0,26.0,4045.61181640625,48.0,100.0
2015-09-13,17.35999870300293,19.05,73.05000305175781,48.0,25.0,1827.55126953125,48.0,100.0
2015-09-14,19.329998016357422,19.05,73.05000305175781,48.0,19.0,2071.282470703125,48.0,100.0
2015-09-15,9.635000228881836,19.05,73.05000305175781,48.0,28.0,629.9874877929688,48.0,100.0
2015-09-16,40.52499771118164,19.05,73.05000305175781,48.0,24.0,5519.22412109375,48.0,100.0
2015-09-17,5.4800004959106445,19.05,73.05000305175781,48.0,18.0,365.2643737792969,48.0,99.0
2015-09-18,91.98997497558594,19.05,73.05000305175781,48.0,47.0,14395.3828125,48.0,100.0
2015-09-19,9.375,19.05,73.05000305175781,48.0,22.0,641.0779418945312,48.0,100.0
2015-09-20,12.364999771118164,19.05,73.05000305175781,48.0,22.0,1021.6962280273438,48.0,100.0
2015-09-21,0.10000000894069672,19.05,73.05000305175781,48.0,3.0,5.017100811004639,48.0,100.0
2015-09-22,0.26499998569488525,19.05,73.05000305175781,48.0,3.0,11.704300880432129,48.0,100.0
2015-09-23,0.0,19.05,73.05000305175781,48.0,0.0,2.764800786972046,48.0,100.0
2015-09-24,0.0,19.05,73.05000305175781,48.0,0.0,2.764800786972046,48.0,100.0
2015-09-25,0.0,19.05,73.05000305175781,48.0,0.0,2.764800786972046,48.0,100.0
2015-09-26,0.0,19.05,73.05000305175781,48.0,0.0,2.764800786972046,48.0,100.0
2015-09-27,0.0,19.05,73.05000305175781,48.0,0.0,2.764800786972046,48.0,100.0
2015-09-28,0.0,19.05,73.05000305175781,48.0,0.0,2.764800786972046,48.0,100.0
2015-09-29,0.0,19.05,73.05000305175781,48.0,0.0,2.764800786972046,48.0,100.0
2015-09-30,0.0,19.05,73.05000305175781,48.0,0.0,2.764800786972046,48.0,100.0
2015-10-01,6.069999694824219,19.05,73.05000305175781,48.0,13.0,466.24102783203125,48.0,100.0
2015-10-02,15.114999771118164,19.05,73.05000305175781,48.0,29.0,1338.3260498046875,48.0,100.0
2015-10-03,48.13999938964844,19.05,73.05000305175781,48.0,34.0,6792.90087890625,48.0,100.0
2015-10-04,2.93500018119812,19.05,73.05000305175781,48.0,11.0,174.91429138183594,48.0,99.0
2015-10-05,11.999998092651367,19.05,73.05000305175781,48.0,13.0,1627.24853515625,48.0,100.0
2015-10-06,0.0,19.05,73.05000305175781,48.0,0.0,2.764800786972046,48.0,100.0
2015-10-07,0.0,19.05,73.05000305175781,48.0,0.0,2.764800786972046,48.0,100.0
2015-10-08,0.0,19.05,73.05000305175781,48.0,0.0,2.764800786972046,48.0,100.0
2015-10-09,0.0,19.05,73.05000305175781,48.0,0.0,2.764800786972046,48.0,100.0
2015-10-10,0.0,19.05,73.05000305175781,48.0,0.0,2.764800786972046,48.0,100.0
2015-10-11,0.0,19.05,73.05000305175781,48.0,0.0,2.764800786972046,48.0,100.0
2015-10-12,0.0,19.05,73.05000305175781,48.0,0.0,2.764800786972046,48.0,100.0
2015-10-13,0.0,19.05,73.05000305175781,48.0,0.0,2.764800786972046,48.0,100.0
2015-10-14,0.0,19.05,73.05000305175781,48.0,0.0,2.764800786972046,48.0,100.0
2015-10-15,0.0,19.05,73.05000305175781,48.0,0.0,2.764800786972046,48.0,100.0
2015-10-16,0.0,19.05,73.05000305175781,48.0,0.0,2.764800786972046,48.0,100.0
2015-10-17,0.0,19.05,73.05000305175781,48.0,0.0,2.764800786972046,48.0,100.0
2015-10-18,0.0,19.05,73.05000305175781,48.0,0.0,2.764800786972046,48.0,100.0
2015-10-19,0.0,19.05,73.05000305175781,48.0,0.0,2.764800786972046,48.0,100.0
2015-10-20,0.0,19.05,73.05000305175781,48.0,0.0,2.764800786972046,48.0,100.0
2015-10-21,0.0,19.05,73.05000305175781,48.0,0.0,2.764800786972046,48.0,100.0
2015-10-22,0.0,19.05,73.05000305175781,48.0,0.0,2.764800786972046,48.0,100.0
2015-10-23,0.0,19.05,73.05000305175781,48.0,0.0,2.764800786972046,48.0,100.0
2015-10-24,0.0,19.05,73.05000305175781,48.0,0.0,2.764800786972046,48.0,100.0
2015-10-25,2.8249998092651367,19.05,73.05000305175781,48.0,5.0,195.08233642578125,48.0,100.0
2015-10-26,0.0,19.05,73.05000305175781,48.0,0.0,2.764800786972046,48.0,100.0
2015-10-27,0.0,19.05,73.05000305175781,48.0,0.0,2.764800786972046,48.0,100.0
2015-10-28,0.09000000357627869,19.05,73.05000305175781,48.0,3.0,5.3286004066467285,48.0,99.0
2015-10-29,0.004999999888241291,19.05,73.05000305175781,48.0,1.0,2.9008007049560547,48.0,100.0
2015-10-30,0.0,19.05,73.05000305175781,48.0,0.0,2.764800786972046,48.0,100.0
2015-10-31,0.0,19.05,73.05000305175781,48.0,0.0,2.764800786972046,48.0,100.0
2015-11-01,0.0,19.05,73.05000305175781,48.0,0.0,2.764800786972046,48.0,100.0
2015-11-02,0.0,19.05,73.05000305175781,48.0,0.0,2.764800786972046,48.0,100.0
2015-11-03,0.0,19.05,73.05000305175781,48.0,0.0,2.764800786972046,48.0,100.0
2015-11-04,0.0,19.05,73.05000305175781,48.0,0.0,2.764800786972046,48.0,100.0
2015-11-05,0.0,19.05,73.05000305175781,48.0,0.0,2.764800786972046,48.0,100.0
2015-11-06,0.0,19.05,73.05000305175781,48.0,0.0,2.764800786972046,48.0,100.0
2015-11-07,0.0,19.05,73.05000305175781,48.0,0.0,2.764800786972046,48.0,100.0
2015-11-08,0.0,19.05,73.05000305175781,48.0,0.0,2.764800786972046,48.0,100.0
2015-11-09,0.014999999664723873,19.05,73.05000305175781,48.0,2.0,3.0674006938934326,48.0,100.0
2015-11-10,0.004999999888241291,19.05,73.05000305175781,48.0,1.0,2.8921008110046387,48.0,100.0
2015-11-11,0.0,19.05,73.05000305175781,48.0,0.0,2.764800786972046,48.0,100.0
2015-11-12,0.0,19.05,73.05000305175781,48.0,0.0,2.764800786972046,48.0,100.0
2015-11-13,0.0,19.05,73.05000305175781,48.0,0.0,2.764800786972046,48.0,100.0
2015-11-14,0.0,19.05,73.05000305175781,48.0,0.0,2.764800786972046,48.0,100.0
2015-11-15,0.0,19.05,73.05000305175781,48.0,0.0,2.764800786972046,48.0,100.0
2015-11-16,0.0,19.05,73.05000305175781,48.0,0.0,2.764800786972046,48.0,100.0
2015-11-17,0.0,19.05,73.05000305175781,48.0,0.0,2.764800786972046,48.0,100.0
2015-11-18,0.0,19.05,73.05000305175781,48.0,0.0,2.764800786972046,48.0,100.0
2015-11-19,0.0,19.05,73.05000305175781,48.0,0.0,2.764800786972046,48.0,100.0
2015-11-20,0.0,19.05,73.05000305175781,48.0,0.0,2.764800786972046,48.0,100.0
2015-11-21,4.999999523162842,19.05,73.05000305175781,48.0,15.0,305.52459716796875,48.0,100.0
2015-11-22,17.845001220703125,19.05,73.05000305175781,48.0,18.0,2209.68359375,48.0,99.0
2015-11-23,0.0,19.05,73.05000305175781,48.0,0.0,2.764800786972046,48.0,100.0
2015-11-24,0.004999999888241291,19.05,73.05000305175781,48.0,1.0,2.875300884246826,48.0,100.0
2015-11-25,2.0949997901916504,19.05,73.05000305175781,48.0,11.0,143.39329528808594,48.0,100.0
2015-11-26,0.22999998927116394,19.05,73.05000305175781,48.0,6.0,8.631400108337402,48.0,100.0
2015-11-27,0.03999999910593033,19.05,73.05000305175781,48.0,1.0,3.8097004890441895,48.0,100.0
2015-11-28,0.0,19.05,73.05000305175781,48.0,0.0,2.764800786972046,48.0,100.0
2015-11-29,0.3349999785423279,19.05,73.05000305175781,48.0,6.0,11.98750114440918,48.0,100.0
2015-11-30,0.0,19.05,73.05000305175781,48.0,0.0,2.764800786972046,48.0,100.0
2015-12-01,0.0,19.05,73.05000305175781,48.0,0.0,2.764800786972046,48.0,100.0
2015-12-02,0.0,19.05,73.05000305175781,48.0,0.0,2.764800786972046,48.0,100.0
2015-12-03,0.0,19.05,73.05000305175781,48.0,0.0,2.764800786972046,48.0,100.0
2015-12-04,0.0,19.05,73.05000305175781,48.0,0.0,2.764800786972046,48.0,100.0
2015-12-05,0.0,19.05,73.05000305175781,48.0,0.0,2.764800786972046,48.0,100.0
2015-12-06,0.0,19.05,73.05000305175781,48.0,0.0,2.764800786972046,48.0,100.0
2015-12-07,0.0,19.05,73.05000305175781,48.0,0.0,2.764800786972046,48.0,100.0
2015-12-08,0.0,19.05,73.05000305175781,48.0,0.0,2.764800786972046,48.0,100.0
2015-12-09,0.0,19.05,73.05000305175781,48.0,0.0,2.764800786972046,48.0,100.0
2015-12-10,0.0,19.05,73.05000305175781,48.0,0.0,2.764800786972046,48.0,100.0
2015-12-11,0.0,19.05,73.05000305175781,48.0,0.0,2.764800786972046,48.0,100.0
2015-12-12,0.0,19.05,73.05000305175781,48.0,0.0,2.764800786972046,48.0,100.0
2015-12-13,0.0,19.05,73.05000305175781,48.0,0.0,2.764800786972046,48.0,100.0
2015-12-14,0.0,19.05,73.05000305175781,48.0,0.0,2.764800786972046,48.0,100.0
2015-12-15,0.0,19.05,73.05000305175781,48.0,0.0,2.764800786972046,48.0,100.0
2015-12-16,0.0,19.05,73.05000305175781,48.0,0.0,2.764800786972046,48.0,100.0
2015-12-17,0.0,19.05,73.05000305175781,48.0,0.0,2.764800786972046,48.0,100.0
2015-12-18,0.0,19.05,73.05000305175781,48.0,0.0,2.764800786972046,48.0,100.0
2015-12-19,0.0,19.05,73.05000305175781,48.0,0.0,2.764800786972046,48.0,100.0
2015-12-20,0.0,19.05,73.05000305175781,48.0,0.0,2.764800786972046,48.0,100.0
2015-12-21,0.0,19.05,73.05000305175781,48.0,0.0,2.764800786972046,48.0,100.0
2015-12-22,0.0,19.05,73.05000305175781,48.0,0.0,2.764800786972046,48.0,100.0
2015-12-23,0.0,19.05,73.05000305175781,48.0,0.0,2.764800786972046,48.0,100.0
2015-12-24,0.0,19.05,73.05000305175781,48.0,0.0,2.764800786972046,48.0,100.0
2015-12-25,0.0,19.05,73.05000305175781,48.0,0.0,2.764800786972046,48.0,100.0
2015-12-26,0.0,19.05,73.05000305175781,48.0,0.0,2.764800786972046,48.0,100.0
2015-12-27,0.0,19.05,73.05000305175781,48.0,0.0,2.764800786972046,48.0,100.0
2015-12-28,0.0,19.05,73.05000305175781,48.0,0.0,2.764800786972046,48.0,100.0
2015-12-29,0.0,19.05,73.05000305175781,48.0,0.0,2.764800786972046,48.0,100.0
2015-12-30,0.0,19.05,73.05000305175781,48.0,0.0,2.764800786972046,48.0,100.0
2015-12-31,0.0,19.05,73.05000305175781,48.0,0.0,2.764800786972046,48.0,100.0
2016-01-01,0.0,19.05,73.05000305175781,48.0,0.0,2.764800786972046,48.0,100.0
2016-01-02,0.0,19.05,73.05000305175781,48.0,0.0,2.764800786972046,48.0,100.0
2016-01-03,0.0,19.05,73.05000305175781,48.0,0.0,2.764800786972046,48.0,100.0
2016-01-04,0.0,19.05,73.05000305175781,48.0,0.0,2.764800786972046,48.0,100.0
2016-01-05,0.0,19.05,73.05000305175781,48.0,0.0,2.764800786972046,48.0,100.0
2016-01-06,0.0,19.05,73.05000305175781,48.0,0.0,2.764800786972046,48.0,100.0
2016-01-07,0.0,19.05,73.05000305175781,48.0,0.0,2.764800786972046,48.0,100.0
2016-01-08,0.0,19.05,73.05000305175781,48.0,0.0,2.764800786972046,48.0,100.0
2016-01-09,0.0,19.05,73.05000305175781,48.0,0.0,2.764800786972046,48.0,100.0
2016-01-10,0.0,19.05,73.05000305175781,48.0,0.0,2.764800786972046,48.0,100.0
2016-01-11,0.0,19.05,73.05000305175781,48.0,0.0,2.764800786972046,48.0,100.0
2016-01-12,0.0,19.05,73.05000305175781,48.0,0.0,2.764800786972046,48.0,100.0
2016-01-13,0.0,19.05,73.05000305175781,48.0,0.0,2.764800786972046,48.0,100.0
2016-01-14,0.0,19.05,73.05000305175781,48.0,0.0,2.764800786972046,48.0,100.0
2016-01-15,0.0,19.05,73.05000305175781,48.0,0.0,2.764800786972046,48.0,100.0
2016-01-16,0.0,19.05,73.05000305175781,48.0,0.0,2.764800786972046,48.0,100.0
2016-01-17,0.0,19.05,73.05000305175781,48.0,0.0,2.764800786972046,48.0,100.0
2016-01-18,0.0,19.05,73.05000305175781,48.0,0.0,2.764800786972046,48.0,100.0
2016-01-19,0.0,19.05,73.05000305175781,48.0,0.0,2.764800786972046,48.0,100.0
2016-01-20,0.0,19.05,73.05000305175781,48.0,0.0,2.764800786972046,48.0,100.0
2016-01-21,0.0,19.05,73.05000305175781,48.0,0.0,2.764800786972046,48.0,100.0
2016-01-22,0.0,19.05,73.05000305175781,48.0,0.0,2.764800786972046,48.0,100.0
2016-01-23,0.0,19.05,73.05000305175781,48.0,0.0,2.764800786972046,48.0,100.0
2016-01-24,0.0,19.05,73.05000305175781,48.0,0.0,2.764800786972046,48.0,100.0
2016-01-25,0.0,19.05,73.05000305175781,48.0,0.0,2.764800786972046,48.0,100.0
2016-01-26,0.0,19.05,73.05000305175781,48.0,0.0,2.764800786972046,48.0,100.0
2016-01-27,0.0,19.05,73.05000305175781,48.0,0.0,2.764800786972046,48.0,100.0
2016-01-28,0.0,19.05,73.05000305175781,48.0,0.0,2.764800786972046,48.0,100.0
2016-01-29,0.0,19.05,73.05000305175781,48.0,0.0,2.764800786972046,48.0,100.0
2016-01-30,0.0,19.05,73.05000305175781,48.0,0.0,2.764800786972046,48.0,100.0
2016-01-31,0.0,19.05,73.05000305175781,48.0,0.0,2.764800786972046,48.0,100.0
2016-02-01,0.0,19.05,73.05000305175781,48.0,0.0,2.764800786972046,48.0,100.0
2016-02-02,0.0,19.05,73.05000305175781,48.0,0.0,2.764800786972046,48.0,100.0
2016-02-03,0.0,19.05,73.05000305175781,48.0,0.0,2.764800786972046,48.0,100.0
2016-02-04,0.0,19.05,73.05000305175781,48.0,0.0,2.764800786972046,48.0,100.0
2016-02-05,0.0,19.05,73.05000305175781,48.0,0.0,2.764800786972046,48.0,100.0
2016-02-06,0.0,19.05,73.05000305175781,48.0,0.0,2.764800786972046,48.0,100.0
2016-02-07,0.0,19.05,73.05000305175781,48.0,0.0,2.764800786972046,48.0,100.0
2016-02-08,0.0,19.05,73.05000305175781,48.0,0.0,2.764800786972046,48.0,100.0
2016-02-09,0.0,19.05,73.05000305175781,48.0,0.0,2.764800786972046,48.0,100.0
2016-02-10,0.0,19.05,73.05000305175781,48.0,0.0,2.764800786972046,48.0,100.0
2016-02-11,0.0,19.05,73.05000305175781,48.0,0.0,2.764800786972046,48.0,100.0
2016-02-12,0.0,19.05,73.05000305175781,48.0,0.0,2.764800786972046,48.0,100.0
2016-02-13,0.0,19.05,73.05000305175781,48.0,0.0,2.764800786972046,48.0,100.0
2016-02-14,0.0,19.05,73.05000305175781,48.0,0.0,2.764800786972046,48.0,100.0
2016-02-15,0.0,19.05,73.05000305175781,48.0,0.0,2.764800786972046,48.0,100.0
2016-02-16,0.0,19.05,73.05000305175781,48.0,0.0,2.764800786972046,48.0,100.0
2016-02-17,0.0,19.05,73.05000305175781,48.0,0.0,2.764800786972046,48.0,100.0
2016-02-18,0.0,19.05,73.05000305175781,48.0,0.0,2.764800786972046,48.0,100.0
2016-02-19,0.0,19.05,73.05000305175781,48.0,0.0,2.764800786972046,48.0,100.0
2016-02-20,0.4449999928474426,19.05,73.05000305175781,48.0,8.0,15.220000267028809,48.0,100.0
2016-02-21,0.25,19.05,73.05000305175781,48.0,4.0,11.374700546264648,48.0,100.0
2016-02-22,0.0,19.05,73.05000305175781,48.0,0.0,2.764800786972046,48.0,100.0
2016-02-23,0.0,19.05,73.05000305175781,48.0,0.0,2.764800786972046,48.0,100.0
2016-02-24,0.0,19.05,73.05000305175781,48.0,0.0,2.764800786972046,48.0,100.0
2016-02-25,0.0,19.05,73.05000305175781,48.0,0.0,2.764800786972046,48.0,100.0
2016-02-26,0.0,19.05,73.05000305175781,48.0,0.0,2.764800786972046,48.0,100.0
2016-02-27,0.0,19.05,73.05000305175781,48.0,0.0,2.764800786972046,48.0,100.0
2016-02-28,0.0,19.05,73.05000305175781,48.0,0.0,2.764800786972046,48.0,100.0
2016-02-29,0.0,19.05,73.05000305175781,48.0,0.0,2.764800786972046,48.0,100.0
2016-03-01,0.0,19.05,73.05000305175781,48.0,0.0,2.764800786972046,48.0,100.0
2016-03-02,0.0,19.05,73.05000305175781,48.0,0.0,2.764800786972046,48.0,100.0
2016-03-03,1.6050000190734863,19.05,73.05000305175781,48.0,3.0,103.25640106201172,48.0,100.0
2016-03-04,1.7849998474121094,19.05,73.05000305175781,48.0,3.0,119.82624053955078,48.0,100.0
2016-03-05,0.0,19.05,73.05000305175781,48.0,0.0,2.764800786972046,48.0,100.0
2016-03-06,0.0,19.05,73.05000305175781,48.0,0.0,2.764800786972046,48.0,100.0
2016-03-07,0.0,19.05,73.05000305175781,48.0,0.0,2.764800786972046,48.0,100.0
2016-03-08,0.009999999776482582,19.05,73.05000305175781,48.0,1.0,2.9776008129119873,48.0,100.0
2016-03-09,0.0,19.05,73.05000305175781,48.0,0.0,2.764800786972046,48.0,100.0
2016-03-10,0.0,19.05,73.05000305175781,48.0,0.0,2.764800786972046,48.0,100.0
2016-03-11,0.0,19.05,73.05000305175781,48.0,0.0,2.764800786972046,48.0,100.0
2016-03-12,0.0,19.05,73.05000305175781,48.0,0.0,2.764800786972046,48.0,100.0
2016-03-13,0.0,19.05,73.05000305175781,48.0,0.0,2.764800786972046,48.0,100.0
2016-03-14,0.0,19.05,73.05000305175781,48.0,0.0,2.764800786972046,48.0,100.0
2016-03-15,0.0,19.05,73.05000305175781,48.0,0.0,2.764800786972046,48.0,100.0
2016-03-16,0.0,19.05,73.05000305175781,48.0,0.0,2.764800786972046,48.0,100.0
2016-03-17,0.0,19.05,73.05000305175781,48.0,0.0,2.764800786972046,48.0,100.0
2016-03-18,0.0,19.05,73.05000305175781,48.0,0.0,2.764800786972046,48.0,100.0
2016-03-19,0.0,19.05,73.05000305175781,48.0,0.0,2.764800786972046,48.0,100.0
2016-03-20,0.0,19.05,73.05000305175781,48.0,0.0,2.764800786972046,48.0,100.0
2016-03-21,0.0,19.05,73.05000305175781,48.0,0.0,2.764800786972046,48.0,100.0
2016-03-22,0.0,19.05,73.05000305175781,48.0,0.0,2.764800786972046,48.0,100.0
2016-03-23,0.0,19.05,73.05000305175781,48.0,0.0,2.764800786972046,48.0,100.0
2016-03-24,0.0,19.05,73.05000305175781,48.0,0.0,2.764800786972046,48.0,100.0
2016-03-25,0.0,19.05,73.05000305175781,48.0,0.0,2.764800786972046,48.0,100.0
2016-03-26,0.0,19.05,73.05000305175781,48.0,0.0,2.764800786972046,48.0,100.0
2016-03-27,0.0,19.05,73.05000305175781,48.0,0.0,2.764800786972046,48.0,100.0
2016-03-28,0.0,19.05,73.05000305175781,48.0,0.0,2.764800786972046,48.0,100.0
2016-03-29,0.0,19.05,73.05000305175781,48.0,0.0,2.764800786972046,48.0,100.0
2016-03-30,0.0,19.05,73.05000305175781,48.0,0.0,2.764800786972046,48.0,100.0
2016-03-31,0.0,19.05,73.05000305175781,48.0,0.0,2.764800786972046,48.0,100.0
2016-04-01,0.0,19.05,73.05000305175781,48.0,0.0,2.764800786972046,48.0,100.0
2016-04-02,0.0,19.05,73.05000305175781,48.0,0.0,2.764800786972046,48.0,100.0
2016-04-03,0.6749999523162842,19.05,73.05000305175781,48.0,2.0,37.86572265625,48.0,100.0
2016-04-04,0.0,19.05,73.05000305175781,48.0,0.0,2.764800786972046,48.0,100.0
2016-04-05,0.17499999701976776,19.05,73.05000305175781,48.0,4.0,7.39870023727417,48.0,100.0
2016-04-06,0.0,19.05,73.05000305175781,48.0,0.0,2.764800786972046,48.0,100.0
2016-04-07,0.0,19.05,73.05000305175781,48.0,0.0,2.764800786972046,48.0,100.0
2016-04-08,0.0,19.05,73.05000305175781,48.0,0.0,2.764800786972046,48.0,100.0
2016-04-09,0.0,19.05,73.05000305175781,48.0,0.0,2.764800786972046,48.0,100.0
2016-04-10,0.0,19.05,73.05000305175781,48.0,0.0,2.764800786972046,48.0,100.0
2016-04-11,0.0,19.05,73.05000305175781,48.0,0.0,2.764800786972046,48.0,100.0
2016-04-12,0.0,19.05,73.05000305175781,48.0,0.0,2.764800786972046,48.0,100.0
2016-04-13,0.0,19.05,73.05000305175781,48.0,0.0,2.764800786972046,48.0,100.0
2016-04-14,0.0,19.05,73.05000305175781,48.0,0.0,2.764800786972046,48.0,100.0
2016-04-15,0.0,19.05,73.05000305175781,48.0,0.0,2.764800786972046,48.0,100.0
2016-04-16,0.0,19.05,73.05000305175781,48.0,0.0,2.764800786972046,48.0,100.0
2016-04-17,0.0,19.05,73.05000305175781,48.0,0.0,2.764800786972046,48.0,100.0
2016-04-18,0.0,19.05,73.05000305175781,48.0,0.0,2.764800786972046,48.0,100.0
2016-04-19,0.0,19.05,73.05000305175781,48.0,0.0,2.764800786972046,48.0,100.0
2016-04-20,0.0,19.05,73.05000305175781,48.0,0.0,2.764800786972046,48.0,100.0
2016-04-21,0.0,19.05,73.05000305175781,48.0,0.0,2.764800786972046,48.0,100.0
2016-04-22,0.0,19.05,73.05000305175781,48.0,0.0,2.764800786972046,48.0,100.0
2016-04-23,0.0,19.05,73.05000305175781,48.0,0.0,2.764800786972046,48.0,100.0
2016-04-24,0.0,19.05,73.05000305175781,48.0,0.0,2.764800786972046,48.0,100.0
2016-04-25,0.0,19.05,73.05000305175781,48.0,0.0,2.764800786972046,48.0,100.0
2016-04-26,0.0,19.05,73.05000305175781,48.0,0.0,2.764800786972046,48.0,100.0
2016-04-27,0.0,19.05,73.05000305175781,48.0,0.0,2.764800786972046,48.0,100.0
2016-04-28,0.0,19.05,73.05000305175781,48.0,0.0,2.764800786972046,48.0,100.0
2016-04-29,0.0,19.05,73.05000305175781,48.0,0.0,2.764800786972046,48.0,100.0
2016-04-30,0.0,19.05,73.05000305175781,48.0,0.0,2.764800786972046,48.0,100.0
2016-05-01,0.0,19.05,73.05000305175781,48.0,0.0,2.764800786972046,48.0,100.0
2016-05-02,0.0,19.05,73.05000305175781,48.0,0.0,2.764800786972046,48.0,100.0
2016-05-03,0.0,19.05,73.05000305175781,48.0,0.0,2.764800786972046,48.0,100.0
2016-05-04,0.0,19.05,73.05000305175781,48.0,0.0,2.764800786972046,48.0,100.0
2016-05-05,0.0,19.05,73.05000305175781,48.0,0.0,2.764800786972046,48.0,100.0
2016-05-06,0.0,19.05,73.05000305175781,48.0,0.0,2.764800786972046,48.0,100.0
2016-05-07,0.0,19.05,73.05000305175781,48.0,0.0,2.764800786972046,48.0,100.0
2016-05-08,0.0,19.05,73.05000305175781,48.0,0.0,2.764800786972046,48.0,100.0
2016-05-09,0.0,19.05,73.05000305175781,48.0,0.0,2.764800786972046,48.0,100.0
2016-05-10,0.0,19.05,73.05000305175781,48.0,0.0,2.764800786972046,48.0,100.0
2016-05-11,4.84499979019165,19.05,73.05000305175781,48.0,3.0,555.3568115234375,48.0,100.0
2016-05-12,0.0,19.05,73.05000305175781,48.0,0.0,2.764800786972046,48.0,100.0
2016-05-13,0.0,19.05,73.05000305175781,48.0,0.0,2.764800786972046,48.0,100.0
2016-05-14,0.0,19.05,73.05000305175781,48.0,0.0,2.764800786972046,48.0,100.0
2016-05-15,0.0,19.05,73.05000305175781,48.0,0.0,2.764800786972046,48.0,100.0
2016-05-16,0.03500000014901161,19.05,73.05000305175781,48.0,1.0,3.553600549697876,48.0,100.0
2016-05-17,0.0,19.05,73.05000305175781,48.0,0.0,2.764800786972046,48.0,100.0
2016-05-18,0.28999999165534973,19.05,73.05000305175781,48.0,2.0,13.276100158691406,48.0,100.0
2016-05-19,0.0,19.05,73.05000305175781,48.0,0.0,2.764800786972046,48.0,100.0
2016-05-20,0.0,19.05,73.05000305175781,48.0,0.0,2.764800786972046,48.0,100.0
2016-05-21,0.0,19.05,73.05000305175781,48.0,0.0,2.764800786972046,48.0,100.0
2016-05-22,0.0,19.05,73.05000305175781,48.0,0.0,2.764800786972046,48.0,100.0
2016-05-23,0.0,19.05,73.05000305175781,48.0,0.0,2.764800786972046,48.0,100.0
2016-05-24,0.13499999046325684,19.05,73.05000305175781,48.0,1.0,7.680100440979004,48.0,100.0
2016-05-25,0.0,19.05,73.05000305175781,48.0,0.0,2.764800786972046,48.0,100.0
2016-05-26,0.0,19.05,73.05000305175781,48.0,0.0,2.764800786972046,48.0,100.0
2016-05-27,0.0,19.05,73.05000305175781,48.0,0.0,2.764800786972046,48.0,100.0
2016-05-28,0.0,19.05,73.05000305175781,48.0,0.0,2.764800786972046,48.0,100.0
2016-05-29,0.0,19.05,73.05000305175781,48.0,0.0,2.764800786972046,48.0,100.0
2016-05-30,0.0,19.05,73.05000305175781,48.0,0.0,2.764800786972046,48.0,100.0
2016-05-31,0.0,19.05,73.05000305175781,48.0,0.0,2.764800786972046,48.0,100.0
2016-06-01,0.0,19.05,73.05000305175781,48.0,0.0,2.764800786972046,48.0,100.0
2016-06-02,0.0,19.05,73.05000305175781,48.0,0.0,2.764800786972046,48.0,100.0
2016-06-03,0.0,19.05,73.05000305175781,48.0,0.0,2.764800786972046,48.0,100.0
2016-06-04,0.4749999940395355,19.05,73.05000305175781,48.0,4.0,22.84109878540039,48.0,100.0
2016-06-05,9.510001182556152,19.05,73.05000305175781,48.0,13.0,881.7808227539062,48.0,99.0
2016-06-06,0.3349999785423279,19.05,73.05000305175781,48.0,2.0,15.841700553894043,48.0,99.0
2016-06-07,0.0,19.05,73.05000305175781,48.0,0.0,2.764800786972046,48.0,100.0
2016-06-08,0.0,19.05,73.05000305175781,48.0,0.0,2.764800786972046,48.0,100.0
2016-06-09,0.0,19.05,73.05000305175781,48.0,0.0,2.764800786972046,48.0,100.0
2016-06-10,1.8349997997283936,19.05,73.05000305175781,48.0,8.0,108.65789031982422,48.0,100.0
2016-06-11,9.02500057220459,19.05,73.05000305175781,48.0,14.0,815.9898071289062,48.0,99.0
2016-06-12,0.0,19.05,73.05000305175781,48.0,0.0,2.764800786972046,48.0,100.0
2016-06-13,0.0,19.05,73.05000305175781,48.0,0.0,2.764800786972046,48.0,100.0
2016-06-14,0.0,19.05,73.05000305175781,48.0,0.0,2.764800786972046,48.0,100.0
2016-06-15,0.38999998569488525,19.05,73.05000305175781,48.0,1.0,23.775297164916992,48.0,100.0
2016-06-16,0.0,19.05,73.05000305175781,48.0,0.0,2.764800786972046,48.0,100.0
2016-06-17,0.009999999776482582,19.05,73.05000305175781,48.0,1.0,2.998800754547119,48.0,100.0
2016-06-18,4.610000133514404,19.05,73.05000305175781,48.0,14.0,302.0617370605469,48.0,100.0
2016-06-19,30.910003662109375,19.05,73.05000305175781,48.0,32.0,3554.21826171875,48.0,99.0
2016-06-20,74.6500015258789,19.05,73.05000305175781,48.0,22.0,26342.68359375,48.0,100.0
2016-06-21,53.32499694824219,19.05,73.05000305175781,48.0,18.0,9732.6689453125,48.0,100.0
2016-06-22,0.6799999475479126,19.05,73.05000305175781,48.0,4.0,39.50579833984375,48.0,100.0
2016-06-23,17.94499969482422,19.05,73.05000305175781,48.0,29.0,1733.8485107421875,48.0,100.0
2016-06-24,54.349998474121094,19.05,73.05000305175781,48.0,44.0,6018.5048828125,48.0,99.0
2016-06-25,96.6400146484375,19.05,73.05000305175781,48.0,42.0,14841.84765625,48.0,99.0
2016-06-26,26.90500259399414,19.05,73.05000305175781,48.0,35.0,3058.74755859375,48.0,99.0
2016-06-27,10.875,19.05,73.05000305175781,48.0,33.0,756.2202758789062,48.0,100.0
2016-06-28,39.72500228881836,19.05,73.05000305175781,48.0,41.0,3856.69677734375,48.0,99.0
2016-06-29,18.070003509521484,19.05,73.05000305175781,48.0,30.0,1592.978759765625,48.0,99.0
2016-06-30,45.284996032714844,19.05,73.05000305175781,48.0,38.0,5602.2626953125,48.0,100.0
2016-07-01,71.48500061035156,19.05,73.05000305175781,48.0,45.0,8795.744140625,48.0,100.0
2016-07-02,99.65499877929688,19.05,73.05000305175781,48.0,47.0,12698.7666015625,48.0,100.0
2016-07-03,69.06498718261719,19.05,73.05000305175781,48.0,39.0,9475.587890625,48.0,100.0
2016-07-04,12.204999923706055,19.05,73.05000305175781,48.0,30.0,1263.4805908203125,48.0,100.0
2016-07-05,14.385000228881836,19.05,73.05000305175781,48.0,33.0,1356.6925048828125,48.0,100.0
2016-07-06,16.724998474121094,19.05,73.05000305175781,48.0,32.0,1619.30322265625,48.0,100.0
2016-07-07,4.0500006675720215,19.05,73.05000305175781,48.0,13.0,305.30712890625,48.0,99.0
2016-07-08,19.159997940063477,19.05,73.05000305175781,48.0,21.0,2172.45361328125,48.0,100.0
2016-07-09,27.924999237060547,19.05,73.05000305175781,48.0,44.0,2371.0615234375,48.0,99.0
2016-07-10,58.98499298095703,19.05,73.05000305175781,48.0,48.0,6173.59375,48.0,100.0
2016-07-11,61.970001220703125,19.05,73.05000305175781,48.0,45.0,7471.3701171875,48.0,99.0
2016-07-12,16.014999389648438,19.05,73.05000305175781,48.0,23.0,1602.57177734375,48.0,100.0
2016-07-13,0.0,19.05,73.05000305175781,48.0,0.0,2.764800786972046,48.0,100.0
2016-07-14,4.034999847412109,19.05,73.05000305175781,48.0,16.0,227.65411376953125,48.0,100.0
2016-07-15,2.1999998092651367,19.05,73.05000305175781,48.0,9.0,163.01429748535156,48.0,100.0
2016-07-16,0.6249999403953552,19.05,73.05000305175781,48.0,9.0,21.711299896240234,48.0,100.0
2016-07-17,12.239999771118164,19.05,73.05000305175781,48.0,31.0,891.617919921875,48.0,100.0
2016-07-18,68.35499572753906,19.05,73.05000305175781,48.0,47.0,7807.88623046875,48.0,100.0
2016-07-19,67.50499725341797,19.05,73.05000305175781,48.0,46.0,8397.873046875,48.0,100.0
2016-07-20,38.159996032714844,19.05,73.05000305175781,48.0,38.0,4263.8232421875,48.0,100.0
2016-07-21,24.23999786376953,19.05,73.05000305175781,48.0,38.0,2243.88232421875,48.0,100.0
2016-07-22,18.6299991607666,19.05,73.05000305175781,48.0,45.0,1410.6700439453125,48.0,100.0
2016-07-23,10.774999618530273,19.05,73.05000305175781,48.0,29.0,891.5817260742188,48.0,100.0
2016-07-24,17.204999923706055,19.05,73.05000305175781,48.0,33.0,1615.9632568359375,48.0,100.0
2016-07-25,24.15999984741211,19.05,73.05000305175781,48.0,26.0,2673.463134765625,48.0,100.0
2016-07-26,16.749998092651367,19.05,73.05000305175781,48.0,34.0,1316.830078125,48.0,100.0
2016-07-27,22.17500114440918,19.05,73.05000305175781,48.0,41.0,2480.809814453125,48.0,99.0
2016-07-28,35.65999984741211,19.05,73.05000305175781,48.0,47.0,3153.251708984375,48.0,100.0
2016-07-29,49.974998474121094,19.05,73.05000305175781,48.0,44.0,5220.490234375,48.0,100.0
2016-07-30,31.969993591308594,19.05,73.05000305175781,48.0,38.0,3971.916259765625,48.0,100.0
2016-07-31,150.74497985839844,19.05,73.05000305175781,48.0,48.0,24023.6640625,48.0,100.0
2016-08-01,145.41998291015625,19.05,73.05000305175781,48.0,42.0,24835.39453125,48.0,100.0
2016-08-02,116.16000366210938,19.05,73.05000305175781,48.0,37.0,19787.619140625,48.0,100.0
2016-08-03,14.835000991821289,19.05,73.05000305175781,48.0,23.0,1285.095947265625,48.0,100.0
2016-08-04,1.1399999856948853,19.05,73.05000305175781,48.0,3.0,71.85530090332031,48.0,100.0
2016-08-05,64.58501434326172,19.05,73.05000305175781,48.0,46.0,8365.6484375,48.0,99.0
2016-08-06,16.80499839782715,19.05,73.05000305175781,48.0,25.0,1753.5772705078125,48.0,100.0
2016-08-07,0.3149999976158142,19.05,73.05000305175781,48.0,5.0,12.085500717163086,48.0,100.0
2016-08-08,3.299999713897705,19.05,73.05000305175781,48.0,18.0,147.0424041748047,48.0,100.0
2016-08-09,7.090000152587891,19.05,73.05000305175781,48.0,21.0,439.5570373535156,48.0,100.0
2016-08-10,6.210000038146973,19.05,73.05000305175781,48.0,18.0,382.46209716796875,48.0,100.0
2016-08-11,1.375,19.05,73.05000305175781,48.0,5.0,71.8113784790039,48.0,100.0
2016-08-12,0.125,19.05,73.05000305175781,48.0,1.0,7.075300216674805,48.0,100.0
2016-08-13,0.16499999165534973,19.05,73.05000305175781,48.0,1.0,9.108100891113281,48.0,100.0
2016-08-14,0.0,19.05,73.05000305175781,48.0,0.0,2.764800786972046,48.0,100.0
2016-08-15,0.0,19.05,73.05000305175781,48.0,0.0,2.764800786972046,48.0,100.0
2016-08-16,0.0,19.05,73.05000305175781,48.0,0.0,2.764800786972046,48.0,100.0
2016-08-17,1.3700000047683716,19.05,73.05000305175781,48.0,4.0,80.9494400024414,48.0,100.0
2016-08-18,0.0,19.05,73.05000305175781,48.0,0.0,2.764800786972046,48.0,100.0
2016-08-19,6.295000076293945,19.05,73.05000305175781,48.0,5.0,763.1734619140625,48.0,100.0
2016-08-20,0.0,19.05,73.05000305175781,48.0,0.0,2.764800786972046,48.0,100.0
2016-08-21,0.02499999850988388,19.05,73.05000305175781,48.0,1.0,3.3961009979248047,48.0,100.0
2016-08-22,5.904999256134033,19.05,73.05000305175781,48.0,18.0,438.1470642089844,48.0,100.0
2016-08-23,1.9650001525878906,19.05,73.05000305175781,48.0,14.0,80.12332153320312,48.0,100.0
2016-08-24,1.1150000095367432,19.05,73.05000305175781,48.0,5.0,52.07781982421875,48.0,100.0
2016-08-25,1.59499990940094,19.05,73.05000305175781,48.0,7.0,80.19779205322266,48.0,100.0
2016-08-26,49.88499450683594,19.05,73.05000305175781,48.0,24.0,7654.16455078125,48.0,100.0
2016-08-27,20.030000686645508,19.05,73.05000305175781,48.0,16.0,2005.5009765625,48.0,100.0
2016-08-28,24.48999786376953,19.05,73.05000305175781,48.0,23.0,2582.09765625,48.0,100.0
2016-08-29,9.515000343322754,19.05,73.05000305175781,48.0,20.0,591.8986206054688,48.0,100.0
2016-08-30,80.33999633789062,19.05,73.05000305175781,48.0,39.0,14329.404296875,48.0,100.0
2016-08-31,5.315000057220459,19.05,73.05000305175781,48.0,14.0,307.98583984375,48.0,100.0
2016-09-01,2.5300002098083496,19.05,73.05000305175781,48.0,13.0,111.00370788574219,48.0,99.0
2016-09-02,1.5150001049041748,19.05,73.05000305175781,48.0,9.0,66.52650451660156,48.0,99.0
2016-09-03,0.6449999809265137,19.05,73.05000305175781,48.0,4.0,32.05560302734375,48.0,100.0
2016-09-04,0.0,19.05,73.05000305175781,48.0,0.0,2.764800786972046,48.0,100.0
2016-09-05,0.0,19.05,73.05000305175781,48.0,0.0,2.764800786972046,48.0,100.0
2016-09-06,0.0,19.05,73.05000305175781,48.0,0.0,2.764800786972046,48.0,100.0
2016-09-07,0.7849999666213989,19.05,73.05000305175781,48.0,1.0,60.77155685424805,48.0,100.0
2016-09-08,0.0,19.05,73.05000305175781,48.0,0.0,2.764800786972046,48.0,100.0
2016-09-09,0.0,19.05,73.05000305175781,48.0,0.0,2.764800786972046,48.0,100.0
2016-09-10,0.5099999904632568,19.05,73.05000305175781,48.0,6.0,19.151199340820312,48.0,100.0
2016-09-11,1.125,19.05,73.05000305175781,48.0,6.0,49.731693267822266,48.0,100.0
2016-09-12,0.0,19.05,73.05000305175781,48.0,0.0,2.764800786972046,48.0,100.0
2016-09-13,3.0850000381469727,19.05,73.05000305175781,48.0,13.0,156.4147186279297,48.0,100.0
2016-09-14,14.235000610351562,19.05,73.05000305175781,48.0,28.0,1294.1417236328125,48.0,99.0
2016-09-15,85.81499481201172,19.05,73.05000305175781,48.0,44.0,12135.533203125,48.0,100.0
2016-09-16,75.25499725341797,19.05,73.05000305175781,48.0,32.0,12585.73046875,48.0,100.0
2016-09-17,95.26000213623047,19.05,73.05000305175781,48.0,42.0,13016.3125,48.0,100.0
2016-09-18,27.194992065429688,19.05,73.05000305175781,48.0,32.0,2761.068115234375,48.0,100.0
2016-09-19,9.409998893737793,19.05,73.05000305175781,48.0,21.0,648.6529541015625,48.0,100.0
2016-09-20,58.63999938964844,19.05,73.05000305175781,48.0,40.0,7199.150390625,48.0,99.0
2016-09-21,46.459999084472656,19.05,73.05000305175781,48.0,41.0,4812.9345703125,48.0,100.0
2016-09-22,101.84498596191406,19.05,73.05000305175781,48.0,41.0,15314.240234375,48.0,100.0
2016-09-23,123.83999633789062,19.05,73.05000305175781,48.0,47.0,20074.90234375,48.0,100.0
2016-09-24,15.42500114440918,19.05,73.05000305175781,48.0,18.0,2186.961181640625,48.0,99.0
2016-09-25,5.435000419616699,19.05,73.05000305175781,48.0,11.0,434.3354187011719,48.0,99.0
2016-09-26,0.0,19.05,73.05000305175781,48.0,0.0,2.764800786972046,48.0,100.0
2016-09-27,1.4549999237060547,19.05,73.05000305175781,48.0,1.0,145.50973510742188,48.0,100.0
2016-09-28,0.0,19.05,73.05000305175781,48.0,0.0,2.764800786972046,48.0,100.0
2016-09-29,0.0,19.05,73.05000305175781,48.0,0.0,2.764800786972046,48.0,100.0
2016-09-30,0.8700000047683716,19.05,73.05000305175781,48.0,6.0,34.91259765625,48.0,100.0
2016-10-01,54.614994049072266,19.05,73.05000305175781,48.0,37.0,6404.41943359375,48.0,100.0
2016-10-02,22.334997177124023,19.05,73.05000305175781,48.0,22.0,2143.615478515625,48.0,100.0
2016-10-03,8.305000305175781,19.05,73.05000305175781,48.0,18.0,543.7815551757812,48.0,100.0
2016-10-04,10.59499740600586,19.05,73.05000305175781,48.0,20.0,786.2565307617188,48.0,100.0
2016-10-05,1.0049999952316284,19.05,73.05000305175781,48.0,4.0,49.766632080078125,48.0,100.0
2016-10-06,0.0,19.05,73.05000305175781,48.0,0.0,2.764800786972046,48.0,100.0
2016-10-07,0.0,19.05,73.05000305175781,48.0,0.0,2.764800786972046,48.0,100.0
2016-10-08,0.7899999618530273,19.05,73.05000305175781,48.0,2.0,45.8128776550293,48.0,100.0
2016-10-09,0.13499999046325684,19.05,73.05000305175781,48.0,1.0,7.503300666809082,48.0,100.0
2016-10-10,0.0,19.05,73.05000305175781,48.0,0.0,2.764800786972046,48.0,100.0
2016-10-11,0.0,19.05,73.05000305175781,48.0,0.0,2.764800786972046,48.0,100.0
2016-10-12,0.0,19.05,73.05000305175781,48.0,0.0,2.764800786972046,48.0,100.0
2016-10-13,0.0,19.05,73.05000305175781,48.0,0.0,2.764800786972046,48.0,100.0
2016-10-14,0.0,19.05,73.05000305175781,48.0,0.0,2.764800786972046,48.0,100.0
2016-10-15,0.0,19.05,73.05000305175781,48.0,0.0,2.764800786972046,48.0,100.0
2016-10-16,0.0,19.05,73.05000305175781,48.0,0.0,2.764800786972046,48.0,100.0
2016-10-17,0.0,19.05,73.05000305175781,48.0,0.0,2.764800786972046,48.0,100.0
2016-10-18,0.0,19.05,73.05000305175781,48.0,0.0,2.764800786972046,48.0,100.0
2016-10-19,0.0,19.05,73.05000305175781,48.0,0.0,2.764800786972046,48.0,100.0
2016-10-20,0.0,19.05,73.05000305175781,48.0,0.0,2.764800786972046,48.0,100.0
2016-10-21,0.0,19.05,73.05000305175781,48.0,0.0,2.764800786972046,48.0,100.0
2016-10-22,0.0,19.05,73.05000305175781,48.0,0.0,2.764800786972046,48.0,100.0
2016-10-23,0.0,19.05,73.05000305175781,48.0,0.0,2.764800786972046,48.0,100.0
2016-10-24,0.0,19.05,73.05000305175781,48.0,0.0,2.764800786972046,48.0,100.0
2016-10-25,0.0,19.05,73.05000305175781,48.0,0.0,2.764800786972046,48.0,100.0
2016-10-26,0.0,19.05,73.05000305175781,48.0,0.0,2.764800786972046,48.0,100.0
2016-10-27,0.0,19.05,73.05000305175781,48.0,0.0,2.764800786972046,48.0,100.0
2016-10-28,0.0,19.05,73.05000305175781,48.0,0.0,2.764800786972046,48.0,100.0
2016-10-29,0.0,19.05,73.05000305175781,48.0,0.0,2.764800786972046,48.0,100.0
2016-10-30,0.0,19.05,73.05000305175781,48.0,0.0,2.764800786972046,48.0,100.0
2016-10-31,0.0,19.05,73.05000305175781,48.0,0.0,2.764800786972046,48.0,100.0
2016-11-01,0.0,19.05,73.05000305175781,48.0,0.0,2.764800786972046,48.0,100.0
2016-11-02,0.0,19.05,73.05000305175781,48.0,0.0,2.764800786972046,48.0,100.0
2016-11-03,0.0,19.05,73.05000305175781,48.0,0.0,2.764800786972046,48.0,100.0
2016-11-04,0.0,19.05,73.05000305175781,48.0,0.0,2.764800786972046,48.0,100.0
2016-11-05,0.0,19.05,73.05000305175781,48.0,0.0,2.764800786972046,48.0,100.0
2016-11-06,0.0,19.05,73.05000305175781,48.0,0.0,2.764800786972046,48.0,100.0
2016-11-07,0.0,19.05,73.05000305175781,48.0,0.0,2.764800786972046,48.0,100.0
2016-11-08,0.0,19.05,73.05000305175781,48.0,0.0,2.764800786972046,48.0,100.0
2016-11-09,0.0,19.05,73.05000305175781,48.0,0.0,2.764800786972046,48.0,100.0
2016-11-10,0.0,19.05,73.05000305175781,48.0,0.0,2.764800786972046,48.0,100.0
2016-11-11,0.0,19.05,73.05000305175781,48.0,0.0,2.764800786972046,48.0,100.0
2016-11-12,0.0,19.05,73.05000305175781,48.0,0.0,2.764800786972046,48.0,100.0
2016-11-13,0.0,19.05,73.05000305175781,48.0,0.0,2.764800786972046,48.0,100.0
2016-11-14,0.0,19.05,73.05000305175781,48.0,0.0,2.764800786972046,48.0,100.0
2016-11-15,0.0,19.05,73.05000305175781,48.0,0.0,2.764800786972046,48.0,100.0
2016-11-16,0.0,19.05,73.05000305175781,48.0,0.0,2.764800786972046,48.0,100.0
2016-11-17,0.0,19.05,73.05000305175781,48.0,0.0,2.764800786972046,48.0,100.0
2016-11-18,1.0850000381469727,19.05,73.05000305175781,48.0,2.0,82.98291778564453,48.0,100.0
2016-11-19,0.0,19.05,73.05000305175781,48.0,0.0,2.764800786972046,48.0,100.0
2016-11-20,0.0,19.05,73.05000305175781,48.0,0.0,2.764800786972046,48.0,100.0
2016-11-21,0.0,19.05,73.05000305175781,48.0,0.0,2.764800786972046,48.0,100.0
2016-11-22,0.0,19.05,73.05000305175781,48.0,0.0,2.764800786972046,48.0,100.0
2016-11-23,0.0,19.05,73.05000305175781,48.0,0.0,2.764800786972046,48.0,100.0
2016-11-24,0.0,19.05,73.05000305175781,48.0,0.0,2.764800786972046,48.0,100.0
2016-11-25,0.0,19.05,73.05000305175781,48.0,0.0,2.764800786972046,48.0,100.0
2016-11-26,0.0,19.05,73.05000305175781,48.0,0.0,2.764800786972046,48.0,100.0
2016-11-27,0.0,19.05,73.05000305175781,48.0,0.0,2.764800786972046,48.0,100.0
2016-11-28,0.0,19.05,73.05000305175781,48.0,0.0,2.764800786972046,48.0,100.0
2016-11-29,0.0,19.05,73.05000305175781,48.0,0.0,2.764800786972046,48.0,100.0
2016-11-30,0.0,19.05,73.05000305175781,48.0,0.0,2.764800786972046,48.0,100.0
2016-12-01,0.0,19.05,73.05000305175781,48.0,0.0,2.764800786972046,48.0,100.0
2016-12-02,0.0,19.05,73.05000305175781,48.0,0.0,2.764800786972046,48.0,100.0
2016-12-03,0.0,19.05,73.05000305175781,48.0,0.0,2.764800786972046,48.0,100.0
2016-12-04,0.0,19.05,73.05000305175781,48.0,0.0,2.764800786972046,48.0,100.0
2016-12-05,0.0,19.05,73.05000305175781,48.0,0.0,2.764800786972046,48.0,100.0
2016-12-06,0.0,19.05,73.05000305175781,48.0,0.0,2.764800786972046,48.0,100.0
2016-12-07,0.0,19.05,73.05000305175781,48.0,0.0,2.764800786972046,48.0,100.0
2016-12-08,0.0,19.05,73.05000305175781,48.0,0.0,2.764800786972046,48.0,100.0
2016-12-09,0.0,19.05,73.05000305175781,48.0,0.0,2.764800786972046,48.0,100.0
2016-12-10,0.0,19.05,73.05000305175781,48.0,0.0,2.764800786972046,48.0,100.0
2016-12-11,0.0,19.05,73.05000305175781,48.0,0.0,2.764800786972046,48.0,100.0
2016-12-12,0.0,19.05,73.05000305175781,48.0,0.0,2.764800786972046,48.0,100.0
2016-12-13,0.0,19.05,73.05000305175781,48.0,0.0,2.764800786972046,48.0,100.0
2016-12-14,0.0,19.05,73.05000305175781,48.0,0.0,2.764800786972046,48.0,100.0
2016-12-15,0.0,19.05,73.05000305175781,48.0,0.0,2.764800786972046,48.0,100.0
2016-12-16,0.0,19.05,73.05000305175781,48.0,0.0,2.764800786972046,48.0,100.0
2016-12-17,0.0,19.05,73.05000305175781,48.0,0.0,2.764800786972046,48.0,100.0
2016-12-18,0.0,19.05,73.05000305175781,48.0,0.0,2.764800786972046,48.0,100.0
2016-12-19,0.0,19.05,73.05000305175781,48.0,0.0,2.764800786972046,48.0,100.0
2016-12-20,0.0,19.05,73.05000305175781,48.0,0.0,2.764800786972046,48.0,100.0
2016-12-21,0.0,19.05,73.05000305175781,48.0,0.0,2.764800786972046,48.0,100.0
2016-12-22,0.0,19.05,73.05000305175781,48.0,0.0,2.764800786972046,48.0,100.0
2016-12-23,0.0,19.05,73.05000305175781,48.0,0.0,2.764800786972046,48.0,100.0
2016-12-24,0.0,19.05,73.05000305175781,48.0,0.0,2.764800786972046,48.0,100.0
2016-12-25,0.0,19.05,73.05000305175781,48.0,0.0,2.764800786972046,48.0,100.0
2016-12-26,0.0,19.05,73.05000305175781,48.0,0.0,2.764800786972046,48.0,100.0
2016-12-27,0.0,19.05,73.05000305175781,48.0,0.0,2.764800786972046,48.0,100.0
2016-12-28,0.0,19.05,73.05000305175781,48.0,0.0,2.764800786972046,48.0,100.0
2016-12-29,0.0,19.05,73.05000305175781,48.0,0.0,2.764800786972046,48.0,100.0
2016-12-30,0.0,19.05,73.05000305175781,48.0,0.0,2.764800786972046,48.0,100.0
2016-12-31,0.0,19.05,73.05000305175781,48.0,0.0,2.764800786972046,48.0,100.0
2017-01-01,0.0,19.05,73.05000305175781,48.0,0.0,2.764800786972046,48.0,100.0
2017-01-02,0.0,19.05,73.05000305175781,48.0,0.0,2.764800786972046,48.0,100.0
2017-01-03,0.0,19.05,73.05000305175781,48.0,0.0,2.764800786972046,48.0,100.0
2017-01-04,0.0,19.05,73.05000305175781,48.0,0.0,2.764800786972046,48.0,100.0
2017-01-05,0.0,19.05,73.05000305175781,48.0,0.0,2.764800786972046,48.0,100.0
2017-01-06,0.0,19.05,73.05000305175781,48.0,0.0,2.764800786972046,48.0,100.0
2017-01-07,0.0,19.05,73.05000305175781,48.0,0.0,2.764800786972046,48.0,100.0
2017-01-08,0.0,19.05,73.05000305175781,48.0,0.0,2.764800786972046,48.0,100.0
2017-01-09,0.0,19.05,73.05000305175781,48.0,0.0,2.764800786972046,48.0,100.0
2017-01-10,0.0,19.05,73.05000305175781,48.0,0.0,2.764800786972046,48.0,100.0
2017-01-11,0.0,19.05,73.05000305175781,48.0,0.0,2.764800786972046,48.0,100.0
2017-01-12,0.0,19.05,73.05000305175781,48.0,0.0,2.764800786972046,48.0,100.0
2017-01-13,0.0,19.05,73.05000305175781,48.0,0.0,2.764800786972046,48.0,100.0
2017-01-14,0.0,19.05,73.05000305175781,48.0,0.0,2.764800786972046,48.0,100.0
2017-01-15,0.0,19.05,73.05000305175781,48.0,0.0,2.764800786972046,48.0,100.0
2017-01-16,0.0,19.05,73.05000305175781,48.0,0.0,2.764800786972046,48.0,100.0
2017-01-17,0.0,19.05,73.05000305175781,48.0,0.0,2.764800786972046,48.0,100.0
2017-01-18,0.0,19.05,73.05000305175781,48.0,0.0,2.764800786972046,48.0,100.0
2017-01-19,0.0,19.05,73.05000305175781,48.0,0.0,2.764800786972046,48.0,100.0
2017-01-20,0.0,19.05,73.05000305175781,48.0,0.0,2.764800786972046,48.0,100.0
2017-01-21,0.0,19.05,73.05000305175781,48.0,0.0,2.764800786972046,48.0,100.0
2017-01-22,0.0,19.05,73.05000305175781,48.0,0.0,2.764800786972046,48.0,100.0
2017-01-23,0.0,19.05,73.05000305175781,48.0,0.0,2.764800786972046,48.0,100.0
2017-01-24,0.0,19.05,73.05000305175781,48.0,0.0,2.764800786972046,48.0,100.0
2017-01-25,0.0,19.05,73.05000305175781,48.0,0.0,2.764800786972046,48.0,100.0
2017-01-26,0.0,19.05,73.05000305175781,48.0,0.0,2.764800786972046,48.0,100.0
2017-01-27,0.0,19.05,73.05000305175781,48.0,0.0,2.764800786972046,48.0,100.0
2017-01-28,0.0,19.05,73.05000305175781,48.0,0.0,2.764800786972046,48.0,100.0
2017-01-29,0.0,19.05,73.05000305175781,48.0,0.0,2.764800786972046,48.0,100.0
2017-01-30,0.0,19.05,73.05000305175781,48.0,0.0,2.764800786972046,48.0,100.0
2017-01-31,0.0,19.05,73.05000305175781,48.0,0.0,2.764800786972046,48.0,100.0
2017-02-01,0.0,19.05,73.05000305175781,48.0,0.0,2.764800786972046,48.0,100.0
2017-02-02,0.0,19.05,73.05000305175781,48.0,0.0,2.764800786972046,48.0,100.0
2017-02-03,0.0,19.05,73.05000305175781,48.0,0.0,2.764800786972046,48.0,100.0
2017-02-04,0.0,19.05,73.05000305175781,48.0,0.0,2.764800786972046,48.0,100.0
2017-02-05,0.0,19.05,73.05000305175781,48.0,0.0,2.764800786972046,48.0,100.0
2017-02-06,0.0,19.05,73.05000305175781,48.0,0.0,2.764800786972046,48.0,100.0
2017-02-07,0.0,19.05,73.05000305175781,48.0,0.0,2.764800786972046,48.0,100.0
2017-02-08,0.0,19.05,73.05000305175781,48.0,0.0,2.764800786972046,48.0,100.0
2017-02-09,0.0,19.05,73.05000305175781,48.0,0.0,2.764800786972046,48.0,100.0
2017-02-10,0.0,19.05,73.05000305175781,48.0,0.0,2.764800786972046,48.0,100.0
2017-02-11,0.0,19.05,73.05000305175781,48.0,0.0,2.764800786972046,48.0,100.0
2017-02-12,0.0,19.05,73.05000305175781,48.0,0.0,2.764800786972046,48.0,100.0
2017-02-13,0.0,19.05,73.05000305175781,48.0,0.0,2.764800786972046,48.0,100.0
2017-02-14,0.0,19.05,73.05000305175781,48.0,0.0,2.764800786972046,48.0,100.0
2017-02-15,0.0,19.05,73.05000305175781,48.0,0.0,2.764800786972046,48.0,100.0
2017-02-16,0.0,19.05,73.05000305175781,48.0,0.0,2.764800786972046,48.0,100.0
2017-02-17,0.0,19.05,73.05000305175781,48.0,0.0,2.764800786972046,48.0,100.0
2017-02-18,0.0,19.05,73.05000305175781,48.0,0.0,2.764800786972046,48.0,100.0
2017-02-19,0.0,19.05,73.05000305175781,48.0,0.0,2.764800786972046,48.0,100.0
2017-02-20,0.0,19.05,73.05000305175781,48.0,0.0,2.764800786972046,48.0,100.0
2017-02-21,0.0,19.05,73.05000305175781,48.0,0.0,2.764800786972046,48.0,100.0
2017-02-22,0.0,19.05,73.05000305175781,48.0,0.0,2.764800786972046,48.0,100.0
2017-02-23,0.0,19.05,73.05000305175781,48.0,0.0,2.764800786972046,48.0,100.0
2017-02-24,0.0,19.05,73.05000305175781,48.0,0.0,2.764800786972046,48.0,100.0
2017-02-25,0.0,19.05,73.05000305175781,48.0,0.0,2.764800786972046,48.0,100.0
2017-02-26,0.0,19.05,73.05000305175781,48.0,0.0,2.764800786972046,48.0,100.0
2017-02-27,0.0,19.05,73.05000305175781,48.0,0.0,2.764800786972046,48.0,100.0
2017-02-28,0.0,19.05,73.05000305175781,48.0,0.0,2.764800786972046,48.0,100.0
2017-03-01,0.0,19.05,73.05000305175781,48.0,0.0,2.764800786972046,48.0,100.0
2017-03-02,0.0,19.05,73.05000305175781,48.0,0.0,2.764800786972046,48.0,100.0
2017-03-03,0.0,19.05,73.05000305175781,48.0,0.0,2.764800786972046,48.0,100.0
2017-03-04,0.0,19.05,73.05000305175781,48.0,0.0,2.764800786972046,48.0,100.0
2017-03-05,0.0,19.05,73.05000305175781,48.0,0.0,2.764800786972046,48.0,100.0
2017-03-06,0.0,19.05,73.05000305175781,48.0,0.0,2.764800786972046,48.0,100.0
2017-03-07,0.0,19.05,73.05000305175781,48.0,0.0,2.764800786972046,48.0,100.0
2017-03-08,0.0,19.05,73.05000305175781,48.0,0.0,2.764800786972046,48.0,100.0
2017-03-09,0.0,19.05,73.05000305175781,48.0,0.0,2.764800786972046,48.0,100.0
2017-03-10,0.0,19.05,73.05000305175781,48.0,0.0,2.764800786972046,48.0,100.0
2017-03-11,0.0,19.05,73.05000305175781,48.0,0.0,2.764800786972046,48.0,100.0
2017-03-12,0.0,19.05,73.05000305175781,48.0,0.0,2.764800786972046,48.0,100.0
2017-03-13,0.0,19.05,73.05000305175781,48.0,0.0,2.764800786972046,48.0,100.0
2017-03-14,0.0,19.05,73.05000305175781,48.0,0.0,2.764800786972046,48.0,100.0
2017-03-15,0.0,19.05,73.05000305175781,48.0,0.0,2.764800786972046,48.0,100.0
2017-03-16,0.0,19.05,73.05000305175781,48.0,0.0,2.764800786972046,48.0,100.0
2017-03-17,0.0,19.05,73.05000305175781,48.0,0.0,2.764800786972046,48.0,100.0
2017-03-18,0.0,19.05,73.05000305175781,48.0,0.0,2.764800786972046,48.0,100.0
2017-03-19,0.0,19.05,73.05000305175781,48.0,0.0,2.764800786972046,48.0,100.0
2017-03-20,0.0,19.05,73.05000305175781,48.0,0.0,2.764800786972046,48.0,100.0
2017-03-21,0.0,19.05,73.05000305175781,48.0,0.0,2.764800786972046,48.0,100.0
2017-03-22,0.0,19.05,73.05000305175781,48.0,0.0,2.764800786972046,48.0,100.0
2017-03-23,0.0,19.05,73.05000305175781,48.0,0.0,2.764800786972046,48.0,100.0
2017-03-24,0.0,19.05,73.05000305175781,48.0,0.0,2.764800786972046,48.0,100.0
2017-03-25,0.0,19.05,73.05000305175781,48.0,0.0,2.764800786972046,48.0,100.0
2017-03-26,0.0,19.05,73.05000305175781,48.0,0.0,2.764800786972046,48.0,100.0
2017-03-27,0.0,19.05,73.05000305175781,48.0,0.0,2.764800786972046,48.0,100.0
2017-03-28,0.0,19.05,73.05000305175781,48.0,0.0,2.764800786972046,48.0,100.0
2017-03-29,0.0,19.05,73.05000305175781,48.0,0.0,2.764800786972046,48.0,100.0
2017-03-30,0.0,19.05,73.05000305175781,48.0,0.0,2.764800786972046,48.0,100.0
2017-03-31,0.0,19.05,73.05000305175781,48.0,0.0,2.764800786972046,48.0,100.0
2017-04-01,0.0,19.05,73.05000305175781,48.0,0.0,2.764800786972046,48.0,100.0
2017-04-02,0.0,19.05,73.05000305175781,48.0,0.0,2.764800786972046,48.0,100.0
2017-04-03,0.0,19.05,73.05000305175781,48.0,0.0,2.764800786972046,48.0,100.0
2017-04-04,0.0,19.05,73.05000305175781,48.0,0.0,2.764800786972046,48.0,100.0
2017-04-05,0.0,19.05,73.05000305175781,48.0,0.0,2.764800786972046,48.0,100.0
2017-04-06,0.0,19.05,73.05000305175781,48.0,0.0,2.764800786972046,48.0,100.0
2017-04-07,0.0,19.05,73.05000305175781,48.0,0.0,2.764800786972046,48.0,100.0
2017-04-08,0.0,19.05,73.05000305175781,48.0,0.0,2.764800786972046,48.0,100.0
2017-04-09,0.0,19.05,73.05000305175781,48.0,0.0,2.764800786972046,48.0,100.0
2017-04-10,0.0,19.05,73.05000305175781,48.0,0.0,2.764800786972046,48.0,100.0
2017-04-11,0.0,19.05,73.05000305175781,48.0,0.0,2.764800786972046,48.0,100.0
2017-04-12,0.0,19.05,73.05000305175781,48.0,0.0,2.764800786972046,48.0,100.0
2017-04-13,0.0,19.05,73.05000305175781,48.0,0.0,2.764800786972046,48.0,100.0
2017-04-14,0.0,19.05,73.05000305175781,48.0,0.0,2.764800786972046,48.0,100.0
2017-04-15,0.0,19.05,73.05000305175781,48.0,0.0,2.764800786972046,48.0,100.0
2017-04-16,0.0,19.05,73.05000305175781,48.0,0.0,2.764800786972046,48.0,100.0
2017-04-17,0.0,19.05,73.05000305175781,48.0,0.0,2.764800786972046,48.0,100.0
2017-04-18,0.0,19.05,73.05000305175781,48.0,0.0,2.764800786972046,48.0,100.0
2017-04-19,0.0,19.05,73.05000305175781,48.0,0.0,2.764800786972046,48.0,100.0
2017-04-20,0.0,19.05,73.05000305175781,48.0,0.0,2.764800786972046,48.0,100.0
2017-04-21,0.0,19.05,73.05000305175781,48.0,0.0,2.764800786972046,48.0,100.0
2017-04-22,0.0,19.05,73.05000305175781,48.0,0.0,2.764800786972046,48.0,100.0
2017-04-23,0.0,19.05,73.05000305175781,48.0,0.0,2.764800786972046,48.0,100.0
2017-04-24,0.0,19.05,73.05000305175781,48.0,0.0,2.764800786972046,48.0,100.0
2017-04-25,0.0,19.05,73.05000305175781,48.0,0.0,2.764800786972046,48.0,100.0
2017-04-26,0.0,19.05,73.05000305175781,48.0,0.0,2.764800786972046,48.0,100.0
2017-04-27,0.0,19.05,73.05000305175781,48.0,0.0,2.764800786972046,48.0,100.0
2017-04-28,0.0,19.05,73.05000305175781,48.0,0.0,2.764800786972046,48.0,100.0
2017-04-29,0.0,19.05,73.05000305175781,48.0,0.0,2.764800786972046,48.0,100.0
2017-04-30,0.0,19.05,73.05000305175781,48.0,0.0,2.764800786972046,48.0,100.0
2017-05-01,0.0,19.05,73.05000305175781,48.0,0.0,2.764800786972046,48.0,100.0
2017-05-02,0.0,19.05,73.05000305175781,48.0,0.0,2.764800786972046,48.0,100.0
2017-05-03,0.0,19.05,73.05000305175781,48.0,0.0,2.764800786972046,48.0,100.0
2017-05-04,0.0,19.05,73.05000305175781,48.0,0.0,2.764800786972046,48.0,100.0
2017-05-05,0.0,19.05,73.05000305175781,48.0,0.0,2.764800786972046,48.0,100.0
2017-05-06,0.0,19.05,73.05000305175781,48.0,0.0,2.764800786972046,48.0,100.0
2017-05-07,0.0,19.05,73.05000305175781,48.0,0.0,2.764800786972046,48.0,100.0
2017-05-08,0.0,19.05,73.05000305175781,48.0,0.0,2.764800786972046,48.0,100.0
2017-05-09,0.0,19.05,73.05000305175781,48.0,0.0,2.764800786972046,48.0,100.0
2017-05-10,0.0,19.05,73.05000305175781,48.0,0.0,2.764800786972046,48.0,100.0
2017-05-11,0.0,19.05,73.05000305175781,48.0,0.0,2.764800786972046,48.0,100.0
2017-05-12,0.0,19.05,73.05000305175781,48.0,0.0,2.764800786972046,48.0,100.0
2017-05-13,10.640000343322754,19.05,73.05000305175781,48.0,8.0,1121.3983154296875,48.0,100.0
2017-05-14,0.0,19.05,73.05000305175781,48.0,0.0,2.764800786972046,48.0,100.0
2017-05-15,0.0,19.05,73.05000305175781,48.0,0.0,2.764800786972046,48.0,100.0
2017-05-16,0.0,19.05,73.05000305175781,48.0,0.0,2.764800786972046,48.0,100.0
2017-05-17,0.0,19.05,73.05000305175781,48.0,0.0,2.764800786972046,48.0,100.0
2017-05-18,0.0,19.05,73.05000305175781,48.0,0.0,2.764800786972046,48.0,100.0
2017-05-19,0.0,19.05,73.05000305175781,48.0,0.0,2.764800786972046,48.0,100.0
2017-05-20,0.0,19.05,73.05000305175781,48.0,0.0,2.764800786972046,48.0,100.0
2017-05-21,0.0,19.05,73.05000305175781,48.0,0.0,2.764800786972046,48.0,100.0
2017-05-22,0.0,19.05,73.05000305175781,48.0,0.0,2.764800786972046,48.0,100.0
2017-05-23,0.0,19.05,73.05000305175781,48.0,0.0,2.764800786972046,48.0,100.0
2017-05-24,0.0,19.05,73.05000305175781,48.0,0.0,2.764800786972046,48.0,100.0
2017-05-25,0.0,19.05,73.05000305175781,48.0,0.0,2.764800786972046,48.0,100.0
2017-05-26,0.0,19.05,73.05000305175781,48.0,0.0,2.764800786972046,48.0,100.0
2017-05-27,0.0,19.05,73.05000305175781,48.0,0.0,2.764800786972046,48.0,100.0
2017-05-28,0.0,19.05,73.05000305175781,48.0,0.0,2.764800786972046,48.0,100.0
2017-05-29,0.0,19.05,73.05000305175781,48.0,0.0,2.764800786972046,48.0,100.0
2017-05-30,0.0,19.05,73.05000305175781,48.0,0.0,2.764800786972046,48.0,100.0
2017-05-31,0.0,19.05,73.05000305175781,48.0,0.0,2.764800786972046,48.0,100.0
2017-06-01,25.934995651245117,19.05,73.05000305175781,48.0,17.0,5583.41552734375,48.0,100.0
2017-06-02,14.350000381469727,19.05,73.05000305175781,48.0,6.0,2485.3046875,48.0,100.0
2017-06-03,19.439998626708984,19.05,73.05000305175781,48.0,19.0,2255.422119140625,48.0,100.0
2017-06-04,0.07999999821186066,19.05,73.05000305175781,48.0,2.0,4.775400638580322,48.0,100.0
2017-06-05,0.0,19.05,73.05000305175781,48.0,0.0,2.764800786972046,48.0,100.0
2017-06-06,0.0,19.05,73.05000305175781,48.0,0.0,2.764800786972046,48.0,100.0
2017-06-07,14.074999809265137,19.05,73.05000305175781,48.0,25.0,1135.2144775390625,48.0,100.0
2017-06-08,13.225000381469727,19.05,73.05000305175781,48.0,23.0,1091.4354248046875,48.0,100.0
2017-06-09,46.959999084472656,19.05,73.05000305175781,48.0,38.0,5800.2705078125,48.0,100.0
2017-06-10,17.485004425048828,19.05,73.05000305175781,48.0,40.0,1329.5863037109375,48.0,99.0
2017-06-11,9.174999237060547,19.05,73.05000305175781,48.0,32.0,602.2232055664062,48.0,100.0
2017-06-12,46.554996490478516,19.05,73.05000305175781,48.0,36.0,6161.4404296875,48.0,100.0
2017-06-13,1.475000023841858,19.05,73.05000305175781,48.0,12.0,60.354270935058594,48.0,100.0
2017-06-14,1.7549998760223389,19.05,73.05000305175781,48.0,10.0,83.04630279541016,48.0,100.0
2017-06-15,3.4699997901916504,19.05,73.05000305175781,48.0,10.0,213.4244384765625,48.0,100.0
2017-06-16,0.0,19.05,73.05000305175781,48.0,0.0,2.764800786972046,48.0,100.0
2017-06-17,0.9049999713897705,19.05,73.05000305175781,48.0,3.0,62.48286056518555,48.0,100.0
2017-06-18,0.0,19.05,73.05000305175781,48.0,0.0,2.764800786972046,48.0,100.0
2017-06-19,0.0,19.05,73.05000305175781,48.0,0.0,2.764800786972046,48.0,100.0
2017-06-20,0.0,19.05,73.05000305175781,48.0,0.0,2.764800786972046,48.0,100.0
2017-06-21,1.59499990940094,19.05,73.05000305175781,48.0,8.0,77.60971069335938,48.0,100.0
2017-06-22,7.595000267028809,19.05,73.05000305175781,48.0,9.0,648.7114868164062,48.0,100.0
2017-06-23,0.0,19.05,73.05000305175781,48.0,0.0,2.764800786972046,48.0,100.0
2017-06-24,31.779998779296875,19.05,73.05000305175781,48.0,28.0,4232.353515625,48.0,100.0
2017-06-25,57.85499572753906,19.05,73.05000305175781,48.0,37.0,8123.3115234375,48.0,100.0
2017-06-26,31.899999618530273,19.05,73.05000305175781,48.0,43.0,2791.83984375,48.0,100.0
2017-06-27,48.44999313354492,19.05,73.05000305175781,48.0,43.0,5493.1787109375,48.0,100.0
2017-06-28,118.61000061035156,19.05,73.05000305175781,48.0,48.0,15912.126953125,48.0,100.0
2017-06-29,43.3650016784668,19.05,73.05000305175781,48.0,44.0,4215.58251953125,48.0,99.0
2017-06-30,17.770000457763672,19.05,73.05000305175781,48.0,29.0,2109.58642578125,48.0,100.0
2017-07-01,71.51499938964844,19.05,73.05000305175781,48.0,41.0,9992.046875,48.0,100.0
2017-07-02,49.24000549316406,19.05,73.05000305175781,48.0,29.0,7635.94189453125,48.0,99.0
2017-07-03,2.200000047683716,19.05,73.05000305175781,48.0,9.0,129.5714569091797,48.0,100.0
2017-07-04,0.9050000309944153,19.05,73.05000305175781,48.0,5.0,46.00029754638672,48.0,100.0
2017-07-05,0.14499999582767487,19.05,73.05000305175781,48.0,2.0,7.144100666046143,48.0,100.0
2017-07-06,7.800000190734863,19.05,73.05000305175781,48.0,14.0,633.9528198242188,48.0,100.0
2017-07-07,5.105000019073486,19.05,73.05000305175781,48.0,10.0,424.3713073730469,48.0,100.0
2017-07-08,0.625,19.05,73.05000305175781,48.0,5.0,25.050800323486328,48.0,100.0
2017-07-09,6.1449995040893555,19.05,73.05000305175781,48.0,10.0,547.6013793945312,48.0,100.0
2017-07-10,0.7900000810623169,19.05,73.05000305175781,48.0,2.0,58.552364349365234,48.0,100.0
2017-07-11,2.205000162124634,19.05,73.05000305175781,48.0,9.0,122.00146484375,48.0,99.0
2017-07-12,13.269998550415039,19.05,73.05000305175781,48.0,21.0,1300.390380859375,48.0,100.0
2017-07-13,56.56500244140625,19.05,73.05000305175781,48.0,38.0,7333.23779296875,48.0,99.0
2017-07-14,79.71500396728516,19.05,73.05000305175781,48.0,44.0,11203.9091796875,48.0,99.0
2017-07-15,44.73999786376953,19.05,73.05000305175781,48.0,40.0,4953.98974609375,48.0,100.0
2017-07-16,41.30999755859375,19.05,73.05000305175781,48.0,27.0,5497.93310546875,48.0,100.0
2017-07-17,142.91000366210938,19.05,73.05000305175781,48.0,48.0,22409.044921875,48.0,100.0
2017-07-18,109.76498413085938,19.05,73.05000305175781,48.0,45.0,15177.7646484375,48.0,100.0
2017-07-19,34.689998626708984,19.05,73.05000305175781,48.0,35.0,3367.86572265625,48.0,100.0
2017-07-20,55.17499923706055,19.05,73.05000305175781,48.0,48.0,5290.10302734375,48.0,100.0
2017-07-21,56.239990234375,19.05,73.05000305175781,48.0,38.0,6777.93505859375,48.0,100.0
2017-07-22,74.15999603271484,19.05,73.05000305175781,48.0,37.0,11760.8291015625,48.0,100.0
2017-07-23,3.2400002479553223,19.05,73.05000305175781,48.0,20.0,133.46778869628906,48.0,99.0
2017-07-24,0.8949999809265137,19.05,73.05000305175781,48.0,7.0,36.14882278442383,48.0,100.0
2017-07-25,3.5550003051757812,19.05,73.05000305175781,48.0,10.0,287.9745788574219,48.0,100.0
2017-07-26,2.68999981880188,19.05,73.05000305175781,48.0,4.0,215.03738403320312,48.0,100.0
2017-07-27,14.954999923706055,19.05,73.05000305175781,48.0,31.0,1182.01904296875,48.0,100.0
2017-07-28,13.744998931884766,19.05,73.05000305175781,48.0,18.0,1410.8883056640625,48.0,100.0
2017-07-29,0.45499998331069946,19.05,73.05000305175781,48.0,6.0,16.877899169921875,48.0,100.0
2017-07-30,10.874999046325684,19.05,73.05000305175781,48.0,7.0,1321.3460693359375,48.0,100.0
2017-07-31,5.47499942779541,19.05,73.05000305175781,48.0,15.0,593.8464965820312,48.0,100.0
2017-08-01,1.7100000381469727,19.05,73.05000305175781,48.0,11.0,98.3361587524414,48.0,100.0
2017-08-02,0.0,19.05,73.05000305175781,48.0,0.0,2.764800786972046,48.0,100.0
2017-08-03,0.7450000047683716,19.05,73.05000305175781,48.0,8.0,26.55229949951172,48.0,100.0
2017-08-04,0.0,19.05,73.05000305175781,48.0,0.0,2.764800786972046,48.0,100.0
2017-08-05,0.0,19.05,73.05000305175781,48.0,0.0,2.764800786972046,48.0,100.0
2017-08-06,1.5999999046325684,19.05,73.05000305175781,48.0,4.0,104.12712097167969,48.0,100.0
2017-08-07,1.5150001049041748,19.05,73.05000305175781,48.0,5.0,81.05935668945312,48.0,99.0
2017-08-08,4.5849995613098145,19.05,73.05000305175781,48.0,10.0,354.5223083496094,48.0,100.0
2017-08-09,7.919999122619629,19.05,73.05000305175781,48.0,24.0,533.6900634765625,48.0,100.0
2017-08-10,2.2300000190734863,19.05,73.05000305175781,48.0,17.0,95.47396850585938,48.0,100.0
2017-08-11,1.3999998569488525,19.05,73.05000305175781,48.0,10.0,71.44650268554688,48.0,100.0
2017-08-12,0.7200000286102295,19.05,73.05000305175781,48.0,5.0,29.229799270629883,48.0,99.0
2017-08-13,17.104999542236328,19.05,73.05000305175781,48.0,27.0,1946.991455078125,48.0,100.0
2017-08-14,58.90499496459961,19.05,73.05000305175781,48.0,44.0,6867.44091796875,48.0,100.0
2017-08-15,8.885002136230469,19.05,73.05000305175781,48.0,22.0,595.6589965820312,48.0,99.0
2017-08-16,0.9699999690055847,19.05,73.05000305175781,48.0,8.0,39.10074996948242,48.0,100.0
2017-08-17,2.044999837875366,19.05,73.05000305175781,48.0,6.0,146.6953887939453,48.0,100.0
2017-08-18,8.324999809265137,19.05,73.05000305175781,48.0,17.0,695.46728515625,48.0,100.0
2017-08-19,43.77499771118164,19.05,73.05000305175781,48.0,44.0,4039.375,48.0,100.0
2017-08-20,122.77998352050781,19.05,73.05000305175781,48.0,48.0,18599.494140625,48.0,100.0
2017-08-21,17.440000534057617,19.05,73.05000305175781,48.0,38.0,1258.0965576171875,48.0,100.0
2017-08-22,0.0,19.05,73.05000305175781,48.0,0.0,2.764800786972046,48.0,100.0
2017-08-23,0.0,19.05,73.05000305175781,48.0,0.0,2.764800786972046,48.0,100.0
2017-08-24,0.0,19.05,73.05000305175781,48.0,0.0,2.764800786972046,48.0,100.0
2017-08-25,52.79000473022461,19.05,73.05000305175781,48.0,45.0,6867.94775390625,48.0,99.0
2017-08-26,23.469999313354492,19.05,73.05000305175781,48.0,34.0,1956.314453125,48.0,100.0
2017-08-27,53.12000274658203,19.05,73.05000305175781,48.0,42.0,5816.4228515625,48.0,99.0
2017-08-28,57.249996185302734,19.05,73.05000305175781,48.0,48.0,6728.48193359375,48.0,100.0
2017-08-29,79.3949966430664,19.05,73.05000305175781,48.0,48.0,10648.3974609375,48.0,100.0
2017-08-30,3.8849997520446777,19.05,73.05000305175781,48.0,5.0,396.7598876953125,48.0,100.0
2017-08-31,0.0,19.05,73.05000305175781,48.0,0.0,2.764800786972046,48.0,100.0
2017-09-01,0.125,19.05,73.05000305175781,48.0,2.0,6.289700508117676,48.0,100.0
2017-09-02,0.0,19.05,73.05000305175781,48.0,0.0,2.764800786972046,48.0,100.0
2017-09-03,1.1149998903274536,19.05,73.05000305175781,48.0,10.0,58.426937103271484,48.0,100.0
2017-09-04,0.004999999888241291,19.05,73.05000305175781,48.0,1.0,2.8368008136749268,48.0,100.0
2017-09-05,0.0,19.05,73.05000305175781,48.0,0.0,2.764800786972046,48.0,100.0
2017-09-06,0.20000001788139343,19.05,73.05000305175781,48.0,4.0,8.067700386047363,48.0,100.0
2017-09-07,8.179999351501465,19.05,73.05000305175781,48.0,6.0,788.8723754882812,48.0,100.0
2017-09-08,6.149999618530273,19.05,73.05000305175781,48.0,12.0,538.7310791015625,48.0,100.0
2017-09-09,9.329998970031738,19.05,73.05000305175781,48.0,18.0,749.4212646484375,48.0,100.0
2017-09-10,2.9600000381469727,19.05,73.05000305175781,48.0,20.0,151.12161254882812,48.0,100.0
2017-09-11,5.590000152587891,19.05,73.05000305175781,48.0,24.0,352.2473449707031,48.0,100.0
2017-09-12,53.469993591308594,19.05,73.05000305175781,48.0,25.0,9807.1826171875,48.0,100.0
2017-09-13,24.90499496459961,19.05,73.05000305175781,48.0,20.0,4103.1982421875,48.0,100.0
2017-09-14,10.985000610351562,19.05,73.05000305175781,48.0,30.0,814.2874755859375,48.0,99.0
2017-09-15,38.04999923706055,19.05,73.05000305175781,48.0,28.0,6120.2861328125,48.0,100.0
2017-09-16,3.489999771118164,19.05,73.05000305175781,48.0,14.0,233.1522674560547,48.0,100.0
2017-09-17,0.4950000047683716,19.05,73.05000305175781,48.0,9.0,16.96139907836914,48.0,100.0
2017-09-18,3.385000228881836,19.05,73.05000305175781,48.0,18.0,169.36032104492188,48.0,99.0
2017-09-19,120.36500549316406,19.05,73.05000305175781,48.0,41.0,19112.240234375,48.0,99.0
2017-09-20,40.825008392333984,19.05,73.05000305175781,48.0,45.0,4041.70458984375,48.0,99.0
2017-09-21,34.04499435424805,19.05,73.05000305175781,48.0,27.0,4885.88525390625,48.0,100.0
2017-09-22,0.6199999451637268,19.05,73.05000305175781,48.0,11.0,21.052398681640625,48.0,100.0
2017-09-23,0.0,19.05,73.05000305175781,48.0,0.0,2.764800786972046,48.0,100.0
2017-09-24,0.0,19.05,73.05000305175781,48.0,0.0,2.764800786972046,48.0,100.0
2017-09-25,0.0,19.05,73.05000305175781,48.0,0.0,2.764800786972046,48.0,100.0
2017-09-26,0.0,19.05,73.05000305175781,48.0,0.0,2.764800786972046,48.0,100.0
2017-09-27,0.0,19.05,73.05000305175781,48.0,0.0,2.764800786972046,48.0,100.0
2017-09-28,3.5999999046325684,19.05,73.05000305175781,48.0,15.0,231.26705932617188,48.0,100.0
2017-09-29,29.654998779296875,19.05,73.05000305175781,48.0,17.0,4263.70703125,48.0,100.0
2017-09-30,11.820000648498535,19.05,73.05000305175781,48.0,9.0,1203.667236328125,48.0,99.0
2017-10-01,0.0,19.05,73.05000305175781,48.0,0.0,2.764800786972046,48.0,100.0
2017-10-02,0.0,19.05,73.05000305175781,48.0,0.0,2.764800786972046,48.0,100.0
2017-10-03,0.0,19.05,73.05000305175781,48.0,0.0,2.764800786972046,48.0,100.0
2017-10-04,0.0,19.05,73.05000305175781,48.0,0.0,2.764800786972046,48.0,100.0
2017-10-05,0.0,19.05,73.05000305175781,48.0,0.0,2.764800786972046,48.0,100.0
2017-10-06,10.460000991821289,19.05,73.05000305175781,48.0,19.0,895.7734375,48.0,99.0
2017-10-07,20.920000076293945,19.05,73.05000305175781,48.0,28.0,2009.260009765625,48.0,100.0
2017-10-08,40.70499038696289,19.05,73.05000305175781,48.0,28.0,6466.70166015625,48.0,100.0
2017-10-09,2.8350000381469727,19.05,73.05000305175781,48.0,27.0,109.91236877441406,48.0,100.0
2017-10-10,33.364994049072266,19.05,73.05000305175781,48.0,34.0,3745.469482421875,48.0,100.0
2017-10-11,1.3549998998641968,19.05,73.05000305175781,48.0,11.0,75.0914306640625,48.0,100.0
2017-10-12,0.1599999964237213,19.05,73.05000305175781,48.0,6.0,6.480700492858887,48.0,100.0
2017-10-13,14.565000534057617,19.05,73.05000305175781,48.0,30.0,1359.8043212890625,48.0,100.0
2017-10-14,6.010000228881836,19.05,73.05000305175781,48.0,42.0,256.650390625,48.0,100.0
2017-10-15,6.825000286102295,19.05,73.05000305175781,48.0,23.0,429.49822998046875,48.0,99.0
2017-10-16,4.205000400543213,19.05,73.05000305175781,48.0,9.0,308.9115905761719,48.0,99.0
2017-10-17,0.0,19.05,73.05000305175781,48.0,0.0,2.764800786972046,48.0,100.0
2017-10-18,0.0,19.05,73.05000305175781,48.0,0.0,2.764800786972046,48.0,100.0
2017-10-19,0.0,19.05,73.05000305175781,48.0,0.0,2.764800786972046,48.0,100.0
2017-10-20,0.0,19.05,73.05000305175781,48.0,0.0,2.764800786972046,48.0,100.0
2017-10-21,0.0,19.05,73.05000305175781,48.0,0.0,2.764800786972046,48.0,100.0
2017-10-22,0.0,19.05,73.05000305175781,48.0,0.0,2.764800786972046,48.0,100.0
2017-10-23,0.0,19.05,73.05000305175781,48.0,0.0,2.764800786972046,48.0,100.0
2017-10-24,0.0,19.05,73.05000305175781,48.0,0.0,2.764800786972046,48.0,100.0
2017-10-25,0.0,19.05,73.05000305175781,48.0,0.0,2.764800786972046,48.0,100.0
2017-10-26,0.0,19.05,73.05000305175781,48.0,0.0,2.764800786972046,48.0,100.0
2017-10-27,0.0,19.05,73.05000305175781,48.0,0.0,2.764800786972046,48.0,100.0
2017-10-28,0.0,19.05,73.05000305175781,48.0,0.0,2.764800786972046,48.0,100.0
2017-10-29,0.0,19.05,73.05000305175781,48.0,0.0,2.764800786972046,48.0,100.0
2017-10-30,0.0,19.05,73.05000305175781,48.0,0.0,2.764800786972046,48.0,100.0
2017-10-31,0.0,19.05,73.05000305175781,48.0,0.0,2.764800786972046,48.0,100.0
2017-11-01,0.0,19.05,73.05000305175781,48.0,0.0,2.764800786972046,48.0,100.0
2017-11-02,0.0,19.05,73.05000305175781,48.0,0.0,2.764800786972046,48.0,100.0
2017-11-03,0.0,19.05,73.05000305175781,48.0,0.0,2.764800786972046,48.0,100.0
2017-11-04,0.0,19.05,73.05000305175781,48.0,0.0,2.764800786972046,48.0,100.0
2017-11-05,0.0,19.05,73.05000305175781,48.0,0.0,2.764800786972046,48.0,100.0
2017-11-06,0.0,19.05,73.05000305175781,48.0,0.0,2.764800786972046,48.0,100.0
2017-11-07,0.0,19.05,73.05000305175781,48.0,0.0,2.764800786972046,48.0,100.0
2017-11-08,0.0,19.05,73.05000305175781,48.0,0.0,2.764800786972046,48.0,100.0
2017-11-09,0.0,19.05,73.05000305175781,48.0,0.0,2.764800786972046,48.0,100.0
2017-11-10,0.0,19.05,73.05000305175781,48.0,0.0,2.764800786972046,48.0,100.0
2017-11-11,0.0,19.05,73.05000305175781,48.0,0.0,2.764800786972046,48.0,100.0
2017-11-12,0.0,19.05,73.05000305175781,48.0,0.0,2.764800786972046,48.0,100.0
2017-11-13,0.0,19.05,73.05000305175781,48.0,0.0,2.764800786972046,48.0,100.0
2017-11-14,0.0,19.05,73.05000305175781,48.0,0.0,2.764800786972046,48.0,100.0
2017-11-15,0.0,19.05,73.05000305175781,48.0,0.0,2.764800786972046,48.0,100.0
2017-11-16,0.0,19.05,73.05000305175781,48.0,0.0,2.764800786972046,48.0,100.0
2017-11-17,0.0,19.05,73.05000305175781,48.0,0.0,2.764800786972046,48.0,100.0
2017-11-18,0.0,19.05,73.05000305175781,48.0,0.0,2.764800786972046,48.0,100.0
2017-11-19,0.0,19.05,73.05000305175781,48.0,0.0,2.764800786972046,48.0,100.0
2017-11-20,0.0,19.05,73.05000305175781,48.0,0.0,2.764800786972046,48.0,100.0
2017-11-21,0.0,19.05,73.05000305175781,48.0,0.0,2.764800786972046,48.0,100.0
2017-11-22,0.0,19.05,73.05000305175781,48.0,0.0,2.764800786972046,48.0,100.0
2017-11-23,0.0,19.05,73.05000305175781,48.0,0.0,2.764800786972046,48.0,100.0
2017-11-24,0.0,19.05,73.05000305175781,48.0,0.0,2.764800786972046,48.0,100.0
2017-11-25,0.0,19.05,73.05000305175781,48.0,0.0,2.764800786972046,48.0,100.0
2017-11-26,0.0,19.05,73.05000305175781,48.0,0.0,2.764800786972046,48.0,100.0
2017-11-27,0.0,19.05,73.05000305175781,48.0,0.0,2.764800786972046,48.0,100.0
2017-11-28,0.0,19.05,73.05000305175781,48.0,0.0,2.764800786972046,48.0,100.0
2017-11-29,0.0,19.05,73.05000305175781,48.0,0.0,2.764800786972046,48.0,100.0
2017-11-30,0.0,19.05,73.05000305175781,48.0,0.0,2.764800786972046,48.0,100.0
2017-12-01,0.0,19.05,73.05000305175781,48.0,0.0,2.764800786972046,48.0,100.0
2017-12-02,0.0,19.05,73.05000305175781,48.0,0.0,2.764800786972046,48.0,100.0
2017-12-03,0.07000000029802322,19.05,73.05000305175781,48.0,2.0,4.570400238037109,48.0,100.0
2017-12-04,16.189998626708984,19.05,73.05000305175781,48.0,27.0,1319.8238525390625,48.0,100.0
2017-12-05,21.19000244140625,19.05,73.05000305175781,48.0,18.0,2166.938720703125,48.0,99.0
2017-12-06,0.0,19.05,73.05000305175781,48.0,0.0,2.764800786972046,48.0,100.0
2017-12-07,0.0,19.05,73.05000305175781,48.0,0.0,2.816100835800171,48.0,100.0
2017-12-08,0.0,19.05,73.05000305175781,48.0,0.0,2.764800786972046,48.0,100.0
2017-12-09,0.0,19.05,73.05000305175781,48.0,0.0,2.764800786972046,48.0,100.0
2017-12-10,0.0,19.05,73.05000305175781,48.0,0.0,2.764800786972046,48.0,100.0
2017-12-11,0.0,19.05,73.05000305175781,48.0,0.0,2.764800786972046,48.0,100.0
2017-12-12,0.0,19.05,73.05000305175781,48.0,0.0,2.764800786972046,48.0,100.0
2017-12-13,0.0,19.05,73.05000305175781,48.0,0.0,2.764800786972046,48.0,100.0
2017-12-14,0.0,19.05,73.05000305175781,48.0,0.0,2.764800786972046,48.0,100.0
2017-12-15,0.044999998062849045,19.05,73.05000305175781,48.0,2.0,3.716200828552246,48.0,100.0
2017-12-16,0.0,19.05,73.05000305175781,48.0,0.0,2.764800786972046,48.0,100.0
2017-12-17,0.7599999904632568,19.05,73.05000305175781,48.0,3.0,48.57054138183594,48.0,100.0
2017-12-18,0.7400000095367432,19.05,73.05000305175781,48.0,5.0,51.396339416503906,48.0,100.0
2017-12-19,0.004999999888241291,19.05,73.05000305175781,48.0,1.0,2.8889007568359375,48.0,100.0
2017-12-20,0.0,19.05,73.05000305175781,48.0,0.0,2.764800786972046,48.0,100.0
2017-12-21,0.0,19.05,73.05000305175781,48.0,0.0,2.764800786972046,48.0,100.0
2017-12-22,0.0,19.05,73.05000305175781,48.0,0.0,2.764800786972046,48.0,100.0
2017-12-23,0.0,19.05,73.05000305175781,48.0,0.0,2.764800786972046,48.0,100.0
2017-12-24,0.0,19.05,73.05000305175781,48.0,0.0,2.764800786972046,48.0,100.0
2017-12-25,0.0,19.05,73.05000305175781,48.0,0.0,2.764800786972046,48.0,100.0
2017-12-26,0.0,19.05,73.05000305175781,48.0,0.0,2.764800786972046,48.0,100.0
2017-12-27,0.0,19.05,73.05000305175781,48.0,0.0,2.764800786972046,48.0,100.0
2017-12-28,0.0,19.05,73.05000305175781,48.0,0.0,2.764800786972046,48.0,100.0
2017-12-29,0.0,19.05,73.05000305175781,48.0,0.0,2.764800786972046,48.0,100.0
2017-12-30,0.0,19.05,73.05000305175781,48.0,0.0,2.764800786972046,48.0,100.0
2017-12-31,0.0,19.05,73.05000305175781,48.0,0.0,2.764800786972046,48.0,100.0
2018-01-01,0.0,19.05,73.05000305175781,48.0,0.0,2.764800786972046,48.0,100.0
2018-01-02,0.0,19.05,73.05000305175781,48.0,0.0,2.764800786972046,48.0,100.0
2018-01-03,0.0,19.05,73.05000305175781,48.0,0.0,2.764800786972046,48.0,100.0
2018-01-04,0.0,19.05,73.05000305175781,48.0,0.0,2.764800786972046,48.0,100.0
2018-01-05,0.0,19.05,73.05000305175781,48.0,0.0,2.764800786972046,48.0,100.0
2018-01-06,0.0,19.05,73.05000305175781,48.0,0.0,2.764800786972046,48.0,100.0
2018-01-07,0.0,19.05,73.05000305175781,48.0,0.0,2.764800786972046,48.0,100.0
2018-01-08,0.0,19.05,73.05000305175781,48.0,0.0,2.764800786972046,48.0,100.0
2018-01-09,0.0,19.05,73.05000305175781,48.0,0.0,2.764800786972046,48.0,100.0
2018-01-10,0.0,19.05,73.05000305175781,48.0,0.0,2.764800786972046,48.0,100.0
2018-01-11,0.0,19.05,73.05000305175781,48.0,0.0,2.764800786972046,48.0,100.0
2018-01-12,0.0,19.05,73.05000305175781,48.0,0.0,2.764800786972046,48.0,100.0
2018-01-13,0.0,19.05,73.05000305175781,48.0,0.0,2.764800786972046,48.0,100.0
2018-01-14,0.0,19.05,73.05000305175781,48.0,0.0,2.764800786972046,48.0,100.0
2018-01-15,0.0,19.05,73.05000305175781,48.0,0.0,2.764800786972046,48.0,100.0
2018-01-16,0.0,19.05,73.05000305175781,48.0,0.0,2.764800786972046,48.0,100.0
2018-01-17,0.0,19.05,73.05000305175781,48.0,0.0,2.764800786972046,48.0,100.0
2018-01-18,0.0,19.05,73.05000305175781,48.0,0.0,2.764800786972046,48.0,100.0
2018-01-19,0.0,19.05,73.05000305175781,48.0,0.0,2.764800786972046,48.0,100.0
2018-01-20,0.0,19.05,73.05000305175781,48.0,0.0,2.764800786972046,48.0,100.0
2018-01-21,0.0,19.05,73.05000305175781,48.0,0.0,2.764800786972046,48.0,100.0
2018-01-22,0.0,19.05,73.05000305175781,48.0,0.0,2.764800786972046,48.0,100.0
2018-01-23,0.0,19.05,73.05000305175781,48.0,0.0,2.764800786972046,48.0,100.0
2018-01-24,0.0,19.05,73.05000305175781,48.0,0.0,2.764800786972046,48.0,100.0
2018-01-25,0.0,19.05,73.05000305175781,48.0,0.0,2.764800786972046,48.0,100.0
2018-01-26,0.0,19.05,73.05000305175781,48.0,0.0,2.764800786972046,48.0,100.0
2018-01-27,0.0,19.05,73.05000305175781,48.0,0.0,2.764800786972046,48.0,100.0
2018-01-28,0.0,19.05,73.05000305175781,48.0,0.0,2.764800786972046,48.0,100.0
2018-01-29,0.0,19.05,73.05000305175781,48.0,0.0,2.764800786972046,48.0,100.0
2018-01-30,0.0,19.05,73.05000305175781,48.0,0.0,2.764800786972046,48.0,100.0
2018-01-31,0.0,19.05,73.05000305175781,48.0,0.0,2.764800786972046,48.0,100.0
2018-02-01,0.0,19.05,73.05000305175781,48.0,0.0,2.764800786972046,48.0,100.0
2018-02-02,0.0,19.05,73.05000305175781,48.0,0.0,2.764800786972046,48.0,100.0
2018-02-03,0.0,19.05,73.05000305175781,48.0,0.0,2.764800786972046,48.0,100.0
2018-02-04,0.0,19.05,73.05000305175781,48.0,0.0,2.764800786972046,48.0,100.0
2018-02-05,0.0,19.05,73.05000305175781,48.0,0.0,2.764800786972046,48.0,100.0
2018-02-06,0.029999999329447746,19.05,73.05000305175781,48.0,1.0,3.4452006816864014,48.0,100.0
2018-02-07,0.0,19.05,73.05000305175781,48.0,0.0,2.7972006797790527,48.0,100.0
2018-02-08,0.0,19.05,73.05000305175781,48.0,0.0,2.764800786972046,48.0,100.0
2018-02-09,0.0,19.05,73.05000305175781,48.0,0.0,2.764800786972046,48.0,100.0
2018-02-10,0.0,19.05,73.05000305175781,48.0,0.0,2.764800786972046,48.0,100.0
2018-02-11,0.0,19.05,73.05000305175781,48.0,0.0,2.764800786972046,48.0,100.0
2018-02-12,0.0,19.05,73.05000305175781,48.0,0.0,2.764800786972046,48.0,100.0
2018-02-13,0.0,19.05,73.05000305175781,48.0,0.0,2.764800786972046,48.0,100.0
2018-02-14,0.0,19.05,73.05000305175781,48.0,0.0,2.764800786972046,48.0,100.0
2018-02-15,0.0,19.05,73.05000305175781,48.0,0.0,2.764800786972046,48.0,100.0
2018-02-16,0.0,19.05,73.05000305175781,48.0,0.0,2.764800786972046,48.0,100.0
2018-02-17,0.0,19.05,73.05000305175781,48.0,0.0,2.764800786972046,48.0,100.0
2018-02-18,0.0,19.05,73.05000305175781,48.0,0.0,2.764800786972046,48.0,100.0
2018-02-19,0.0,19.05,73.05000305175781,48.0,0.0,2.764800786972046,48.0,100.0
2018-02-20,0.0,19.05,73.05000305175781,48.0,0.0,2.764800786972046,48.0,100.0
2018-02-21,0.0,19.05,73.05000305175781,48.0,0.0,2.764800786972046,48.0,100.0
2018-02-22,0.0,19.05,73.05000305175781,48.0,0.0,2.764800786972046,48.0,100.0
2018-02-23,0.0,19.05,73.05000305175781,48.0,0.0,2.764800786972046,48.0,100.0
2018-02-24,0.0,19.05,73.05000305175781,48.0,0.0,2.764800786972046,48.0,100.0
2018-02-25,0.0,19.05,73.05000305175781,48.0,0.0,2.764800786972046,48.0,100.0
2018-02-26,0.0,19.05,73.05000305175781,48.0,0.0,2.764800786972046,48.0,100.0
2018-02-27,0.0,19.05,73.05000305175781,48.0,0.0,2.764800786972046,48.0,100.0
2018-02-28,0.0,19.05,73.05000305175781,48.0,0.0,2.764800786972046,48.0,100.0
2018-03-01,0.0,19.05,73.05000305175781,48.0,0.0,2.764800786972046,48.0,100.0
2018-03-02,0.0,19.05,73.05000305175781,48.0,0.0,2.764800786972046,48.0,100.0
2018-03-03,0.0,19.05,73.05000305175781,48.0,0.0,2.764800786972046,48.0,100.0
2018-03-04,0.0,19.05,73.05000305175781,48.0,0.0,2.764800786972046,48.0,100.0
2018-03-05,0.0,19.05,73.05000305175781,48.0,0.0,2.764800786972046,48.0,100.0
2018-03-06,0.0,19.05,73.05000305175781,48.0,0.0,2.764800786972046,48.0,100.0
2018-03-07,0.0,19.05,73.05000305175781,48.0,0.0,2.764800786972046,48.0,100.0
2018-03-08,0.0,19.05,73.05000305175781,48.0,0.0,2.764800786972046,48.0,100.0
2018-03-09,0.0,19.05,73.05000305175781,48.0,0.0,2.764800786972046,48.0,100.0
2018-03-10,0.0,19.05,73.05000305175781,48.0,0.0,2.764800786972046,48.0,100.0
2018-03-11,0.0,19.05,73.05000305175781,48.0,0.0,2.764800786972046,48.0,100.0
2018-03-12,0.0,19.05,73.05000305175781,48.0,0.0,2.764800786972046,48.0,100.0
2018-03-13,0.0,19.05,73.05000305175781,48.0,0.0,2.764800786972046,48.0,100.0
2018-03-14,0.0,19.05,73.05000305175781,48.0,0.0,2.764800786972046,48.0,100.0
2018-03-15,0.4699999988079071,19.05,73.05000305175781,48.0,12.0,14.334897994995117,48.0,100.0
2018-03-16,0.12999999523162842,19.05,73.05000305175781,48.0,4.0,5.863400459289551,48.0,100.0
2018-03-17,0.0,19.05,73.05000305175781,48.0,0.0,2.764800786972046,48.0,100.0
2018-03-18,0.0,19.05,73.05000305175781,48.0,0.0,2.764800786972046,48.0,100.0
2018-03-19,0.0,19.05,73.05000305175781,48.0,0.0,2.764800786972046,48.0,100.0
2018-03-20,0.0,19.05,73.05000305175781,48.0,0.0,2.764800786972046,48.0,100.0
2018-03-21,0.0,19.05,73.05000305175781,48.0,0.0,2.764800786972046,48.0,100.0
2018-03-22,0.0,19.05,73.05000305175781,48.0,0.0,2.764800786972046,48.0,100.0
2018-03-23,0.0,19.05,73.05000305175781,48.0,0.0,2.764800786972046,48.0,100.0
2018-03-24,0.0,19.05,73.05000305175781,48.0,0.0,2.764800786972046,48.0,100.0
2018-03-25,0.0,19.05,73.05000305175781,48.0,0.0,2.764800786972046,48.0,100.0
2018-03-26,0.0,19.05,73.05000305175781,48.0,0.0,2.764800786972046,48.0,100.0
2018-03-27,0.0,19.05,73.05000305175781,48.0,0.0,2.764800786972046,48.0,100.0
2018-03-28,0.0,19.05,73.05000305175781,48.0,0.0,2.764800786972046,48.0,100.0
2018-03-29,0.0,19.05,73.05000305175781,48.0,0.0,2.764800786972046,48.0,100.0
2018-03-30,0.10500000417232513,19.05,73.05000305175781,48.0,1.0,6.129700660705566,48.0,100.0
2018-03-31,0.0,19.05,73.05000305175781,48.0,0.0,2.764800786972046,48.0,100.0
2018-04-01,0.0,19.05,73.05000305175781,48.0,0.0,2.764800786972046,48.0,100.0
2018-04-02,0.0,19.05,73.05000305175781,48.0,0.0,2.764800786972046,48.0,100.0
2018-04-03,0.0,19.05,73.05000305175781,48.0,0.0,2.764800786972046,48.0,100.0
2018-04-04,0.0,19.05,73.05000305175781,48.0,0.0,2.764800786972046,48.0,100.0
2018-04-05,0.0,19.05,73.05000305175781,48.0,0.0,2.764800786972046,48.0,100.0
2018-04-06,0.0,19.05,73.05000305175781,48.0,0.0,2.764800786972046,48.0,100.0
2018-04-07,0.0,19.05,73.05000305175781,48.0,0.0,2.764800786972046,48.0,100.0
2018-04-08,0.0,19.05,73.05000305175781,48.0,0.0,2.764800786972046,48.0,100.0
2018-04-09,0.0,19.05,73.05000305175781,48.0,0.0,2.764800786972046,48.0,100.0
2018-04-10,0.0,19.05,73.05000305175781,48.0,0.0,2.764800786972046,48.0,100.0
2018-04-11,0.0,19.05,73.05000305175781,48.0,0.0,2.764800786972046,48.0,100.0
2018-04-12,0.0,19.05,73.05000305175781,48.0,0.0,2.764800786972046,48.0,100.0
2018-04-13,0.0,19.05,73.05000305175781,48.0,0.0,2.764800786972046,48.0,100.0
2018-04-14,0.0,19.05,73.05000305175781,48.0,0.0,2.764800786972046,48.0,100.0
2018-04-15,0.0,19.05,73.05000305175781,48.0,0.0,2.764800786972046,48.0,100.0
2018-04-16,0.0,19.05,73.05000305175781,48.0,0.0,2.764800786972046,48.0,100.0
2018-04-17,0.0,19.05,73.05000305175781,48.0,0.0,2.764800786972046,48.0,100.0
2018-04-18,0.0,19.05,73.05000305175781,48.0,0.0,2.764800786972046,48.0,100.0
2018-04-19,0.0,19.05,73.05000305175781,48.0,0.0,2.764800786972046,48.0,100.0
2018-04-20,0.0,19.05,73.05000305175781,48.0,0.0,2.764800786972046,48.0,100.0
2018-04-21,0.0,19.05,73.05000305175781,48.0,0.0,2.764800786972046,48.0,100.0
2018-04-22,0.0,19.05,73.05000305175781,48.0,0.0,2.764800786972046,48.0,100.0
2018-04-23,0.0,19.05,73.05000305175781,48.0,0.0,2.764800786972046,48.0,100.0
2018-04-24,0.0,19.05,73.05000305175781,48.0,0.0,2.764800786972046,48.0,100.0
2018-04-25,0.0,19.05,73.05000305175781,48.0,0.0,2.764800786972046,48.0,100.0
2018-04-26,0.0,19.05,73.05000305175781,48.0,0.0,2.764800786972046,48.0,100.0
2018-04-27,0.0,19.05,73.05000305175781,48.0,0.0,2.764800786972046,48.0,100.0
2018-04-28,0.0,19.05,73.05000305175781,48.0,0.0,2.764800786972046,48.0,100.0
2018-04-29,0.0,19.05,73.05000305175781,48.0,0.0,2.764800786972046,48.0,100.0
2018-04-30,0.0,19.05,73.05000305175781,48.0,0.0,2.764800786972046,48.0,100.0
2018-05-01,0.0,19.05,73.05000305175781,48.0,0.0,2.764800786972046,48.0,100.0
2018-05-02,0.0,19.05,73.05000305175781,48.0,0.0,2.764800786972046,48.0,100.0
2018-05-03,0.0,19.05,73.05000305175781,48.0,0.0,2.764800786972046,48.0,100.0
2018-05-04,0.0,19.05,73.05000305175781,48.0,0.0,2.764800786972046,48.0,100.0
2018-05-05,0.0,19.05,73.05000305175781,48.0,0.0,2.764800786972046,48.0,100.0
2018-05-06,0.0,19.05,73.05000305175781,48.0,0.0,2.764800786972046,48.0,100.0
2018-05-07,0.0,19.05,73.05000305175781,48.0,0.0,2.764800786972046,48.0,100.0
2018-05-08,0.0,19.05,73.05000305175781,48.0,0.0,2.764800786972046,48.0,100.0
2018-05-09,0.0,19.05,73.05000305175781,48.0,0.0,2.764800786972046,48.0,100.0
2018-05-10,0.0,19.05,73.05000305175781,48.0,0.0,2.764800786972046,48.0,100.0
2018-05-11,0.0,19.05,73.05000305175781,48.0,0.0,2.764800786972046,48.0,100.0
2018-05-12,0.0,19.05,73.05000305175781,48.0,0.0,2.764800786972046,48.0,100.0
2018-05-13,0.0,19.05,73.05000305175781,48.0,0.0,2.764800786972046,48.0,100.0
2018-05-14,0.0,19.05,73.05000305175781,48.0,0.0,2.764800786972046,48.0,100.0
2018-05-15,0.0,19.05,73.05000305175781,48.0,0.0,2.764800786972046,48.0,100.0
2018-05-16,0.0,19.05,73.05000305175781,48.0,0.0,2.764800786972046,48.0,100.0
2018-05-17,0.0,19.05,73.05000305175781,48.0,0.0,2.764800786972046,48.0,100.0
2018-05-18,0.0,19.05,73.05000305175781,48.0,0.0,2.764800786972046,48.0,100.0
2018-05-19,0.0,19.05,73.05000305175781,48.0,0.0,2.764800786972046,48.0,100.0
2018-05-20,0.0,19.05,73.05000305175781,48.0,0.0,2.764800786972046,48.0,100.0
2018-05-21,0.0,19.05,73.05000305175781,48.0,0.0,2.764800786972046,48.0,100.0
2018-05-22,0.0,19.05,73.05000305175781,48.0,0.0,2.809600830078125,48.0,100.0
2018-05-23,0.5349999666213989,19.05,73.05000305175781,48.0,6.0,21.28219985961914,48.0,100.0
2018-05-24,0.7199999094009399,19.05,73.05000305175781,48.0,4.0,40.03829574584961,48.0,100.0
2018-05-25,1.0549999475479126,19.05,73.05000305175781,48.0,6.0,49.746421813964844,48.0,100.0
2018-05-26,0.0,19.05,73.05000305175781,48.0,0.0,2.764800786972046,48.0,100.0
2018-05-27,0.0,19.05,73.05000305175781,48.0,0.0,2.764800786972046,48.0,100.0
2018-05-28,0.0,19.05,73.05000305175781,48.0,0.0,2.764800786972046,48.0,100.0
2018-05-29,0.0,19.05,73.05000305175781,48.0,0.0,2.764800786972046,48.0,100.0
2018-05-30,0.0,19.05,73.05000305175781,48.0,0.0,2.764800786972046,48.0,100.0
2018-05-31,0.0,19.05,73.05000305175781,48.0,0.0,2.764800786972046,48.0,100.0
2018-06-01,3.679999828338623,19.05,73.05000305175781,48.0,3.0,416.8290710449219,48.0,100.0
2018-06-02,54.53499984741211,19.05,73.05000305175781,48.0,16.0,10669.4765625,48.0,100.0
2018-06-03,0.0,19.05,73.05000305175781,48.0,0.0,2.764800786972046,48.0,100.0
2018-06-04,25.069995880126953,19.05,73.05000305175781,48.0,16.0,3424.365234375,48.0,100.0
2018-06-05,0.4950000047683716,19.05,73.05000305175781,48.0,4.0,21.692699432373047,48.0,100.0
2018-06-06,16.149999618530273,19.05,73.05000305175781,48.0,10.0,2244.445556640625,48.0,100.0
2018-06-07,37.31999588012695,19.05,73.05000305175781,48.0,24.0,4739.55517578125,48.0,100.0
2018-06-08,49.63500213623047,19.05,73.05000305175781,48.0,21.0,7590.1865234375,48.0,99.0
2018-06-09,36.65499496459961,19.05,73.05000305175781,48.0,47.0,3681.139892578125,48.0,100.0
2018-06-10,0.06499999761581421,19.05,73.05000305175781,48.0,2.0,4.291600704193115,48.0,100.0
2018-06-11,1.2599999904632568,19.05,73.05000305175781,48.0,2.0,118.14167785644531,48.0,100.0
2018-06-12,0.0,19.05,73.05000305175781,48.0,0.0,2.764800786972046,48.0,100.0
2018-06-13,0.0,19.05,73.05000305175781,48.0,0.0,2.764800786972046,48.0,100.0
2018-06-14,0.0,19.05,73.05000305175781,48.0,0.0,2.764800786972046,48.0,100.0
2018-06-15,0.9899999499320984,19.05,73.05000305175781,48.0,2.0,82.6129379272461,48.0,100.0
2018-06-16,1.1099998950958252,19.05,73.05000305175781,48.0,8.0,66.04010772705078,48.0,100.0
2018-06-17,46.19499206542969,19.05,73.05000305175781,48.0,33.0,5366.869140625,48.0,100.0
2018-06-18,0.0,19.05,73.05000305175781,48.0,0.0,2.764800786972046,48.0,100.0
2018-06-19,1.5999999046325684,19.05,73.05000305175781,48.0,4.0,126.30592346191406,48.0,100.0
2018-06-20,2.320000171661377,19.05,73.05000305175781,48.0,10.0,140.67803955078125,48.0,99.0
2018-06-21,26.3649959564209,19.05,73.05000305175781,48.0,27.0,2846.546142578125,48.0,100.0
2018-06-22,29.205001831054688,19.05,73.05000305175781,48.0,33.0,2978.25341796875,48.0,99.0
2018-06-23,35.72500228881836,19.05,73.05000305175781,48.0,47.0,2919.2939453125,48.0,99.0
2018-06-24,78.0149917602539,19.05,73.05000305175781,48.0,42.0,10776.5537109375,48.0,100.0
2018-06-25,87.28500366210938,19.05,73.05000305175781,48.0,45.0,14615.3857421875,48.0,99.0
2018-06-26,2.5799999237060547,19.05,73.05000305175781,48.0,14.0,144.15135192871094,48.0,100.0
2018-06-27,2.819999933242798,19.05,73.05000305175781,48.0,9.0,181.77427673339844,48.0,100.0
2018-06-28,28.915000915527344,19.05,73.05000305175781,48.0,26.0,3103.367431640625,48.0,100.0
2018-06-29,14.114999771118164,19.05,73.05000305175781,48.0,32.0,1134.1614990234375,48.0,100.0
2018-06-30,7.87000036239624,19.05,73.05000305175781,48.0,24.0,649.33740234375,48.0,99.0
2018-07-01,0.22499999403953552,19.05,73.05000305175781,48.0,8.0,8.392699241638184,48.0,100.0
2018-07-02,49.779998779296875,19.05,73.05000305175781,48.0,45.0,5123.162109375,48.0,100.0
2018-07-03,111.20500183105469,19.05,73.05000305175781,48.0,48.0,15100.1982421875,48.0,100.0
2018-07-04,62.82499694824219,19.05,73.05000305175781,48.0,45.0,9537.7294921875,48.0,100.0
2018-07-05,18.04499626159668,19.05,73.05000305175781,48.0,31.0,2045.0650634765625,48.0,100.0
2018-07-06,45.125,19.05,73.05000305175781,48.0,36.0,5535.95947265625,48.0,100.0
2018-07-07,93.16999816894531,19.05,73.05000305175781,48.0,47.0,13793.5703125,48.0,100.0
2018-07-08,52.59000778198242,19.05,73.05000305175781,48.0,48.0,5274.06298828125,48.0,99.0
2018-07-09,120.00497436523438,19.05,73.05000305175781,48.0,48.0,16614.576171875,48.0,100.0
2018-07-10,80.40999603271484,19.05,73.05000305175781,48.0,48.0,9524.8642578125,48.0,100.0
2018-07-11,20.825002670288086,19.05,73.05000305175781,48.0,48.0,1467.4169921875,48.0,99.0
2018-07-12,50.94000244140625,19.05,73.05000305175781,48.0,48.0,4925.53369140625,48.0,99.0
2018-07-13,45.33499526977539,19.05,73.05000305175781,48.0,48.0,4389.10791015625,48.0,100.0
2018-07-14,37.75,19.05,73.05000305175781,48.0,45.0,4090.351318359375,48.0,100.0
2018-07-15,124.99000549316406,19.05,73.05000305175781,48.0,48.0,18048.16015625,48.0,99.0
2018-07-16,34.22499465942383,19.05,73.05000305175781,48.0,47.0,3267.964599609375,48.0,100.0
2018-07-17,27.824989318847656,19.05,73.05000305175781,48.0,42.0,2348.803466796875,48.0,100.0
2018-07-18,5.494999885559082,19.05,73.05000305175781,48.0,26.0,294.19256591796875,48.0,100.0
2018-07-19,11.979999542236328,19.05,73.05000305175781,48.0,34.0,876.82861328125,48.0,100.0
2018-07-20,15.09000015258789,19.05,73.05000305175781,48.0,35.0,1021.4560546875,48.0,100.0
2018-07-21,10.65000057220459,19.05,73.05000305175781,48.0,45.0,577.65283203125,48.0,99.0
2018-07-22,13.0600004196167,19.05,73.05000305175781,48.0,33.0,954.8397827148438,48.0,100.0
2018-07-23,8.815000534057617,19.05,73.05000305175781,48.0,34.0,540.20556640625,48.0,99.0
2018-07-24,0.5099999904632568,19.05,73.05000305175781,48.0,12.0,16.420101165771484,48.0,100.0
2018-07-25,12.829999923706055,19.05,73.05000305175781,48.0,21.0,1457.6329345703125,48.0,100.0
2018-07-26,4.855000019073486,19.05,73.05000305175781,48.0,26.0,290.5233459472656,48.0,100.0
2018-07-27,2.3549997806549072,19.05,73.05000305175781,48.0,20.0,133.7476043701172,48.0,100.0
2018-07-28,0.6699999570846558,19.05,73.05000305175781,48.0,2.0,40.269718170166016,48.0,100.0
2018-07-29,0.0,19.05,73.05000305175781,48.0,0.0,2.764800786972046,48.0,100.0
2018-07-30,0.0,19.05,73.05000305175781,48.0,0.0,2.764800786972046,48.0,100.0
2018-07-31,0.0,19.05,73.05000305175781,48.0,0.0,2.764800786972046,48.0,100.0
2018-08-01,0.0,19.05,73.05000305175781,48.0,0.0,2.764800786972046,48.0,100.0
2018-08-02,0.0,19.05,73.05000305175781,48.0,0.0,2.764800786972046,48.0,100.0
2018-08-03,4.410000324249268,19.05,73.05000305175781,48.0,10.0,425.0909118652344,48.0,99.0
2018-08-04,9.905000686645508,19.05,73.05000305175781,48.0,11.0,1025.6766357421875,48.0,99.0
2018-08-05,0.0,19.05,73.05000305175781,48.0,0.0,2.764800786972046,48.0,100.0
2018-08-06,0.0,19.05,73.05000305175781,48.0,0.0,2.764800786972046,48.0,100.0
2018-08-07,1.6749998331069946,19.05,73.05000305175781,48.0,7.0,102.97993469238281,48.0,100.0
2018-08-08,6.994999885559082,19.05,73.05000305175781,48.0,16.0,545.3033447265625,48.0,100.0
2018-08-09,2.369999885559082,19.05,73.05000305175781,48.0,16.0,102.47734832763672,48.0,100.0
2018-08-10,0.0,19.05,73.05000305175781,48.0,0.0,2.764800786972046,48.0,100.0
2018-08-11,2.1999998092651367,19.05,73.05000305175781,48.0,12.0,103.53672790527344,48.0,100.0
2018-08-12,5.684999942779541,19.05,73.05000305175781,48.0,20.0,298.49676513671875,48.0,100.0
2018-08-13,4.504999160766602,19.05,73.05000305175781,48.0,20.0,335.8396301269531,48.0,100.0
2018-08-14,0.0,19.05,73.05000305175781,48.0,0.0,2.764800786972046,48.0,100.0
2018-08-15,4.440000057220459,19.05,73.05000305175781,48.0,17.0,232.784423828125,48.0,100.0
2018-08-16,71.49000549316406,19.05,73.05000305175781,48.0,38.0,9091.3857421875,48.0,99.0
2018-08-17,13.219999313354492,19.05,73.05000305175781,48.0,24.0,981.1486206054688,48.0,100.0
2018-08-18,0.6349999308586121,19.05,73.05000305175781,48.0,4.0,27.433500289916992,48.0,100.0
2018-08-19,3.2800002098083496,19.05,73.05000305175781,48.0,10.0,187.11558532714844,48.0,100.0
2018-08-20,47.269996643066406,19.05,73.05000305175781,48.0,43.0,4706.333984375,48.0,100.0
2018-08-21,104.44999694824219,19.05,73.05000305175781,48.0,44.0,15395.4423828125,48.0,100.0
2018-08-22,17.305002212524414,19.05,73.05000305175781,48.0,28.0,1510.7259521484375,48.0,99.0
2018-08-23,1.1349998712539673,19.05,73.05000305175781,48.0,4.0,58.281131744384766,48.0,100.0
2018-08-24,0.08999999612569809,19.05,73.05000305175781,48.0,1.0,5.529600620269775,48.0,100.0
2018-08-25,17.13500213623047,19.05,73.05000305175781,48.0,22.0,1778.9346923828125,48.0,99.0
2018-08-26,1.8949999809265137,19.05,73.05000305175781,48.0,9.0,89.50902557373047,48.0,100.0
2018-08-27,26.09000015258789,19.05,73.05000305175781,48.0,23.0,3318.94970703125,48.0,100.0
2018-08-28,4.130000114440918,19.05,73.05000305175781,48.0,14.0,222.60523986816406,48.0,100.0
2018-08-29,0.0,19.05,73.05000305175781,48.0,0.0,2.764800786972046,48.0,100.0
2018-08-30,0.23499999940395355,19.05,73.05000305175781,48.0,1.0,13.011301040649414,48.0,100.0
2018-08-31,0.0,19.05,73.05000305175781,48.0,0.0,2.764800786972046,48.0,100.0
2018-09-01,1.2699999809265137,19.05,73.05000305175781,48.0,13.0,46.921295166015625,48.0,100.0
2018-09-02,2.4649999141693115,19.05,73.05000305175781,48.0,12.0,141.3450927734375,48.0,100.0
2018-09-03,0.0,19.05,73.05000305175781,48.0,0.0,2.764800786972046,48.0,100.0
2018-09-04,0.0949999988079071,19.05,73.05000305175781,48.0,1.0,5.734800815582275,48.0,100.0
2018-09-05,0.0,19.05,73.05000305175781,48.0,0.0,2.764800786972046,48.0,100.0
2018-09-06,0.0,19.05,73.05000305175781,48.0,0.0,2.764800786972046,48.0,100.0
2018-09-07,0.32999998331069946,19.05,73.05000305175781,48.0,5.0,12.796499252319336,48.0,100.0
2018-09-08,0.0,19.05,73.05000305175781,48.0,0.0,2.764800786972046,48.0,100.0
2018-09-09,0.0,19.05,73.05000305175781,48.0,0.0,2.764800786972046,48.0,100.0
2018-09-10,0.0,19.05,73.05000305175781,48.0,0.0,2.764800786972046,48.0,100.0
2018-09-11,0.0,19.05,73.05000305175781,48.0,0.0,2.764800786972046,48.0,100.0
2018-09-12,0.0,19.05,73.05000305175781,48.0,0.0,2.764800786972046,48.0,100.0
2018-09-13,0.0,19.05,73.05000305175781,48.0,0.0,2.764800786972046,48.0,100.0
2018-09-14,0.5450000166893005,19.05,73.05000305175781,48.0,2.0,28.409299850463867,48.0,100.0
2018-09-15,0.0,19.05,73.05000305175781,48.0,0.0,2.764800786972046,48.0,100.0
2018-09-16,0.0,19.05,73.05000305175781,48.0,0.0,2.764800786972046,48.0,100.0
2018-09-17,0.0,19.05,73.05000305175781,48.0,0.0,2.764800786972046,48.0,100.0
2018-09-18,0.17000000178813934,19.05,73.05000305175781,48.0,1.0,9.312100410461426,48.0,100.0
2018-09-19,0.3099999725818634,19.05,73.05000305175781,48.0,2.0,16.01780128479004,48.0,100.0
2018-09-20,14.960000038146973,19.05,73.05000305175781,48.0,20.0,1611.5498046875,48.0,100.0
2018-09-21,0.5600000023841858,19.05,73.05000305175781,48.0,4.0,25.906200408935547,48.0,100.0
2018-09-22,17.244998931884766,19.05,73.05000305175781,48.0,16.0,2097.823486328125,48.0,100.0
2018-09-23,0.0,19.05,73.05000305175781,48.0,0.0,2.764800786972046,48.0,100.0
2018-09-24,0.0,19.05,73.05000305175781,48.0,0.0,2.764800786972046,48.0,100.0
2018-09-25,0.0,19.05,73.05000305175781,48.0,0.0,2.764800786972046,48.0,100.0
2018-09-26,0.4399999976158142,19.05,73.05000305175781,48.0,1.0,28.108800888061523,48.0,100.0
2018-09-27,30.790000915527344,19.05,73.05000305175781,48.0,18.0,4285.3046875,48.0,100.0
2018-09-28,44.08499526977539,19.05,73.05000305175781,48.0,27.0,6000.52001953125,48.0,100.0
2018-09-29,3.8500003814697266,19.05,73.05000305175781,48.0,11.0,249.1173553466797,48.0,100.0
2018-09-30,3.3600001335144043,19.05,73.05000305175781,48.0,8.0,249.31651306152344,48.0,100.0
2018-10-01,4.994999885559082,19.05,73.05000305175781,48.0,6.0,426.4751281738281,48.0,100.0
2018-10-02,0.39000004529953003,19.05,73.05000305175781,48.0,4.0,16.47319984436035,48.0,99.0
2018-10-03,0.0,19.05,73.05000305175781,48.0,0.0,2.764800786972046,48.0,100.0
2018-10-04,0.35999998450279236,19.05,73.05000305175781,48.0,4.0,13.800500869750977,48.0,100.0
2018-10-05,0.0,19.05,73.05000305175781,48.0,0.0,2.764800786972046,48.0,100.0
2018-10-06,0.0,19.05,73.05000305175781,48.0,0.0,2.764800786972046,48.0,100.0
2018-10-07,0.0,19.05,73.05000305175781,48.0,0.0,2.764800786972046,48.0,100.0
2018-10-08,0.0,19.05,73.05000305175781,48.0,0.0,2.764800786972046,48.0,100.0
2018-10-09,0.0,19.05,73.05000305175781,48.0,0.0,2.764800786972046,48.0,100.0
2018-10-10,0.0,19.05,73.05000305175781,48.0,0.0,2.764800786972046,48.0,100.0
2018-10-11,0.0,19.05,73.05000305175781,48.0,0.0,2.764800786972046,48.0,100.0
2018-10-12,0.0,19.05,73.05000305175781,48.0,0.0,2.764800786972046,48.0,100.0
2018-10-13,0.0,19.05,73.05000305175781,48.0,0.0,2.764800786972046,48.0,100.0
2018-10-14,0.0,19.05,73.05000305175781,48.0,0.0,2.764800786972046,48.0,100.0
2018-10-15,0.0,19.05,73.05000305175781,48.0,0.0,2.764800786972046,48.0,100.0
2018-10-16,0.21000000834465027,19.05,73.05000305175781,48.0,3.0,10.481399536132812,48.0,100.0
2018-10-17,5.75,19.05,73.05000305175781,48.0,17.0,443.1689147949219,48.0,100.0
2018-10-18,11.070000648498535,19.05,73.05000305175781,48.0,13.0,1113.2279052734375,48.0,99.0
2018-10-19,0.044999998062849045,19.05,73.05000305175781,48.0,2.0,3.749800682067871,48.0,100.0
2018-10-20,0.0,19.05,73.05000305175781,48.0,0.0,2.764800786972046,48.0,100.0
2018-10-21,0.0,19.05,73.05000305175781,48.0,0.0,2.764800786972046,48.0,100.0
2018-10-22,0.0,19.05,73.05000305175781,48.0,0.0,2.764800786972046,48.0,100.0
2018-10-23,0.0,19.05,73.05000305175781,48.0,0.0,2.764800786972046,48.0,100.0
2018-10-24,0.0,19.05,73.05000305175781,48.0,0.0,2.764800786972046,48.0,100.0
2018-10-25,0.28999999165534973,19.05,73.05000305175781,48.0,7.0,9.82289981842041,48.0,100.0
2018-10-26,0.0,19.05,73.05000305175781,48.0,0.0,2.764800786972046,48.0,100.0
2018-10-27,0.0,19.05,73.05000305175781,48.0,0.0,2.764800786972046,48.0,100.0
2018-10-28,0.0,19.05,73.05000305175781,48.0,0.0,2.764800786972046,48.0,100.0
2018-10-29,0.0,19.05,73.05000305175781,48.0,0.0,2.764800786972046,48.0,100.0
2018-10-30,0.0,19.05,73.05000305175781,48.0,0.0,2.764800786972046,48.0,100.0
2018-10-31,0.0,19.05,73.05000305175781,48.0,0.0,2.764800786972046,48.0,100.0
2018-11-01,0.0,19.05,73.05000305175781,48.0,0.0,2.764800786972046,48.0,100.0
2018-11-02,0.0,19.05,73.05000305175781,48.0,0.0,2.764800786972046,48.0,100.0
2018-11-03,0.0,19.05,73.05000305175781,48.0,0.0,2.764800786972046,48.0,100.0
2018-11-04,3.6299996376037598,19.05,73.05000305175781,48.0,10.0,265.6971740722656,48.0,100.0
2018-11-05,4.6349992752075195,19.05,73.05000305175781,48.0,5.0,482.65240478515625,48.0,100.0
2018-11-06,0.019999999552965164,19.05,73.05000305175781,48.0,1.0,3.240100622177124,48.0,100.0
2018-11-07,0.0,19.05,73.05000305175781,48.0,0.0,2.764800786972046,48.0,100.0
2018-11-08,0.0,19.05,73.05000305175781,48.0,0.0,2.764800786972046,48.0,100.0
2018-11-09,0.0,19.05,73.05000305175781,48.0,0.0,2.764800786972046,48.0,100.0
2018-11-10,0.0,19.05,73.05000305175781,48.0,0.0,2.764800786972046,48.0,100.0
2018-11-11,0.0,19.05,73.05000305175781,48.0,0.0,2.764800786972046,48.0,100.0
2018-11-12,0.0,19.05,73.05000305175781,48.0,0.0,2.764800786972046,48.0,100.0
2018-11-13,0.0,19.05,73.05000305175781,48.0,0.0,2.764800786972046,48.0,100.0
2018-11-14,0.0,19.05,73.05000305175781,48.0,0.0,2.764800786972046,48.0,100.0
2018-11-15,0.0,19.05,73.05000305175781,48.0,0.0,2.764800786972046,48.0,100.0
2018-11-16,0.0,19.05,73.05000305175781,48.0,0.0,2.764800786972046,48.0,100.0
2018-11-17,0.0,19.05,73.05000305175781,48.0,0.0,2.764800786972046,48.0,100.0
2018-11-18,0.0,19.05,73.05000305175781,48.0,0.0,2.7856006622314453,48.0,100.0
2018-11-19,0.0,19.05,73.05000305175781,48.0,0.0,2.764800786972046,48.0,100.0
2018-11-20,0.0,19.05,73.05000305175781,48.0,0.0,2.764800786972046,48.0,100.0
2018-11-21,0.0,19.05,73.05000305175781,48.0,0.0,2.764800786972046,48.0,100.0
2018-11-22,0.0,19.05,73.05000305175781,48.0,0.0,2.764800786972046,48.0,100.0
2018-11-23,0.0,19.05,73.05000305175781,48.0,0.0,2.764800786972046,48.0,100.0
2018-11-24,0.03500000014901161,19.05,73.05000305175781,48.0,1.0,3.5721006393432617,48.0,100.0
2018-11-25,0.0,19.05,73.05000305175781,48.0,0.0,2.764800786972046,48.0,100.0
2018-11-26,0.0,19.05,73.05000305175781,48.0,0.0,2.764800786972046,48.0,100.0
2018-11-27,0.0,19.05,73.05000305175781,48.0,0.0,2.764800786972046,48.0,100.0
2018-11-28,0.0,19.05,73.05000305175781,48.0,0.0,2.764800786972046,48.0,100.0
2018-11-29,0.0,19.05,73.05000305175781,48.0,0.0,2.764800786972046,48.0,100.0
2018-11-30,0.0,19.05,73.05000305175781,48.0,0.0,2.764800786972046,48.0,100.0
2018-12-01,0.0,19.05,73.05000305175781,48.0,0.0,2.764800786972046,48.0,100.0
2018-12-02,0.0,19.05,73.05000305175781,48.0,0.0,2.764800786972046,48.0,100.0
2018-12-03,0.05999999865889549,19.05,73.05000305175781,48.0,1.0,4.449600696563721,48.0,100.0
2018-12-04,0.0,19.05,73.05000305175781,48.0,0.0,2.764800786972046,48.0,100.0
2018-12-05,0.0,19.05,73.05000305175781,48.0,0.0,2.764800786972046,48.0,100.0
2018-12-06,0.0,19.05,73.05000305175781,48.0,0.0,2.764800786972046,48.0,100.0
2018-12-07,0.0,19.05,73.05000305175781,48.0,0.0,2.764800786972046,48.0,100.0
2018-12-08,0.0,19.05,73.05000305175781,48.0,0.0,2.764800786972046,48.0,100.0
2018-12-09,0.0,19.05,73.05000305175781,48.0,0.0,2.764800786972046,48.0,100.0
2018-12-10,0.0,19.05,73.05000305175781,48.0,0.0,2.764800786972046,48.0,100.0
2018-12-11,0.0,19.05,73.05000305175781,48.0,0.0,2.764800786972046,48.0,100.0
2018-12-12,0.0,19.05,73.05000305175781,48.0,0.0,2.764800786972046,48.0,100.0
2018-12-13,0.0,19.05,73.05000305175781,48.0,0.0,2.764800786972046,48.0,100.0
2018-12-14,0.0,19.05,73.05000305175781,48.0,0.0,2.764800786972046,48.0,100.0
2018-12-15,0.0,19.05,73.05000305175781,48.0,0.0,2.764800786972046,48.0,100.0
2018-12-16,0.0,19.05,73.05000305175781,48.0,0.0,2.764800786972046,48.0,100.0
2018-12-17,0.0,19.05,73.05000305175781,48.0,0.0,2.764800786972046,48.0,100.0
2018-12-18,0.0,19.05,73.05000305175781,48.0,0.0,2.764800786972046,48.0,100.0
2018-12-19,0.0,19.05,73.05000305175781,48.0,0.0,2.764800786972046,48.0,100.0
2018-12-20,0.0,19.05,73.05000305175781,48.0,0.0,2.764800786972046,48.0,100.0
2018-12-21,0.0,19.05,73.05000305175781,48.0,0.0,2.764800786972046,48.0,100.0
2018-12-22,0.0,19.05,73.05000305175781,48.0,0.0,2.764800786972046,48.0,100.0
2018-12-23,0.0,19.05,73.05000305175781,48.0,0.0,2.764800786972046,48.0,100.0
2018-12-24,0.0,19.05,73.05000305175781,48.0,0.0,2.764800786972046,48.0,100.0
2018-12-25,0.0,19.05,73.05000305175781,48.0,0.0,2.764800786972046,48.0,100.0
2018-12-26,0.0,19.05,73.05000305175781,48.0,0.0,2.764800786972046,48.0,100.0
2018-12-27,0.0,19.05,73.05000305175781,48.0,0.0,2.764800786972046,48.0,100.0
2018-12-28,0.0,19.05,73.05000305175781,48.0,0.0,2.764800786972046,48.0,100.0
2018-12-29,0.0,19.05,73.05000305175781,48.0,0.0,2.764800786972046,48.0,100.0
2018-12-30,0.0,19.05,73.05000305175781,48.0,0.0,2.764800786972046,48.0,100.0
2018-12-31,0.0,19.05,73.05000305175781,48.0,0.0,2.764800786972046,48.0,100.0
2019-01-01,0.0,19.05,73.05000305175781,48.0,0.0,2.764800786972046,48.0,100.0
2019-01-02,0.0,19.05,73.05000305175781,48.0,0.0,2.764800786972046,48.0,100.0
2019-01-03,0.0,19.05,73.05000305175781,48.0,0.0,2.764800786972046,48.0,100.0
2019-01-04,0.0,19.05,73.05000305175781,48.0,0.0,2.764800786972046,48.0,100.0
2019-01-05,0.0,19.05,73.05000305175781,48.0,0.0,2.764800786972046,48.0,100.0
2019-01-06,0.0,19.05,73.05000305175781,48.0,0.0,2.764800786972046,48.0,100.0
2019-01-07,0.0,19.05,73.05000305175781,48.0,0.0,2.764800786972046,48.0,100.0
2019-01-08,0.0,19.05,73.05000305175781,48.0,0.0,2.764800786972046,48.0,100.0
2019-01-09,0.0,19.05,73.05000305175781,48.0,0.0,2.764800786972046,48.0,100.0
2019-01-10,0.0,19.05,73.05000305175781,48.0,0.0,2.764800786972046,48.0,100.0
2019-01-11,0.0,19.05,73.05000305175781,48.0,0.0,2.764800786972046,48.0,100.0
2019-01-12,0.0,19.05,73.05000305175781,48.0,0.0,2.764800786972046,48.0,100.0
2019-01-13,0.0,19.05,73.05000305175781,48.0,0.0,2.764800786972046,48.0,100.0
2019-01-14,0.0,19.05,73.05000305175781,48.0,0.0,2.764800786972046,48.0,100.0
2019-01-15,0.0,19.05,73.05000305175781,48.0,0.0,2.764800786972046,48.0,100.0
2019-01-16,0.0,19.05,73.05000305175781,48.0,0.0,2.764800786972046,48.0,100.0
2019-01-17,0.0,19.05,73.05000305175781,48.0,0.0,2.764800786972046,48.0,100.0
2019-01-18,0.0,19.05,73.05000305175781,48.0,0.0,2.764800786972046,48.0,100.0
2019-01-19,0.0,19.05,73.05000305175781,48.0,0.0,2.764800786972046,48.0,100.0
2019-01-20,0.0,19.05,73.05000305175781,48.0,0.0,2.764800786972046,48.0,100.0
2019-01-21,0.0,19.05,73.05000305175781,48.0,0.0,2.764800786972046,48.0,100.0
2019-01-22,0.0,19.05,73.05000305175781,48.0,0.0,2.764800786972046,48.0,100.0
2019-01-23,0.0,19.05,73.05000305175781,48.0,0.0,2.764800786972046,48.0,100.0
2019-01-24,0.0,19.05,73.05000305175781,48.0,0.0,2.764800786972046,48.0,100.0
2019-01-25,0.0,19.05,73.05000305175781,48.0,0.0,2.764800786972046,48.0,100.0
2019-01-26,0.0,19.05,73.05000305175781,48.0,0.0,2.764800786972046,48.0,100.0
2019-01-27,0.0,19.05,73.05000305175781,48.0,0.0,2.764800786972046,48.0,100.0
2019-01-28,0.0,19.05,73.05000305175781,48.0,0.0,2.764800786972046,48.0,100.0
2019-01-29,0.0,19.05,73.05000305175781,48.0,0.0,2.764800786972046,48.0,100.0
2019-01-30,0.0,19.05,73.05000305175781,48.0,0.0,2.764800786972046,48.0,100.0
2019-01-31,0.0,19.05,73.05000305175781,48.0,0.0,2.764800786972046,48.0,100.0
2019-02-01,0.0,19.05,73.05000305175781,48.0,0.0,2.764800786972046,48.0,100.0
2019-02-02,0.0,19.05,73.05000305175781,48.0,0.0,2.764800786972046,48.0,100.0
2019-02-03,0.0,19.05,73.05000305175781,48.0,0.0,2.764800786972046,48.0,100.0
2019-02-04,0.0,19.05,73.05000305175781,48.0,0.0,2.764800786972046,48.0,100.0
2019-02-05,0.0,19.05,73.05000305175781,48.0,0.0,2.764800786972046,48.0,100.0
2019-02-06,0.0,19.05,73.05000305175781,48.0,0.0,2.764800786972046,48.0,100.0
2019-02-07,0.0,19.05,73.05000305175781,48.0,0.0,2.764800786972046,48.0,100.0
2019-02-08,0.0,19.05,73.05000305175781,48.0,0.0,2.764800786972046,48.0,100.0
2019-02-09,0.0,19.05,73.05000305175781,48.0,0.0,2.764800786972046,48.0,100.0
2019-02-10,0.0,19.05,73.05000305175781,48.0,0.0,2.764800786972046,48.0,100.0
2019-02-11,0.0,19.05,73.05000305175781,48.0,0.0,2.764800786972046,48.0,100.0
2019-02-12,0.0,19.05,73.05000305175781,48.0,0.0,2.764800786972046,48.0,100.0
2019-02-13,0.0,19.05,73.05000305175781,48.0,0.0,2.764800786972046,48.0,100.0
2019-02-14,0.0,19.05,73.05000305175781,48.0,0.0,2.764800786972046,48.0,100.0
2019-02-15,0.0,19.05,73.05000305175781,48.0,0.0,2.764800786972046,48.0,100.0
2019-02-16,0.0,19.05,73.05000305175781,48.0,0.0,2.764800786972046,48.0,100.0
2019-02-17,0.0,19.05,73.05000305175781,48.0,0.0,2.764800786972046,48.0,100.0
2019-02-18,0.0,19.05,73.05000305175781,48.0,0.0,2.764800786972046,48.0,100.0
2019-02-19,0.0,19.05,73.05000305175781,48.0,0.0,2.764800786972046,48.0,100.0
2019-02-20,0.0,19.05,73.05000305175781,48.0,0.0,2.764800786972046,48.0,100.0
2019-02-21,0.0,19.05,73.05000305175781,48.0,0.0,2.764800786972046,48.0,100.0
2019-02-22,0.0,19.05,73.05000305175781,48.0,0.0,2.764800786972046,48.0,100.0
2019-02-23,0.0,19.05,73.05000305175781,48.0,0.0,2.764800786972046,48.0,100.0
2019-02-24,0.0,19.05,73.05000305175781,48.0,0.0,2.764800786972046,48.0,100.0
2019-02-25,0.0,19.05,73.05000305175781,48.0,0.0,2.764800786972046,48.0,100.0
2019-02-26,0.0,19.05,73.05000305175781,48.0,0.0,2.764800786972046,48.0,100.0
2019-02-27,0.0,19.05,73.05000305175781,48.0,0.0,2.764800786972046,48.0,100.0
2019-02-28,0.0,19.05,73.05000305175781,48.0,0.0,2.764800786972046,48.0,100.0
2019-03-01,0.0,19.05,73.05000305175781,48.0,0.0,2.764800786972046,48.0,100.0
2019-03-02,0.0,19.05,73.05000305175781,48.0,0.0,2.764800786972046,48.0,100.0
2019-03-03,0.0,19.05,73.05000305175781,48.0,0.0,2.764800786972046,48.0,100.0
2019-03-04,0.0,19.05,73.05000305175781,48.0,0.0,2.764800786972046,48.0,100.0
2019-03-05,0.0,19.05,73.05000305175781,48.0,0.0,2.764800786972046,48.0,100.0
2019-03-06,0.0,19.05,73.05000305175781,48.0,0.0,2.764800786972046,48.0,100.0
2019-03-07,0.0,19.05,73.05000305175781,48.0,0.0,2.764800786972046,48.0,100.0
2019-03-08,0.0,19.05,73.05000305175781,48.0,0.0,2.764800786972046,48.0,100.0
2019-03-09,0.0,19.05,73.05000305175781,48.0,0.0,2.764800786972046,48.0,100.0
2019-03-10,0.0,19.05,73.05000305175781,48.0,0.0,2.764800786972046,48.0,100.0
2019-03-11,0.0,19.05,73.05000305175781,48.0,0.0,2.764800786972046,48.0,100.0
2019-03-12,0.0,19.05,73.05000305175781,48.0,0.0,2.764800786972046,48.0,100.0
2019-03-13,0.0,19.05,73.05000305175781,48.0,0.0,2.764800786972046,48.0,100.0
2019-03-14,0.0,19.05,73.05000305175781,48.0,0.0,2.764800786972046,48.0,100.0
2019-03-15,0.0,19.05,73.05000305175781,48.0,0.0,2.764800786972046,48.0,100.0
2019-03-16,0.0,19.05,73.05000305175781,48.0,0.0,2.764800786972046,48.0,100.0
2019-03-17,0.0,19.05,73.05000305175781,48.0,0.0,2.764800786972046,48.0,100.0
2019-03-18,0.0,19.05,73.05000305175781,48.0,0.0,2.764800786972046,48.0,100.0
2019-03-19,0.0,19.05,73.05000305175781,48.0,0.0,2.764800786972046,48.0,100.0
2019-03-20,0.0,19.05,73.05000305175781,48.0,0.0,2.764800786972046,48.0,100.0
2019-03-21,0.0,19.05,73.05000305175781,48.0,0.0,2.764800786972046,48.0,100.0
2019-03-22,0.0,19.05,73.05000305175781,48.0,0.0,2.764800786972046,48.0,100.0
2019-03-23,0.0,19.05,73.05000305175781,48.0,0.0,2.764800786972046,48.0,100.0
2019-03-24,0.0,19.05,73.05000305175781,48.0,0.0,2.764800786972046,48.0,100.0
2019-03-25,0.0,19.05,73.05000305175781,48.0,0.0,2.764800786972046,48.0,100.0
2019-03-26,0.0,19.05,73.05000305175781,48.0,0.0,2.764800786972046,48.0,100.0
2019-03-27,0.0,19.05,73.05000305175781,48.0,0.0,2.764800786972046,48.0,100.0
2019-03-28,0.0,19.05,73.05000305175781,48.0,0.0,2.764800786972046,48.0,100.0
2019-03-29,0.0,19.05,73.05000305175781,48.0,0.0,2.764800786972046,48.0,100.0
2019-03-30,0.0,19.05,73.05000305175781,48.0,0.0,2.764800786972046,48.0,100.0
2019-03-31,0.0,19.05,73.05000305175781,48.0,0.0,2.764800786972046,48.0,100.0
2019-04-01,0.0,19.05,73.05000305175781,48.0,0.0,2.764800786972046,48.0,100.0
2019-04-02,0.0,19.05,73.05000305175781,48.0,0.0,2.764800786972046,48.0,100.0
2019-04-03,0.0,19.05,73.05000305175781,48.0,0.0,2.764800786972046,48.0,100.0
2019-04-04,0.0,19.05,73.05000305175781,48.0,0.0,2.764800786972046,48.0,100.0
2019-04-05,0.0,19.05,73.05000305175781,48.0,0.0,2.764800786972046,48.0,100.0
2019-04-06,0.0,19.05,73.05000305175781,48.0,0.0,2.764800786972046,48.0,100.0
2019-04-07,0.0,19.05,73.05000305175781,48.0,0.0,2.764800786972046,48.0,100.0
2019-04-08,0.0,19.05,73.05000305175781,48.0,0.0,2.764800786972046,48.0,100.0
2019-04-09,0.0,19.05,73.05000305175781,48.0,0.0,2.764800786972046,48.0,100.0
2019-04-10,0.0,19.05,73.05000305175781,48.0,0.0,2.764800786972046,48.0,100.0
2019-04-11,0.0,19.05,73.05000305175781,48.0,0.0,2.764800786972046,48.0,100.0
2019-04-12,0.0,19.05,73.05000305175781,48.0,0.0,2.764800786972046,48.0,100.0
2019-04-13,0.0,19.05,73.05000305175781,48.0,0.0,2.764800786972046,48.0,100.0
2019-04-14,0.3199999928474426,19.05,73.05000305175781,48.0,1.0,18.78729820251465,48.0,100.0
2019-04-15,0.0,19.05,73.05000305175781,48.0,0.0,2.764800786972046,48.0,100.0
2019-04-16,0.0,19.05,73.05000305175781,48.0,0.0,2.764800786972046,48.0,100.0
2019-04-17,0.0,19.05,73.05000305175781,48.0,0.0,2.764800786972046,48.0,100.0
2019-04-18,0.0,19.05,73.05000305175781,48.0,0.0,2.764800786972046,48.0,100.0
2019-04-19,0.0,19.05,73.05000305175781,48.0,0.0,2.764800786972046,48.0,100.0
2019-04-20,0.0,19.05,73.05000305175781,48.0,0.0,2.764800786972046,48.0,100.0
2019-04-21,0.0,19.05,73.05000305175781,48.0,0.0,2.764800786972046,48.0,100.0
2019-04-22,0.0,19.05,73.05000305175781,48.0,0.0,2.764800786972046,48.0,100.0
2019-04-23,0.0,19.05,73.05000305175781,48.0,0.0,2.764800786972046,48.0,100.0
2019-04-24,0.0,19.05,73.05000305175781,48.0,0.0,2.764800786972046,48.0,100.0
2019-04-25,0.0,19.05,73.05000305175781,48.0,0.0,2.764800786972046,48.0,100.0
2019-04-26,0.0,19.05,73.05000305175781,48.0,0.0,2.764800786972046,48.0,100.0
2019-04-27,0.0,19.05,73.05000305175781,48.0,0.0,2.764800786972046,48.0,100.0
2019-04-28,0.0,19.05,73.05000305175781,48.0,0.0,2.764800786972046,48.0,100.0
2019-04-29,0.0,19.05,73.05000305175781,48.0,0.0,2.764800786972046,48.0,100.0
2019-04-30,0.0,19.05,73.05000305175781,48.0,0.0,2.764800786972046,48.0,100.0
2019-05-01,0.0,19.05,73.05000305175781,48.0,0.0,2.764800786972046,48.0,100.0
2019-05-02,0.0,19.05,73.05000305175781,48.0,0.0,2.764800786972046,48.0,100.0
2019-05-03,0.0,19.05,73.05000305175781,48.0,0.0,2.764800786972046,48.0,100.0
2019-05-04,0.0,19.05,73.05000305175781,48.0,0.0,2.764800786972046,48.0,100.0
2019-05-05,0.0,19.05,73.05000305175781,48.0,0.0,2.764800786972046,48.0,100.0
2019-05-06,0.0,19.05,73.05000305175781,48.0,0.0,2.764800786972046,48.0,100.0
2019-05-07,0.0,19.05,73.05000305175781,48.0,0.0,2.764800786972046,48.0,100.0
2019-05-08,0.0,19.05,73.05000305175781,48.0,0.0,2.764800786972046,48.0,100.0
2019-05-09,0.0,19.05,73.05000305175781,48.0,0.0,2.764800786972046,48.0,100.0
2019-05-10,0.0,19.05,73.05000305175781,48.0,0.0,2.764800786972046,48.0,100.0
2019-05-11,0.0,19.05,73.05000305175781,48.0,0.0,2.764800786972046,48.0,100.0
2019-05-12,0.0,19.05,73.05000305175781,48.0,0.0,2.764800786972046,48.0,100.0
2019-05-13,0.0,19.05,73.05000305175781,48.0,0.0,2.764800786972046,48.0,100.0
2019-05-14,0.0,19.05,73.05000305175781,48.0,0.0,2.764800786972046,48.0,100.0
2019-05-15,0.0,19.05,73.05000305175781,48.0,0.0,2.764800786972046,48.0,100.0
2019-05-16,0.0,19.05,73.05000305175781,48.0,0.0,2.764800786972046,48.0,100.0
2019-05-17,0.0,19.05,73.05000305175781,48.0,0.0,2.764800786972046,48.0,100.0
2019-05-18,0.0,19.05,73.05000305175781,48.0,0.0,2.764800786972046,48.0,100.0
2019-05-19,0.0,19.05,73.05000305175781,48.0,0.0,2.764800786972046,48.0,100.0
2019-05-20,0.0,19.05,73.05000305175781,48.0,0.0,2.764800786972046,48.0,100.0
2019-05-21,0.0,19.05,73.05000305175781,48.0,0.0,2.764800786972046,48.0,100.0
2019-05-22,0.0,19.05,73.05000305175781,48.0,0.0,2.764800786972046,48.0,100.0
2019-05-23,0.0,19.05,73.05000305175781,48.0,0.0,2.764800786972046,48.0,100.0
2019-05-24,0.0,19.05,73.05000305175781,48.0,0.0,2.764800786972046,48.0,100.0
2019-05-25,0.0,19.05,73.05000305175781,48.0,0.0,2.764800786972046,48.0,100.0
2019-05-26,0.0,19.05,73.05000305175781,48.0,0.0,2.764800786972046,48.0,100.0
2019-05-27,0.0,19.05,73.05000305175781,48.0,0.0,2.764800786972046,48.0,100.0
2019-05-28,0.0,19.05,73.05000305175781,48.0,0.0,2.764800786972046,48.0,100.0
2019-05-29,0.0,19.05,73.05000305175781,48.0,0.0,2.764800786972046,48.0,100.0
2019-05-30,0.0,19.05,73.05000305175781,48.0,0.0,2.764800786972046,48.0,100.0
2019-05-31,0.0,19.05,73.05000305175781,48.0,0.0,2.764800786972046,48.0,100.0
2019-06-01,0.0,19.05,73.05000305175781,48.0,0.0,2.764800786972046,48.0,100.0
2019-06-02,0.03999999910593033,19.05,73.05000305175781,48.0,1.0,3.7681007385253906,48.0,100.0
2019-06-03,0.0,19.05,73.05000305175781,48.0,0.0,2.764800786972046,48.0,100.0
2019-06-04,2.7950000762939453,19.05,73.05000305175781,48.0,4.0,247.8134765625,48.0,100.0
2019-06-05,0.0,19.05,73.05000305175781,48.0,0.0,2.764800786972046,48.0,100.0
2019-06-06,1.4549999237060547,19.05,73.05000305175781,48.0,5.0,126.45598602294922,48.0,100.0
2019-06-07,2.2750000953674316,19.05,73.05000305175781,48.0,7.0,137.81658935546875,48.0,99.0
2019-06-08,3.069999933242798,19.05,73.05000305175781,48.0,7.0,199.08724975585938,48.0,100.0
2019-06-09,7.619998931884766,19.05,73.05000305175781,48.0,7.0,794.1195678710938,48.0,100.0
2019-06-10,51.900001525878906,19.05,73.05000305175781,48.0,15.0,9148.0458984375,48.0,100.0
2019-06-11,6.429999351501465,19.05,73.05000305175781,48.0,19.0,465.58966064453125,48.0,100.0
2019-06-12,8.744998931884766,19.05,73.05000305175781,48.0,28.0,515.6192016601562,48.0,100.0
2019-06-13,3.489999771118164,19.05,73.05000305175781,48.0,11.0,235.51812744140625,48.0,100.0
2019-06-14,10.180001258850098,19.05,73.05000305175781,48.0,17.0,861.3743896484375,48.0,99.0
2019-06-15,0.2749999761581421,19.05,73.05000305175781,48.0,4.0,11.253400802612305,48.0,100.0
2019-06-16,2.799999952316284,19.05,73.05000305175781,48.0,7.0,179.1843719482422,48.0,100.0
2019-06-17,0.0,19.05,73.05000305175781,48.0,0.0,2.764800786972046,48.0,100.0
2019-06-18,1.5550000667572021,19.05,73.05000305175781,48.0,15.0,57.03449630737305,48.0,99.0
2019-06-19,4.114999771118164,19.05,73.05000305175781,48.0,14.0,241.9242401123047,48.0,100.0
2019-06-20,0.0,19.05,73.05000305175781,48.0,0.0,2.764800786972046,48.0,100.0
2019-06-21,0.0,19.05,73.05000305175781,48.0,0.0,2.764800786972046,48.0,100.0
2019-06-22,3.9200000762939453,19.05,73.05000305175781,48.0,15.0,299.866943359375,48.0,100.0
2019-06-23,4.140000343322754,19.05,73.05000305175781,48.0,11.0,391.4580383300781,48.0,99.0
2019-06-24,12.299999237060547,19.05,73.05000305175781,48.0,29.0,1012.3949584960938,48.0,100.0
2019-06-25,2.299999952316284,19.05,73.05000305175781,48.0,14.0,105.35306549072266,48.0,100.0
2019-06-26,7.184999942779541,19.05,73.05000305175781,48.0,23.0,677.5487060546875,48.0,100.0
2019-06-27,59.11499786376953,19.05,73.05000305175781,48.0,39.0,9546.5908203125,48.0,100.0
2019-06-28,154.135009765625,19.05,73.05000305175781,48.0,48.0,27127.837890625,48.0,99.0
2019-06-29,55.52500915527344,19.05,73.05000305175781,48.0,44.0,5769.248046875,48.0,99.0
2019-06-30,49.284996032714844,19.05,73.05000305175781,48.0,48.0,4533.78466796875,48.0,100.0
2019-07-01,168.07501220703125,19.05,73.05000305175781,48.0,48.0,28090.48828125,48.0,99.0
2019-07-02,33.340003967285156,19.05,73.05000305175781,48.0,39.0,4383.70166015625,48.0,99.0
2019-07-03,20.729997634887695,19.05,73.05000305175781,48.0,40.0,1495.3963623046875,48.0,100.0
2019-07-04,32.66999816894531,19.05,73.05000305175781,48.0,41.0,3168.419921875,48.0,100.0
2019-07-05,59.255001068115234,19.05,73.05000305175781,48.0,47.0,7011.47607421875,48.0,100.0
2019-07-06,76.69501495361328,19.05,73.05000305175781,48.0,46.0,10263.263671875,48.0,99.0
2019-07-07,6.619999885559082,19.05,73.05000305175781,48.0,25.0,410.60888671875,48.0,100.0
2019-07-08,71.22998809814453,19.05,73.05000305175781,48.0,43.0,11635.7197265625,48.0,100.0
2019-07-09,7.325000762939453,19.05,73.05000305175781,48.0,23.0,509.6985778808594,48.0,99.0
2019-07-10,54.94000244140625,19.05,73.05000305175781,48.0,48.0,5452.60302734375,48.0,100.0
2019-07-11,34.375,19.05,73.05000305175781,48.0,43.0,3697.72021484375,48.0,100.0
2019-07-12,7.800000190734863,19.05,73.05000305175781,48.0,14.0,847.9004516601562,48.0,99.0
2019-07-13,23.55499839782715,19.05,73.05000305175781,48.0,19.0,2598.065673828125,48.0,100.0
2019-07-14,0.029999999329447746,19.05,73.05000305175781,48.0,2.0,3.5208005905151367,48.0,100.0
2019-07-15,0.0,19.05,73.05000305175781,48.0,0.0,2.764800786972046,48.0,100.0
2019-07-16,0.5900000333786011,19.05,73.05000305175781,48.0,9.0,20.988998413085938,48.0,99.0
2019-07-17,0.0,19.05,73.05000305175781,48.0,0.0,2.764800786972046,48.0,100.0
2019-07-18,0.03999999910593033,19.05,73.05000305175781,48.0,3.0,3.684300661087036,48.0,100.0
2019-07-19,0.6149999499320984,19.05,73.05000305175781,48.0,10.0,25.558000564575195,48.0,100.0
2019-07-20,20.529996871948242,19.05,73.05000305175781,48.0,35.0,2015.8089599609375,48.0,100.0
2019-07-21,8.75,19.05,73.05000305175781,48.0,16.0,737.3328247070312,48.0,100.0
2019-07-22,0.6249999403953552,19.05,73.05000305175781,48.0,11.0,20.06279754638672,48.0,100.0
2019-07-23,12.574999809265137,19.05,73.05000305175781,48.0,27.0,1161.8043212890625,48.0,100.0
2019-07-24,40.89500427246094,19.05,73.05000305175781,48.0,44.0,4282.39501953125,48.0,99.0
2019-07-25,44.934993743896484,19.05,73.05000305175781,48.0,48.0,4131.001953125,48.0,100.0
2019-07-26,116.85001373291016,19.05,73.05000305175781,48.0,46.0,18804.9609375,48.0,99.0
2019-07-27,73.3599853515625,19.05,73.05000305175781,48.0,47.0,9668.1474609375,48.0,100.0
2019-07-28,16.119998931884766,19.05,73.05000305175781,48.0,40.0,1549.4202880859375,48.0,100.0
2019-07-29,67.75499725341797,19.05,73.05000305175781,48.0,48.0,7725.189453125,48.0,100.0
2019-07-30,104.81499481201172,19.05,73.05000305175781,48.0,44.0,15311.73828125,48.0,100.0
2019-07-31,27.509998321533203,19.05,73.05000305175781,48.0,43.0,2282.44287109375,48.0,100.0
2019-08-01,14.89000129699707,19.05,73.05000305175781,48.0,29.0,1608.1873779296875,48.0,100.0
2019-08-02,52.71000671386719,19.05,73.05000305175781,48.0,48.0,5426.75244140625,48.0,99.0
2019-08-03,186.77999877929688,19.05,73.05000305175781,48.0,48.0,35759.78515625,48.0,100.0
2019-08-04,125.70500183105469,19.05,73.05000305175781,48.0,48.0,22049.79296875,48.0,100.0
2019-08-05,8.789999961853027,19.05,73.05000305175781,48.0,37.0,430.26318359375,48.0,100.0
2019-08-06,31.15999984741211,19.05,73.05000305175781,48.0,46.0,2759.610595703125,48.0,100.0
2019-08-07,12.994998931884766,19.05,73.05000305175781,48.0,42.0,1050.80859375,48.0,100.0
2019-08-08,39.939998626708984,19.05,73.05000305175781,48.0,47.0,3844.3017578125,48.0,100.0
2019-08-09,18.309999465942383,19.05,73.05000305175781,48.0,38.0,1616.3460693359375,48.0,100.0
2019-08-10,2.250000238418579,19.05,73.05000305175781,48.0,36.0,68.87901306152344,48.0,99.0
2019-08-11,0.5149999856948853,19.05,73.05000305175781,48.0,10.0,17.234100341796875,48.0,100.0
2019-08-12,0.0,19.05,73.05000305175781,48.0,0.0,2.764800786972046,48.0,100.0
2019-08-13,1.1699998378753662,19.05,73.05000305175781,48.0,15.0,44.97938537597656,48.0,100.0
2019-08-14,3.369999885559082,19.05,73.05000305175781,48.0,15.0,259.2124328613281,48.0,100.0
2019-08-15,0.3149999976158142,19.05,73.05000305175781,48.0,6.0,11.312200546264648,48.0,100.0
2019-08-16,0.4449999928474426,19.05,73.05000305175781,48.0,5.0,17.198999404907227,48.0,100.0
2019-08-17,0.0,19.05,73.05000305175781,48.0,0.0,2.764800786972046,48.0,100.0
2019-08-18,0.0,19.05,73.05000305175781,48.0,0.0,2.764800786972046,48.0,100.0
2019-08-19,0.0,19.05,73.05000305175781,48.0,0.0,2.764800786972046,48.0,100.0
2019-08-20,0.5099999904632568,19.05,73.05000305175781,48.0,1.0,33.73204040527344,48.0,100.0
2019-08-21,13.020002365112305,19.05,73.05000305175781,48.0,17.0,1822.841064453125,48.0,99.0
2019-08-22,1.7599999904632568,19.05,73.05000305175781,48.0,6.0,104.95939636230469,48.0,100.0
2019-08-23,0.7999999523162842,19.05,73.05000305175781,48.0,8.0,34.71406173706055,48.0,100.0
2019-08-24,0.009999999776482582,19.05,73.05000305175781,48.0,1.0,3.020800828933716,48.0,100.0
2019-08-25,1.1999999284744263,19.05,73.05000305175781,48.0,12.0,48.228843688964844,48.0,100.0
2019-08-26,0.3499999940395355,19.05,73.05000305175781,48.0,3.0,16.11859893798828,48.0,100.0
2019-08-27,0.9149999618530273,19.05,73.05000305175781,48.0,4.0,52.05188751220703,48.0,100.0
2019-08-28,0.0,19.05,73.05000305175781,48.0,0.0,2.764800786972046,48.0,100.0
2019-08-29,0.15000000596046448,19.05,73.05000305175781,48.0,2.0,7.2061004638671875,48.0,99.0
2019-08-30,19.924999237060547,19.05,73.05000305175781,48.0,32.0,1695.3115234375,48.0,100.0
2019-08-31,65.45499420166016,19.05,73.05000305175781,48.0,48.0,8042.798828125,48.0,100.0
2019-09-01,27.649993896484375,19.05,73.05000305175781,48.0,42.0,2692.877197265625,48.0,100.0
2019-09-02,39.17499542236328,19.05,73.05000305175781,48.0,40.0,4408.95751953125,48.0,100.0
2019-09-03,133.08001708984375,19.05,73.05000305175781,48.0,48.0,20092.75390625,48.0,99.0
2019-09-04,96.45498657226562,19.05,73.05000305175781,48.0,46.0,14969.57421875,48.0,100.0
2019-09-05,22.51999855041504,19.05,73.05000305175781,48.0,42.0,1613.18115234375,48.0,100.0
2019-09-06,38.12499237060547,19.05,73.05000305175781,48.0,46.0,3150.576416015625,48.0,100.0
2019-09-07,74.70498657226562,19.05,73.05000305175781,48.0,41.0,9197.4951171875,48.0,100.0
2019-09-08,40.449989318847656,19.05,73.05000305175781,48.0,43.0,4798.89794921875,48.0,100.0
2019-09-09,26.869991302490234,19.05,73.05000305175781,48.0,37.0,2957.3896484375,48.0,100.0
2019-09-10,4.749999523162842,19.05,73.05000305175781,48.0,20.0,232.599609375,48.0,100.0
2019-09-11,8.109999656677246,19.05,73.05000305175781,48.0,23.0,527.3783569335938,48.0,100.0
2019-09-12,45.28499984741211,19.05,73.05000305175781,48.0,47.0,5008.05712890625,48.0,100.0
2019-09-13,59.524993896484375,19.05,73.05000305175781,48.0,38.0,7744.818359375,48.0,100.0
2019-09-14,5.524999618530273,19.05,73.05000305175781,48.0,22.0,377.77166748046875,48.0,100.0
2019-09-15,16.069997787475586,19.05,73.05000305175781,48.0,29.0,1324.9307861328125,48.0,100.0
2019-09-16,9.395000457763672,19.05,73.05000305175781,48.0,25.0,670.75927734375,48.0,99.0
2019-09-17,37.55000686645508,19.05,73.05000305175781,48.0,44.0,3637.83544921875,48.0,99.0
2019-09-18,60.864990234375,19.05,73.05000305175781,48.0,36.0,8389.072265625,48.0,100.0
2019-09-19,31.579999923706055,19.05,73.05000305175781,48.0,44.0,2538.816162109375,48.0,100.0
2019-09-20,9.75999927520752,19.05,73.05000305175781,48.0,30.0,595.1492919921875,48.0,100.0
2019-09-21,2.3399999141693115,19.05,73.05000305175781,48.0,17.0,91.41156005859375,48.0,100.0
2019-09-22,0.32999998331069946,19.05,73.05000305175781,48.0,5.0,12.419800758361816,48.0,100.0
2019-09-23,1.7849998474121094,19.05,73.05000305175781,48.0,6.0,131.6110076904297,48.0,100.0
2019-09-24,61.26499938964844,19.05,73.05000305175781,48.0,27.0,8850.2080078125,48.0,100.0
2019-09-25,19.774999618530273,19.05,73.05000305175781,48.0,38.0,1593.8079833984375,48.0,100.0
2019-09-26,39.345001220703125,19.05,73.05000305175781,48.0,35.0,4339.61083984375,48.0,100.0
2019-09-27,12.375001907348633,19.05,73.05000305175781,48.0,27.0,1271.35693359375,48.0,99.0
2019-09-28,1.375000238418579,19.05,73.05000305175781,48.0,18.0,44.78534698486328,48.0,99.0
2019-09-29,0.5799999833106995,19.05,73.05000305175781,48.0,3.0,32.67498016357422,48.0,100.0
2019-09-30,0.4399999976158142,19.05,73.05000305175781,48.0,7.0,16.034400939941406,48.0,100.0
2019-10-01,0.0,19.05,73.05000305175781,48.0,0.0,2.764800786972046,48.0,100.0
2019-10-02,0.0,19.05,73.05000305175781,48.0,0.0,2.764800786972046,48.0,100.0
2019-10-03,0.4399999976158142,19.05,73.05000305175781,48.0,1.0,28.008098602294922,48.0,100.0
2019-10-04,1.9649996757507324,19.05,73.05000305175781,48.0,11.0,92.25533294677734,48.0,100.0
2019-10-05,1.334999918937683,19.05,73.05000305175781,48.0,6.0,63.64375305175781,48.0,100.0
2019-10-06,0.0,19.05,73.05000305175781,48.0,0.0,2.764800786972046,48.0,100.0
2019-10-07,0.5799999833106995,19.05,73.05000305175781,48.0,2.0,30.670101165771484,48.0,100.0
2019-10-08,19.499998092651367,19.05,73.05000305175781,48.0,19.0,1924.212890625,48.0,100.0
2019-10-09,6.840000152587891,19.05,73.05000305175781,48.0,16.0,496.9160461425781,48.0,100.0
2019-10-10,2.254999876022339,19.05,73.05000305175781,48.0,5.0,155.72354125976562,48.0,100.0
2019-10-11,0.02499999850988388,19.05,73.05000305175781,48.0,1.0,3.315600633621216,48.0,100.0
2019-10-12,4.985000133514404,19.05,73.05000305175781,48.0,18.0,355.0547180175781,48.0,100.0
2019-10-13,0.26999998092651367,19.05,73.05000305175781,48.0,6.0,9.852900505065918,48.0,100.0
2019-10-14,0.20500001311302185,19.05,73.05000305175781,48.0,4.0,8.058600425720215,48.0,100.0
2019-10-15,0.0,19.05,73.05000305175781,48.0,0.0,2.764800786972046,48.0,100.0
2019-10-16,0.0,19.05,73.05000305175781,48.0,0.0,2.764800786972046,48.0,100.0
2019-10-17,0.0,19.05,73.05000305175781,48.0,0.0,2.764800786972046,48.0,100.0
2019-10-18,8.46500015258789,19.05,73.05000305175781,48.0,36.0,453.4773254394531,48.0,100.0
2019-10-19,38.230003356933594,19.05,73.05000305175781,48.0,48.0,2967.57666015625,48.0,99.0
2019-10-20,24.10000228881836,19.05,73.05000305175781,48.0,48.0,1718.81982421875,48.0,100.0
2019-10-21,24.889995574951172,19.05,73.05000305175781,48.0,34.0,3224.5458984375,48.0,100.0
2019-10-22,15.799999237060547,19.05,73.05000305175781,48.0,40.0,1087.8604736328125,48.0,100.0
2019-10-23,6.795000076293945,19.05,73.05000305175781,48.0,34.0,377.41583251953125,48.0,99.0
2019-10-24,21.989999771118164,19.05,73.05000305175781,48.0,38.0,1759.341552734375,48.0,100.0
2019-10-25,9.214999198913574,19.05,73.05000305175781,48.0,39.0,504.14776611328125,48.0,100.0
2019-10-26,7.480000019073486,19.05,73.05000305175781,48.0,21.0,513.4448852539062,48.0,100.0
2019-10-27,0.13999998569488525,19.05,73.05000305175781,48.0,2.0,6.909700870513916,48.0,100.0
2019-10-28,0.0,19.05,73.05000305175781,48.0,0.0,2.764800786972046,48.0,100.0
2019-10-29,0.0,19.05,73.05000305175781,48.0,0.0,2.764800786972046,48.0,100.0
2019-10-30,0.0,19.05,73.05000305175781,48.0,0.0,2.764800786972046,48.0,100.0
2019-10-31,0.29499998688697815,19.05,73.05000305175781,48.0,12.0,9.69260025024414,48.0,100.0
2019-11-01,47.18499755859375,19.05,73.05000305175781,48.0,28.0,6882.87060546875,48.0,100.0
2019-11-02,0.0,19.05,73.05000305175781,48.0,0.0,2.764800786972046,48.0,100.0
2019-11-03,0.0,19.05,73.05000305175781,48.0,0.0,2.764800786972046,48.0,100.0
2019-11-04,0.0,19.05,73.05000305175781,48.0,0.0,2.764800786972046,48.0,100.0
2019-11-05,0.3100000023841858,19.05,73.05000305175781,48.0,4.0,12.056200981140137,48.0,100.0
2019-11-06,0.0,19.05,73.05000305175781,48.0,0.0,2.764800786972046,48.0,100.0
2019-11-07,0.0,19.05,73.05000305175781,48.0,0.0,2.764800786972046,48.0,100.0
2019-11-08,0.4049999713897705,19.05,73.05000305175781,48.0,5.0,16.28260040283203,48.0,100.0
2019-11-09,0.0,19.05,73.05000305175781,48.0,0.0,2.764800786972046,48.0,100.0
2019-11-10,0.0,19.05,73.05000305175781,48.0,0.0,2.764800786972046,48.0,100.0
2019-11-11,0.0,19.05,73.05000305175781,48.0,0.0,2.764800786972046,48.0,100.0
2019-11-12,0.0,19.05,73.05000305175781,48.0,0.0,2.764800786972046,48.0,100.0
2019-11-13,0.0,19.05,73.05000305175781,48.0,0.0,2.764800786972046,48.0,100.0
2019-11-14,0.0,19.05,73.05000305175781,48.0,0.0,2.764800786972046,48.0,100.0
2019-11-15,0.0,19.05,73.05000305175781,48.0,0.0,2.764800786972046,48.0,100.0
2019-11-16,0.0,19.05,73.05000305175781,48.0,0.0,2.764800786972046,48.0,100.0
2019-11-17,0.0,19.05,73.05000305175781,48.0,0.0,2.764800786972046,48.0,100.0
2019-11-18,0.0,19.05,73.05000305175781,48.0,0.0,2.764800786972046,48.0,100.0
2019-11-19,0.0,19.05,73.05000305175781,48.0,0.0,2.764800786972046,48.0,100.0
2019-11-20,0.5649999976158142,19.05,73.05000305175781,48.0,1.0,38.82721710205078,48.0,100.0
2019-11-21,0.0,19.05,73.05000305175781,48.0,0.0,2.764800786972046,48.0,100.0
2019-11-22,0.0,19.05,73.05000305175781,48.0,0.0,2.764800786972046,48.0,100.0
2019-11-23,0.0,19.05,73.05000305175781,48.0,0.0,2.764800786972046,48.0,100.0
2019-11-24,0.0,19.05,73.05000305175781,48.0,0.0,2.764800786972046,48.0,100.0
2019-11-25,0.0,19.05,73.05000305175781,48.0,0.0,2.764800786972046,48.0,100.0
2019-11-26,0.0,19.05,73.05000305175781,48.0,0.0,2.764800786972046,48.0,100.0
2019-11-27,0.0,19.05,73.05000305175781,48.0,0.0,2.764800786972046,48.0,100.0
2019-11-28,0.0,19.05,73.05000305175781,48.0,0.0,2.764800786972046,48.0,100.0
2019-11-29,0.0,19.05,73.05000305175781,48.0,0.0,2.764800786972046,48.0,100.0
2019-11-30,0.5249999761581421,19.05,73.05000305175781,48.0,4.0,24.92839813232422,48.0,100.0
2019-12-01,0.03999999910593033,19.05,73.05000305175781,48.0,2.0,3.7121007442474365,48.0,100.0
2019-12-02,0.0,19.05,73.05000305175781,48.0,0.0,2.764800786972046,48.0,100.0
2019-12-03,0.0,19.05,73.05000305175781,48.0,0.0,2.764800786972046,48.0,100.0
2019-12-04,0.11499999463558197,19.05,73.05000305175781,48.0,12.0,5.218900680541992,48.0,100.0
2019-12-05,0.21999996900558472,19.05,73.05000305175781,48.0,9.0,8.525899887084961,48.0,100.0
2019-12-06,0.0,19.05,73.05000305175781,48.0,0.0,2.8296005725860596,48.0,100.0
2019-12-07,0.0,19.05,73.05000305175781,48.0,0.0,2.764800786972046,48.0,100.0
2019-12-08,0.0,19.05,73.05000305175781,48.0,0.0,2.764800786972046,48.0,100.0
2019-12-09,0.0,19.05,73.05000305175781,48.0,0.0,2.764800786972046,48.0,100.0
2019-12-10,0.0,19.05,73.05000305175781,48.0,0.0,2.764800786972046,48.0,100.0
2019-12-11,0.0,19.05,73.05000305175781,48.0,0.0,2.764800786972046,48.0,100.0
2019-12-12,0.0,19.05,73.05000305175781,48.0,0.0,2.764800786972046,48.0,100.0
2019-12-13,0.0,19.05,73.05000305175781,48.0,0.0,2.764800786972046,48.0,100.0
2019-12-14,0.0,19.05,73.05000305175781,48.0,0.0,2.764800786972046,48.0,100.0
2019-12-15,0.0,19.05,73.05000305175781,48.0,0.0,2.764800786972046,48.0,100.0
2019-12-16,0.0,19.05,73.05000305175781,48.0,0.0,2.764800786972046,48.0,100.0
2019-12-17,0.0,19.05,73.05000305175781,48.0,0.0,2.764800786972046,48.0,100.0
2019-12-18,0.0,19.05,73.05000305175781,48.0,0.0,2.764800786972046,48.0,100.0
2019-12-19,0.0,19.05,73.05000305175781,48.0,0.0,2.764800786972046,48.0,100.0
2019-12-20,0.0,19.05,73.05000305175781,48.0,0.0,2.764800786972046,48.0,100.0
2019-12-21,0.03500000014901161,19.05,73.05000305175781,48.0,1.0,3.6481006145477295,48.0,100.0
2019-12-22,0.0,19.05,73.05000305175781,48.0,0.0,2.764800786972046,48.0,100.0
2019-12-23,0.0,19.05,73.05000305175781,48.0,0.0,2.764800786972046,48.0,100.0
2019-12-24,0.0,19.05,73.05000305175781,48.0,0.0,2.764800786972046,48.0,100.0
2019-12-25,0.11499999463558197,19.05,73.05000305175781,48.0,7.0,5.281900882720947,48.0,100.0
2019-12-26,0.004999999888241291,19.05,73.05000305175781,48.0,1.0,2.8368005752563477,48.0,100.0
2019-12-27,0.0,19.05,73.05000305175781,48.0,0.0,2.764800786972046,48.0,100.0
2019-12-28,0.0,19.05,73.05000305175781,48.0,0.0,2.764800786972046,48.0,100.0
2019-12-29,0.034999996423721313,19.05,73.05000305175781,48.0,3.0,3.4186007976531982,48.0,100.0
2019-12-30,0.0,19.05,73.05000305175781,48.0,0.0,2.764800786972046,48.0,100.0
2019-12-31,0.0,19.05,73.05000305175781,48.0,0.0,2.764800786972046,48.0,100.0
2020-01-01,0.0,19.05,73.05000305175781,48.0,0.0,2.764800786972046,48.0,100.0
2020-01-02,0.0,19.05,73.05000305175781,48.0,0.0,2.764800786972046,48.0,100.0
2020-01-03,0.0,19.05,73.05000305175781,48.0,0.0,2.764800786972046,48.0,100.0
2020-01-04,0.0,19.05,73.05000305175781,48.0,0.0,2.764800786972046,48.0,100.0
2020-01-05,0.0,19.05,73.05000305175781,48.0,0.0,2.764800786972046,48.0,100.0
2020-01-06,0.0,19.05,73.05000305175781,48.0,0.0,2.764800786972046,48.0,100.0
2020-01-07,0.0,19.05,73.05000305175781,48.0,0.0,2.764800786972046,48.0,100.0
2020-01-08,0.0,19.05,73.05000305175781,48.0,0.0,2.764800786972046,48.0,100.0
2020-01-09,0.0,19.05,73.05000305175781,48.0,0.0,2.764800786972046,48.0,100.0
2020-01-10,0.0,19.05,73.05000305175781,48.0,0.0,2.764800786972046,48.0,100.0
2020-01-11,0.0,19.05,73.05000305175781,48.0,0.0,2.764800786972046,48.0,100.0
2020-01-12,0.0,19.05,73.05000305175781,48.0,0.0,2.764800786972046,48.0,100.0
2020-01-13,0.0,19.05,73.05000305175781,48.0,0.0,2.764800786972046,48.0,100.0
2020-01-14,0.0,19.05,73.05000305175781,48.0,0.0,2.764800786972046,48.0,100.0
2020-01-15,0.0,19.05,73.05000305175781,48.0,0.0,2.764800786972046,48.0,100.0
2020-01-16,0.0,19.05,73.05000305175781,48.0,0.0,2.764800786972046,48.0,100.0
2020-01-17,0.0,19.05,73.05000305175781,48.0,0.0,2.764800786972046,48.0,100.0
2020-01-18,0.0,19.05,73.05000305175781,48.0,0.0,2.764800786972046,48.0,100.0
2020-01-19,0.0,19.05,73.05000305175781,48.0,0.0,2.764800786972046,48.0,100.0
2020-01-20,0.0,19.05,73.05000305175781,48.0,0.0,2.764800786972046,48.0,100.0
2020-01-21,0.0,19.05,73.05000305175781,48.0,0.0,2.764800786972046,48.0,100.0
2020-01-22,0.0,19.05,73.05000305175781,48.0,0.0,2.764800786972046,48.0,100.0
2020-01-23,0.0,19.05,73.05000305175781,48.0,0.0,2.764800786972046,48.0,100.0
2020-01-24,0.0,19.05,73.05000305175781,48.0,0.0,2.764800786972046,48.0,100.0
2020-01-25,0.0,19.05,73.05000305175781,48.0,0.0,2.764800786972046,48.0,100.0
2020-01-26,0.0,19.05,73.05000305175781,48.0,0.0,2.764800786972046,48.0,100.0
2020-01-27,0.0,19.05,73.05000305175781,48.0,0.0,2.764800786972046,48.0,100.0
2020-01-28,0.0,19.05,73.05000305175781,48.0,0.0,2.764800786972046,48.0,100.0
2020-01-29,0.0,19.05,73.05000305175781,48.0,0.0,2.764800786972046,48.0,100.0
2020-01-30,0.0,19.05,73.05000305175781,48.0,0.0,2.764800786972046,48.0,100.0
2020-01-31,0.0,19.05,73.05000305175781,48.0,0.0,2.764800786972046,48.0,100.0
2020-02-01,0.0,19.05,73.05000305175781,48.0,0.0,2.764800786972046,48.0,100.0
2020-02-02,0.0,19.05,73.05000305175781,48.0,0.0,2.764800786972046,48.0,100.0
2020-02-03,0.0,19.05,73.05000305175781,48.0,0.0,2.764800786972046,48.0,100.0
2020-02-04,0.0,19.05,73.05000305175781,48.0,0.0,2.764800786972046,48.0,100.0
2020-02-05,0.0,19.05,73.05000305175781,48.0,0.0,2.764800786972046,48.0,100.0
2020-02-06,0.0,19.05,73.05000305175781,48.0,0.0,2.764800786972046,48.0,100.0
2020-02-07,0.0,19.05,73.05000305175781,48.0,0.0,2.764800786972046,48.0,100.0
2020-02-08,0.0,19.05,73.05000305175781,48.0,0.0,2.764800786972046,48.0,100.0
2020-02-09,0.0,19.05,73.05000305175781,48.0,0.0,2.764800786972046,48.0,100.0
2020-02-10,0.0,19.05,73.05000305175781,48.0,0.0,2.764800786972046,48.0,100.0
2020-02-11,0.0,19.05,73.05000305175781,48.0,0.0,2.764800786972046,48.0,100.0
2020-02-12,0.0,19.05,73.05000305175781,48.0,0.0,2.764800786972046,48.0,100.0
2020-02-13,0.0,19.05,73.05000305175781,48.0,0.0,2.764800786972046,48.0,100.0
2020-02-14,0.0,19.05,73.05000305175781,48.0,0.0,2.764800786972046,48.0,100.0
2020-02-15,0.0,19.05,73.05000305175781,48.0,0.0,2.764800786972046,48.0,100.0
2020-02-16,0.0,19.05,73.05000305175781,48.0,0.0,2.764800786972046,48.0,100.0
2020-02-17,0.0,19.05,73.05000305175781,48.0,0.0,2.764800786972046,48.0,100.0
2020-02-18,0.0,19.05,73.05000305175781,48.0,0.0,2.764800786972046,48.0,100.0
2020-02-19,0.0,19.05,73.05000305175781,48.0,0.0,2.764800786972046,48.0,100.0
2020-02-20,0.0,19.05,73.05000305175781,48.0,0.0,2.764800786972046,48.0,100.0
2020-02-21,0.0,19.05,73.05000305175781,48.0,0.0,2.764800786972046,48.0,100.0
2020-02-22,0.0,19.05,73.05000305175781,48.0,0.0,2.764800786972046,48.0,100.0
2020-02-23,0.0,19.05,73.05000305175781,48.0,0.0,2.764800786972046,48.0,100.0
2020-02-24,0.0,19.05,73.05000305175781,48.0,0.0,2.764800786972046,48.0,100.0
2020-02-25,0.0,19.05,73.05000305175781,48.0,0.0,2.764800786972046,48.0,100.0
2020-02-26,0.0,19.05,73.05000305175781,48.0,0.0,2.764800786972046,48.0,100.0
2020-02-27,0.0,19.05,73.05000305175781,48.0,0.0,2.764800786972046,48.0,100.0
2020-02-28,0.0,19.05,73.05000305175781,48.0,0.0,2.764800786972046,48.0,100.0
2020-02-29,0.0,19.05,73.05000305175781,48.0,0.0,2.764800786972046,48.0,100.0
2020-03-01,0.0,19.05,73.05000305175781,48.0,0.0,2.764800786972046,48.0,100.0
2020-03-02,0.0,19.05,73.05000305175781,48.0,0.0,2.764800786972046,48.0,100.0
2020-03-03,0.0,19.05,73.05000305175781,48.0,0.0,2.764800786972046,48.0,100.0
2020-03-04,0.0,19.05,73.05000305175781,48.0,0.0,2.764800786972046,48.0,100.0
2020-03-05,0.0,19.05,73.05000305175781,48.0,0.0,2.764800786972046,48.0,100.0
2020-03-06,0.0,19.05,73.05000305175781,48.0,0.0,2.764800786972046,48.0,100.0
2020-03-07,0.0,19.05,73.05000305175781,48.0,0.0,2.764800786972046,48.0,100.0
2020-03-08,0.0,19.05,73.05000305175781,48.0,0.0,2.764800786972046,48.0,100.0
2020-03-09,0.0,19.05,73.05000305175781,48.0,0.0,2.764800786972046,48.0,100.0
2020-03-10,0.0,19.05,73.05000305175781,48.0,0.0,2.764800786972046,48.0,100.0
2020-03-11,0.0,19.05,73.05000305175781,48.0,0.0,2.764800786972046,48.0,100.0
2020-03-12,0.0,19.05,73.05000305175781,48.0,0.0,2.764800786972046,48.0,100.0
2020-03-13,2.06499981880188,19.05,73.05000305175781,48.0,3.0,200.94451904296875,48.0,100.0
2020-03-14,0.0,19.05,73.05000305175781,48.0,0.0,2.764800786972046,48.0,100.0
2020-03-15,0.0,19.05,73.05000305175781,48.0,0.0,2.764800786972046,48.0,100.0
2020-03-16,0.0,19.05,73.05000305175781,48.0,0.0,2.764800786972046,48.0,100.0
2020-03-17,0.0,19.05,73.05000305175781,48.0,0.0,2.764800786972046,48.0,100.0
2020-03-18,0.0,19.05,73.05000305175781,48.0,0.0,2.764800786972046,48.0,100.0
2020-03-19,0.0,19.05,73.05000305175781,48.0,0.0,2.764800786972046,48.0,100.0
2020-03-20,0.0,19.05,73.05000305175781,48.0,0.0,2.764800786972046,48.0,100.0
2020-03-21,0.0,19.05,73.05000305175781,48.0,0.0,2.764800786972046,48.0,100.0
2020-03-22,0.0,19.05,73.05000305175781,48.0,0.0,2.764800786972046,48.0,100.0
2020-03-23,0.0,19.05,73.05000305175781,48.0,0.0,2.764800786972046,48.0,100.0
2020-03-24,0.0,19.05,73.05000305175781,48.0,0.0,2.764800786972046,48.0,100.0
2020-03-25,0.0,19.05,73.05000305175781,48.0,0.0,2.764800786972046,48.0,100.0
2020-03-26,0.0,19.05,73.05000305175781,48.0,0.0,2.764800786972046,48.0,100.0
2020-03-27,0.0,19.05,73.05000305175781,48.0,0.0,2.764800786972046,48.0,100.0
2020-03-28,0.0,19.05,73.05000305175781,48.0,0.0,2.764800786972046,48.0,100.0
2020-03-29,0.0,19.05,73.05000305175781,48.0,0.0,2.764800786972046,48.0,100.0
2020-03-30,0.0,19.05,73.05000305175781,48.0,0.0,2.764800786972046,48.0,100.0
2020-03-31,0.0,19.05,73.05000305175781,48.0,0.0,2.764800786972046,48.0,100.0
2020-04-01,0.0,19.05,73.05000305175781,48.0,0.0,2.764800786972046,48.0,100.0
2020-04-02,0.0,19.05,73.05000305175781,48.0,0.0,2.764800786972046,48.0,100.0
2020-04-03,0.0,19.05,73.05000305175781,48.0,0.0,2.764800786972046,48.0,100.0
2020-04-04,0.0,19.05,73.05000305175781,48.0,0.0,2.764800786972046,48.0,100.0
2020-04-05,0.0,19.05,73.05000305175781,48.0,0.0,2.764800786972046,48.0,100.0
2020-04-06,0.0,19.05,73.05000305175781,48.0,0.0,2.764800786972046,48.0,100.0
2020-04-07,0.0,19.05,73.05000305175781,48.0,0.0,2.764800786972046,48.0,100.0
2020-04-08,0.0,19.05,73.05000305175781,48.0,0.0,2.764800786972046,48.0,100.0
2020-04-09,0.0,19.05,73.05000305175781,48.0,0.0,2.764800786972046,48.0,100.0
2020-04-10,0.0,19.05,73.05000305175781,48.0,0.0,2.764800786972046,48.0,100.0
2020-04-11,0.0,19.05,73.05000305175781,48.0,0.0,2.764800786972046,48.0,100.0
2020-04-12,0.0,19.05,73.05000305175781,48.0,0.0,2.764800786972046,48.0,100.0
2020-04-13,0.0,19.05,73.05000305175781,48.0,0.0,2.764800786972046,48.0,100.0
2020-04-14,0.0,19.05,73.05000305175781,48.0,0.0,2.764800786972046,48.0,100.0
2020-04-15,0.0,19.05,73.05000305175781,48.0,0.0,2.764800786972046,48.0,100.0
2020-04-16,0.0,19.05,73.05000305175781,48.0,0.0,2.764800786972046,48.0,100.0
2020-04-17,0.0,19.05,73.05000305175781,48.0,0.0,2.764800786972046,48.0,100.0
2020-04-18,0.0,19.05,73.05000305175781,48.0,0.0,2.764800786972046,48.0,100.0
2020-04-19,0.0,19.05,73.05000305175781,48.0,0.0,2.764800786972046,48.0,100.0
2020-04-20,0.0,19.05,73.05000305175781,48.0,0.0,2.764800786972046,48.0,100.0
2020-04-21,0.0,19.05,73.05000305175781,48.0,0.0,2.764800786972046,48.0,100.0
2020-04-22,0.0,19.05,73.05000305175781,48.0,0.0,2.764800786972046,48.0,100.0
2020-04-23,0.0,19.05,73.05000305175781,48.0,0.0,2.764800786972046,48.0,100.0
2020-04-24,0.0,19.05,73.05000305175781,48.0,0.0,2.764800786972046,48.0,100.0
2020-04-25,0.0,19.05,73.05000305175781,48.0,0.0,2.764800786972046,48.0,100.0
2020-04-26,0.0,19.05,73.05000305175781,48.0,0.0,2.764800786972046,48.0,100.0
2020-04-27,0.0,19.05,73.05000305175781,48.0,0.0,2.764800786972046,48.0,100.0
2020-04-28,0.0,19.05,73.05000305175781,48.0,0.0,2.764800786972046,48.0,100.0
2020-04-29,0.0,19.05,73.05000305175781,48.0,0.0,2.764800786972046,48.0,100.0
2020-04-30,0.0,19.05,73.05000305175781,48.0,0.0,2.764800786972046,48.0,100.0
2020-05-01,0.0,19.05,73.05000305175781,48.0,0.0,2.764800786972046,48.0,100.0
2020-05-02,0.0,19.05,73.05000305175781,48.0,0.0,2.764800786972046,48.0,100.0
2020-05-03,0.0,19.05,73.05000305175781,48.0,0.0,2.764800786972046,48.0,100.0
2020-05-04,0.0,19.05,73.05000305175781,48.0,0.0,2.764800786972046,48.0,100.0
2020-05-05,0.0,19.05,73.05000305175781,48.0,0.0,2.764800786972046,48.0,100.0
2020-05-06,0.0,19.05,73.05000305175781,48.0,0.0,2.764800786972046,48.0,100.0
2020-05-07,0.0,19.05,73.05000305175781,48.0,0.0,2.764800786972046,48.0,100.0
2020-05-08,0.0,19.05,73.05000305175781,48.0,0.0,2.764800786972046,48.0,100.0
2020-05-09,0.0,19.05,73.05000305175781,48.0,0.0,2.764800786972046,48.0,100.0
2020-05-10,0.0,19.05,73.05000305175781,48.0,0.0,2.764800786972046,48.0,100.0
2020-05-11,0.0,19.05,73.05000305175781,48.0,0.0,2.764800786972046,48.0,100.0
2020-05-12,0.0,19.05,73.05000305175781,48.0,0.0,2.764800786972046,48.0,100.0
2020-05-13,0.0,19.05,73.05000305175781,48.0,0.0,2.764800786972046,48.0,100.0
2020-05-14,0.0,19.05,73.05000305175781,48.0,0.0,2.764800786972046,48.0,100.0
2020-05-15,0.0,19.05,73.05000305175781,48.0,0.0,2.764800786972046,48.0,100.0
2020-05-16,0.0,19.05,73.05000305175781,48.0,0.0,2.764800786972046,48.0,100.0
2020-05-17,0.0,19.05,73.05000305175781,48.0,0.0,2.764800786972046,48.0,100.0
2020-05-18,0.0,19.05,73.05000305175781,48.0,0.0,2.764800786972046,48.0,100.0
2020-05-19,0.0,19.05,73.05000305175781,48.0,0.0,2.764800786972046,48.0,100.0
2020-05-20,0.0,19.05,73.05000305175781,48.0,0.0,2.764800786972046,48.0,100.0
2020-05-21,0.0,19.05,73.05000305175781,48.0,0.0,2.764800786972046,48.0,100.0
2020-05-22,0.0,19.05,73.05000305175781,48.0,0.0,2.764800786972046,48.0,100.0
2020-05-23,0.0,19.05,73.05000305175781,48.0,0.0,2.764800786972046,48.0,100.0
2020-05-24,0.0,19.05,73.05000305175781,48.0,0.0,2.764800786972046,48.0,100.0
2020-05-25,0.0,19.05,73.05000305175781,48.0,0.0,2.764800786972046,48.0,100.0
2020-05-26,0.0,19.05,73.05000305175781,48.0,0.0,2.764800786972046,48.0,100.0
2020-05-27,0.0,19.05,73.05000305175781,48.0,0.0,2.764800786972046,48.0,100.0
2020-05-28,0.0,19.05,73.05000305175781,48.0,0.0,2.764800786972046,48.0,100.0
2020-05-29,0.0,19.05,73.05000305175781,48.0,0.0,2.764800786972046,48.0,100.0
2020-05-30,0.0,19.05,73.05000305175781,48.0,0.0,2.764800786972046,48.0,100.0
2020-05-31,0.6599999666213989,19.05,73.05000305175781,48.0,3.0,31.286699295043945,48.0,100.0
2020-06-01,10.8100004196167,19.05,73.05000305175781,48.0,35.0,672.8724975585938,48.0,99.0
2020-06-02,41.470008850097656,19.05,73.05000305175781,48.0,47.0,3914.495849609375,48.0,99.0
2020-06-03,64.66500854492188,19.05,73.05000305175781,48.0,38.0,7479.4501953125,48.0,99.0
2020-06-04,12.470000267028809,19.05,73.05000305175781,48.0,19.0,1099.954833984375,48.0,100.0
2020-06-05,3.2249999046325684,19.05,73.05000305175781,48.0,5.0,231.37890625,48.0,100.0
2020-06-06,7.074999809265137,19.05,73.05000305175781,48.0,8.0,709.4545288085938,48.0,100.0
2020-06-07,8.59999942779541,19.05,73.05000305175781,48.0,12.0,732.3353271484375,48.0,100.0
2020-06-08,1.559999942779541,19.05,73.05000305175781,48.0,7.0,75.638671875,48.0,100.0
2020-06-09,0.28999999165534973,19.05,73.05000305175781,48.0,3.0,11.988300323486328,48.0,100.0
2020-06-10,16.83500099182129,19.05,73.05000305175781,48.0,34.0,1367.06787109375,48.0,99.0
2020-06-11,2.6600003242492676,19.05,73.05000305175781,48.0,15.0,189.39320373535156,48.0,99.0
2020-06-12,16.05500030517578,19.05,73.05000305175781,48.0,32.0,1341.2430419921875,48.0,100.0
2020-06-13,22.729995727539062,19.05,73.05000305175781,48.0,30.0,2033.880126953125,48.0,100.0
2020-06-14,9.609999656677246,19.05,73.05000305175781,48.0,18.0,932.468505859375,48.0,100.0
2020-06-15,25.84000015258789,19.05,73.05000305175781,48.0,33.0,2590.4404296875,48.0,100.0
2020-06-16,11.749999046325684,19.05,73.05000305175781,48.0,26.0,942.1206665039062,48.0,100.0
2020-06-17,6.195000171661377,19.05,73.05000305175781,48.0,28.0,305.5721130371094,48.0,100.0
2020-06-18,31.81000518798828,19.05,73.05000305175781,48.0,40.0,3001.0224609375,48.0,99.0
2020-06-19,5.25499963760376,19.05,73.05000305175781,48.0,18.0,319.65484619140625,48.0,100.0
2020-06-20,0.16499999165534973,19.05,73.05000305175781,48.0,2.0,8.458600044250488,48.0,100.0
2020-06-21,2.5699996948242188,19.05,73.05000305175781,48.0,27.0,98.16261291503906,48.0,100.0
2020-06-22,4.119999885559082,19.05,73.05000305175781,48.0,23.0,211.26629638671875,48.0,100.0
2020-06-23,3.9600000381469727,19.05,73.05000305175781,48.0,12.0,316.3746032714844,48.0,100.0
2020-06-24,0.20999997854232788,19.05,73.05000305175781,48.0,5.0,8.14210033416748,48.0,100.0
2020-06-25,6.494999885559082,19.05,73.05000305175781,48.0,12.0,557.912353515625,48.0,100.0
2020-06-26,6.085000038146973,19.05,73.05000305175781,48.0,22.0,361.1026611328125,48.0,100.0
2020-06-27,14.254999160766602,19.05,73.05000305175781,48.0,15.0,1515.257568359375,48.0,100.0
2020-06-28,7.309998512268066,19.05,73.05000305175781,48.0,21.0,453.4998779296875,48.0,100.0
2020-06-29,14.274999618530273,19.05,73.05000305175781,48.0,25.0,1414.5684814453125,48.0,100.0
2020-06-30,5.734999656677246,19.05,73.05000305175781,48.0,22.0,312.72991943359375,48.0,100.0
2020-07-01,6.345000267028809,19.05,73.05000305175781,48.0,25.0,341.9448547363281,48.0,100.0
2020-07-02,9.809998512268066,19.05,73.05000305175781,48.0,26.0,715.2947387695312,48.0,100.0
2020-07-03,33.96000289916992,19.05,73.05000305175781,48.0,42.0,2889.29833984375,48.0,99.0
2020-07-04,114.93499755859375,19.05,73.05000305175781,48.0,48.0,15832.2880859375,48.0,100.0
2020-07-05,94.89500427246094,19.05,73.05000305175781,48.0,45.0,15083.1015625,48.0,99.0
2020-07-06,37.46500015258789,19.05,73.05000305175781,48.0,32.0,4850.67236328125,48.0,100.0
2020-07-07,64.1449966430664,19.05,73.05000305175781,48.0,35.0,9433.2333984375,48.0,100.0
2020-07-08,10.509998321533203,19.05,73.05000305175781,48.0,33.0,672.7242431640625,48.0,100.0
2020-07-09,13.385000228881836,19.05,73.05000305175781,48.0,38.0,1016.1066284179688,48.0,100.0
2020-07-10,5.069999694824219,19.05,73.05000305175781,48.0,36.0,221.4224853515625,48.0,100.0
2020-07-11,6.265000343322754,19.05,73.05000305175781,48.0,29.0,321.8026123046875,48.0,99.0
2020-07-12,15.674999237060547,19.05,73.05000305175781,48.0,27.0,1309.70361328125,48.0,100.0
2020-07-13,38.9950065612793,19.05,73.05000305175781,48.0,43.0,4356.71142578125,48.0,99.0
2020-07-14,54.70500183105469,19.05,73.05000305175781,48.0,43.0,6182.00048828125,48.0,100.0
2020-07-15,69.0050048828125,19.05,73.05000305175781,48.0,42.0,9010.0380859375,48.0,99.0
2020-07-16,51.68500518798828,19.05,73.05000305175781,48.0,37.0,6439.8857421875,48.0,99.0
2020-07-17,17.669998168945312,19.05,73.05000305175781,48.0,28.0,1412.1932373046875,48.0,100.0
2020-07-18,6.4800004959106445,19.05,73.05000305175781,48.0,26.0,351.8255615234375,48.0,100.0
2020-07-19,3.325000286102295,19.05,73.05000305175781,48.0,21.0,164.9803009033203,48.0,99.0
2020-07-20,7.800000190734863,19.05,73.05000305175781,48.0,11.0,1078.3519287109375,48.0,100.0
2020-07-21,3.9749999046325684,19.05,73.05000305175781,48.0,16.0,239.02842712402344,48.0,100.0
2020-07-22,20.649999618530273,19.05,73.05000305175781,48.0,32.0,2051.77978515625,48.0,100.0
2020-07-23,22.585004806518555,19.05,73.05000305175781,48.0,34.0,1866.5269775390625,48.0,99.0
2020-07-24,14.334999084472656,19.05,73.05000305175781,48.0,40.0,911.9095458984375,48.0,100.0
2020-07-25,12.269997596740723,19.05,73.05000305175781,48.0,22.0,1150.1168212890625,48.0,100.0
2020-07-26,3.2599997520446777,19.05,73.05000305175781,48.0,19.0,210.7093963623047,48.0,100.0
2020-07-27,9.935001373291016,19.05,73.05000305175781,48.0,20.0,801.8662719726562,48.0,99.0
2020-07-28,15.219999313354492,19.05,73.05000305175781,48.0,35.0,1200.8995361328125,48.0,100.0
2020-07-29,13.200000762939453,19.05,73.05000305175781,48.0,30.0,993.7412109375,48.0,100.0
2020-07-30,7.324999809265137,19.05,73.05000305175781,48.0,28.0,479.4913635253906,48.0,100.0
2020-07-31,4.144999980926514,19.05,73.05000305175781,48.0,21.0,241.19151306152344,48.0,100.0
2020-08-01,1.8149998188018799,19.05,73.05000305175781,48.0,18.0,68.32621765136719,48.0,100.0
2020-08-02,2.5950000286102295,19.05,73.05000305175781,48.0,17.0,151.55859375,48.0,100.0
2020-08-03,35.13500213623047,19.05,73.05000305175781,48.0,36.0,4603.5390625,48.0,99.0
2020-08-04,111.9649658203125,19.05,73.05000305175781,48.0,35.0,24949.455078125,48.0,100.0
2020-08-05,88.06500244140625,19.05,73.05000305175781,48.0,40.0,12437.7578125,48.0,100.0
2020-08-06,8.265000343322754,19.05,73.05000305175781,48.0,29.0,494.2294921875,48.0,99.0
2020-08-07,1.2699999809265137,19.05,73.05000305175781,48.0,12.0,56.35154342651367,48.0,100.0
2020-08-08,0.9300000071525574,19.05,73.05000305175781,48.0,15.0,36.610694885253906,48.0,100.0
2020-08-09,5.804999351501465,19.05,73.05000305175781,48.0,21.0,612.9169311523438,48.0,100.0
2020-08-10,13.199996948242188,19.05,73.05000305175781,48.0,37.0,960.9929809570312,48.0,100.0
2020-08-11,21.990001678466797,19.05,73.05000305175781,48.0,48.0,1525.6903076171875,48.0,99.0
2020-08-12,55.97999572753906,19.05,73.05000305175781,48.0,48.0,5578.7900390625,48.0,100.0
2020-08-13,83.76500701904297,19.05,73.05000305175781,48.0,48.0,11198.025390625,48.0,99.0
2020-08-14,104.19499206542969,19.05,73.05000305175781,48.0,47.0,16061.005859375,48.0,100.0
2020-08-15,51.15999984741211,19.05,73.05000305175781,48.0,40.0,6877.5185546875,48.0,100.0
2020-08-16,29.17500114440918,19.05,73.05000305175781,48.0,48.0,2309.307373046875,48.0,99.0
2020-08-17,31.990005493164062,19.05,73.05000305175781,48.0,47.0,2629.189453125,48.0,99.0
2020-08-18,18.559995651245117,19.05,73.05000305175781,48.0,43.0,1296.6226806640625,48.0,100.0
2020-08-19,6.969999313354492,19.05,73.05000305175781,48.0,31.0,504.85028076171875,48.0,100.0
2020-08-20,45.20500183105469,19.05,73.05000305175781,48.0,48.0,4173.17529296875,48.0,99.0
2020-08-21,50.22499465942383,19.05,73.05000305175781,48.0,48.0,5011.0263671875,48.0,100.0
2020-08-22,5.994999885559082,19.05,73.05000305175781,48.0,34.0,310.29913330078125,48.0,100.0
2020-08-23,9.450000762939453,19.05,73.05000305175781,48.0,14.0,1172.234130859375,48.0,99.0
2020-08-24,0.0,19.05,73.05000305175781,48.0,0.0,2.764800786972046,48.0,100.0
2020-08-25,0.0,19.05,73.05000305175781,48.0,0.0,2.764800786972046,48.0,100.0
2020-08-26,2.2699997425079346,19.05,73.05000305175781,48.0,13.0,159.151123046875,48.0,100.0
2020-08-27,2.625,19.05,73.05000305175781,48.0,23.0,114.55619049072266,48.0,100.0
2020-08-28,125.09999084472656,19.05,73.05000305175781,48.0,48.0,19268.828125,48.0,100.0
2020-08-29,80.39999389648438,19.05,73.05000305175781,48.0,48.0,9299.630859375,48.0,100.0
2020-08-30,21.395000457763672,19.05,73.05000305175781,48.0,39.0,2000.8826904296875,48.0,100.0
2020-08-31,0.0,19.05,73.05000305175781,48.0,0.0,2.764800786972046,48.0,100.0
2020-09-01,0.0,19.05,73.05000305175781,48.0,0.0,2.764800786972046,48.0,100.0
2020-09-02,1.1200000047683716,19.05,73.05000305175781,48.0,4.0,61.744266510009766,48.0,100.0
2020-09-03,5.225000858306885,19.05,73.05000305175781,48.0,12.0,526.248291015625,48.0,99.0
2020-09-04,0.8250000476837158,19.05,73.05000305175781,48.0,7.0,34.324493408203125,48.0,100.0
2020-09-05,4.369999885559082,19.05,73.05000305175781,48.0,12.0,333.9658508300781,48.0,100.0
2020-09-06,10.84000015258789,19.05,73.05000305175781,48.0,20.0,914.7275390625,48.0,100.0
2020-09-07,19.014999389648438,19.05,73.05000305175781,48.0,28.0,1872.2525634765625,48.0,100.0
2020-09-08,1.559999942779541,19.05,73.05000305175781,48.0,13.0,69.42170715332031,48.0,100.0
2020-09-09,23.5049991607666,19.05,73.05000305175781,48.0,25.0,3018.62744140625,48.0,100.0
2020-09-10,14.224998474121094,19.05,73.05000305175781,48.0,36.0,1117.7098388671875,48.0,100.0
2020-09-11,43.659996032714844,19.05,73.05000305175781,48.0,35.0,5064.5947265625,48.0,100.0
2020-09-12,4.244999408721924,19.05,73.05000305175781,48.0,17.0,240.80738830566406,48.0,100.0
2020-09-13,2.3499996662139893,19.05,73.05000305175781,48.0,20.0,93.28129577636719,48.0,100.0
2020-09-14,4.600000381469727,19.05,73.05000305175781,48.0,29.0,192.76422119140625,48.0,99.0
2020-09-15,12.279999732971191,19.05,73.05000305175781,48.0,32.0,845.2279052734375,48.0,100.0
2020-09-16,5.735000133514404,19.05,73.05000305175781,48.0,29.0,274.9658203125,48.0,100.0
2020-09-17,12.139997482299805,19.05,73.05000305175781,48.0,37.0,717.4032592773438,48.0,100.0
2020-09-18,10.470000267028809,19.05,73.05000305175781,48.0,30.0,738.5997314453125,48.0,100.0
2020-09-19,9.645001411437988,19.05,73.05000305175781,48.0,28.0,534.4209594726562,48.0,99.0
2020-09-20,2.5749998092651367,19.05,73.05000305175781,48.0,15.0,114.9328384399414,48.0,100.0
2020-09-21,26.24500274658203,19.05,73.05000305175781,48.0,21.0,3636.6611328125,48.0,100.0
2020-09-22,74.39500427246094,19.05,73.05000305175781,48.0,42.0,10780.5322265625,48.0,99.0
2020-09-23,42.34000015258789,19.05,73.05000305175781,48.0,34.0,4667.298828125,48.0,100.0
2020-09-24,2.885000228881836,19.05,73.05000305175781,48.0,20.0,114.68440246582031,48.0,99.0
2020-09-25,2.359999895095825,19.05,73.05000305175781,48.0,20.0,96.1174087524414,48.0,100.0
2020-09-26,0.06499999761581421,19.05,73.05000305175781,48.0,1.0,4.556800842285156,48.0,100.0
2020-09-27,0.07499999552965164,19.05,73.05000305175781,48.0,1.0,4.957200527191162,48.0,100.0
2020-09-28,0.0,19.05,73.05000305175781,48.0,0.0,2.764800786972046,48.0,100.0
2020-09-29,0.0,19.05,73.05000305175781,48.0,0.0,2.764800786972046,48.0,100.0
2020-09-30,0.0,19.05,73.05000305175781,48.0,0.0,2.764800786972046,48.0,100.0
2020-10-01,0.0,19.05,73.05000305175781,48.0,0.0,2.764800786972046,48.0,100.0
2020-10-02,0.0,19.05,73.05000305175781,48.0,0.0,2.764800786972046,48.0,100.0
2020-10-03,17.920000076293945,19.05,73.05000305175781,48.0,24.0,1785.0963134765625,48.0,100.0
2020-10-04,1.4800000190734863,19.05,73.05000305175781,48.0,7.0,68.67073822021484,48.0,100.0
2020-10-05,0.6050000190734863,19.05,73.05000305175781,48.0,3.0,28.050098419189453,48.0,100.0
2020-10-06,0.0,19.05,73.05000305175781,48.0,0.0,2.764800786972046,48.0,100.0
2020-10-07,0.6049999594688416,19.05,73.05000305175781,48.0,7.0,22.009798049926758,48.0,100.0
2020-10-08,0.11499999463558197,19.05,73.05000305175781,48.0,1.0,6.62760066986084,48.0,100.0
2020-10-09,1.3199999332427979,19.05,73.05000305175781,48.0,6.0,86.7560043334961,48.0,100.0
2020-10-10,20.255001068115234,19.05,73.05000305175781,48.0,27.0,2031.426025390625,48.0,99.0
2020-10-11,8.885000228881836,19.05,73.05000305175781,48.0,32.0,538.74072265625,48.0,100.0
2020-10-12,3.3249998092651367,19.05,73.05000305175781,48.0,12.0,187.82907104492188,48.0,100.0
2020-10-13,13.07499885559082,19.05,73.05000305175781,48.0,16.0,1481.9984130859375,48.0,100.0
2020-10-14,95.06001281738281,19.05,73.05000305175781,48.0,30.0,15638.294921875,48.0,99.0
2020-10-15,19.049999237060547,19.05,73.05000305175781,48.0,25.0,1850.814208984375,48.0,100.0
2020-10-16,2.0950000286102295,19.05,73.05000305175781,48.0,16.0,80.28935241699219,48.0,100.0
2020-10-17,0.125,19.05,73.05000305175781,48.0,1.0,7.159299850463867,48.0,100.0
2020-10-18,0.07499999552965164,19.05,73.05000305175781,48.0,2.0,4.673800468444824,48.0,100.0
2020-10-19,1.2400000095367432,19.05,73.05000305175781,48.0,9.0,53.486671447753906,48.0,100.0
2020-10-20,0.7749999761581421,19.05,73.05000305175781,48.0,6.0,30.728199005126953,48.0,100.0
2020-10-21,5.09499979019165,19.05,73.05000305175781,48.0,8.0,396.5310363769531,48.0,100.0
2020-10-22,18.720001220703125,19.05,73.05000305175781,48.0,14.0,2323.991943359375,48.0,99.0
2020-10-23,0.0,19.05,73.05000305175781,48.0,0.0,2.764800786972046,48.0,100.0
2020-10-24,0.0,19.05,73.05000305175781,48.0,0.0,2.764800786972046,48.0,100.0
2020-10-25,0.0,19.05,73.05000305175781,48.0,0.0,2.764800786972046,48.0,100.0
2020-10-26,0.0,19.05,73.05000305175781,48.0,0.0,2.764800786972046,48.0,100.0
2020-10-27,0.0,19.05,73.05000305175781,48.0,0.0,2.764800786972046,48.0,100.0
2020-10-28,0.0,19.05,73.05000305175781,48.0,0.0,2.764800786972046,48.0,100.0
2020-10-29,0.0,19.05,73.05000305175781,48.0,0.0,2.764800786972046,48.0,100.0
2020-10-30,0.0,19.05,73.05000305175781,48.0,0.0,2.764800786972046,48.0,100.0
2020-10-31,0.0,19.05,73.05000305175781,48.0,0.0,2.764800786972046,48.0,100.0
2020-11-01,0.0,19.05,73.05000305175781,48.0,0.0,2.764800786972046,48.0,100.0
2020-11-02,0.0,19.05,73.05000305175781,48.0,0.0,2.764800786972046,48.0,100.0
2020-11-03,0.0,19.05,73.05000305175781,48.0,0.0,2.764800786972046,48.0,100.0
2020-11-04,0.0,19.05,73.05000305175781,48.0,0.0,2.764800786972046,48.0,100.0
2020-11-05,0.0,19.05,73.05000305175781,48.0,0.0,2.764800786972046,48.0,100.0
2020-11-06,0.0,19.05,73.05000305175781,48.0,0.0,2.764800786972046,48.0,100.0
2020-11-07,0.0,19.05,73.05000305175781,48.0,0.0,2.764800786972046,48.0,100.0
2020-11-08,0.0,19.05,73.05000305175781,48.0,0.0,2.764800786972046,48.0,100.0
2020-11-09,0.0,19.05,73.05000305175781,48.0,0.0,2.764800786972046,48.0,100.0
2020-11-10,0.0,19.05,73.05000305175781,48.0,0.0,2.764800786972046,48.0,100.0
2020-11-11,0.0,19.05,73.05000305175781,48.0,0.0,2.764800786972046,48.0,100.0
2020-11-12,0.0,19.05,73.05000305175781,48.0,0.0,2.764800786972046,48.0,100.0
2020-11-13,0.0,19.05,73.05000305175781,48.0,0.0,2.764800786972046,48.0,100.0
2020-11-14,0.0,19.05,73.05000305175781,48.0,0.0,2.764800786972046,48.0,100.0
2020-11-15,0.0,19.05,73.05000305175781,48.0,0.0,2.764800786972046,48.0,100.0
2020-11-16,0.0,19.05,73.05000305175781,48.0,0.0,2.764800786972046,48.0,100.0
2020-11-17,0.0,19.05,73.05000305175781,48.0,0.0,2.764800786972046,48.0,100.0
2020-11-18,0.16999998688697815,19.05,73.05000305175781,48.0,3.0,8.134600639343262,48.0,100.0
2020-11-19,0.0,19.05,73.05000305175781,48.0,0.0,2.764800786972046,48.0,100.0
2020-11-20,0.0,19.05,73.05000305175781,48.0,0.0,2.764800786972046,48.0,100.0
2020-11-21,0.0,19.05,73.05000305175781,48.0,0.0,2.764800786972046,48.0,100.0
2020-11-22,0.0,19.05,73.05000305175781,48.0,0.0,2.764800786972046,48.0,100.0
2020-11-23,0.0,19.05,73.05000305175781,48.0,0.0,2.764800786972046,48.0,100.0
2020-11-24,0.0,19.05,73.05000305175781,48.0,0.0,2.764800786972046,48.0,100.0
2020-11-25,0.0,19.05,73.05000305175781,48.0,0.0,2.764800786972046,48.0,100.0
2020-11-26,0.0,19.05,73.05000305175781,48.0,0.0,2.764800786972046,48.0,100.0
2020-11-27,0.0,19.05,73.05000305175781,48.0,0.0,2.764800786972046,48.0,100.0
2020-11-28,0.0,19.05,73.05000305175781,48.0,0.0,2.764800786972046,48.0,100.0
2020-11-29,0.0,19.05,73.05000305175781,48.0,0.0,2.764800786972046,48.0,100.0
2020-11-30,0.0,19.05,73.05000305175781,48.0,0.0,2.764800786972046,48.0,100.0
2020-12-01,0.0,19.05,73.05000305175781,48.0,0.0,2.764800786972046,48.0,100.0
2020-12-02,0.0,19.05,73.05000305175781,48.0,0.0,2.764800786972046,48.0,100.0
2020-12-03,0.0,19.05,73.05000305175781,48.0,0.0,2.764800786972046,48.0,100.0
2020-12-04,0.0,19.05,73.05000305175781,48.0,0.0,2.764800786972046,48.0,100.0
2020-12-05,0.0,19.05,73.05000305175781,48.0,0.0,2.764800786972046,48.0,100.0
2020-12-06,0.0,19.05,73.05000305175781,48.0,0.0,2.764800786972046,48.0,100.0
2020-12-07,0.0,19.05,73.05000305175781,48.0,0.0,2.764800786972046,48.0,100.0
2020-12-08,0.7299999594688416,19.05,73.05000305175781,48.0,1.0,55.26968002319336,48.0,99.0
2020-12-09,0.02499999850988388,19.05,73.05000305175781,48.0,2.0,3.2681007385253906,48.0,100.0
2020-12-10,0.009999999776482582,19.05,73.05000305175781,48.0,1.0,2.98810076713562,48.0,100.0
2020-12-11,5.659999847412109,19.05,73.05000305175781,48.0,14.0,337.947509765625,48.0,100.0
2020-12-12,0.044999998062849045,19.05,73.05000305175781,48.0,5.0,3.802400588989258,48.0,100.0
2020-12-13,0.014999999664723873,19.05,73.05000305175781,48.0,1.0,3.149400472640991,48.0,100.0
2020-12-14,1.8349997997283936,19.05,73.05000305175781,48.0,8.0,97.51226806640625,48.0,100.0
2020-12-15,0.0,19.05,73.05000305175781,48.0,0.0,2.764800786972046,48.0,100.0
2020-12-16,0.0,19.05,73.05000305175781,48.0,0.0,2.764800786972046,48.0,100.0
2020-12-17,0.0,19.05,73.05000305175781,48.0,0.0,2.764800786972046,48.0,100.0
2020-12-18,0.0,19.05,73.05000305175781,48.0,0.0,2.764800786972046,48.0,100.0
2020-12-19,0.0,19.05,73.05000305175781,48.0,0.0,2.764800786972046,48.0,100.0
2020-12-20,0.0,19.05,73.05000305175781,48.0,0.0,2.764800786972046,48.0,100.0
2020-12-21,0.0,19.05,73.05000305175781,48.0,0.0,2.764800786972046,48.0,100.0
2020-12-22,0.0,19.05,73.05000305175781,48.0,0.0,2.809600591659546,48.0,100.0
2020-12-23,0.0,19.05,73.05000305175781,48.0,0.0,2.764800786972046,48.0,100.0
2020-12-24,0.0,19.05,73.05000305175781,48.0,0.0,2.764800786972046,48.0,100.0
2020-12-25,0.0,19.05,73.05000305175781,48.0,0.0,2.764800786972046,48.0,100.0
2020-12-26,0.0,19.05,73.05000305175781,48.0,0.0,2.764800786972046,48.0,100.0
2020-12-27,0.0,19.05,73.05000305175781,48.0,0.0,2.764800786972046,48.0,100.0
2020-12-28,0.0,19.05,73.05000305175781,48.0,0.0,2.764800786972046,48.0,100.0
2020-12-29,0.0,19.05,73.05000305175781,48.0,0.0,2.764800786972046,48.0,100.0
2020-12-30,0.0,19.05,73.05000305175781,48.0,0.0,2.764800786972046,48.0,100.0
2020-12-31,0.0,19.05,73.05000305175781,48.0,0.0,2.764800786972046,48.0,100.0
2021-01-01,0.0,19.05,73.05000305175781,48.0,0.0,2.764800786972046,48.0,100.0
2021-01-02,0.0,19.05,73.05000305175781,48.0,0.0,2.764800786972046,48.0,100.0
2021-01-03,0.0,19.05,73.05000305175781,48.0,0.0,2.764800786972046,48.0,100.0
2021-01-04,0.0,19.05,73.05000305175781,48.0,0.0,2.764800786972046,48.0,100.0
2021-01-05,0.0,19.05,73.05000305175781,48.0,0.0,2.764800786972046,48.0,100.0
2021-01-06,0.0,19.05,73.05000305175781,48.0,0.0,2.764800786972046,48.0,100.0
2021-01-07,0.7199999690055847,19.05,73.05000305175781,48.0,1.0,53.829681396484375,48.0,100.0
2021-01-08,1.6549999713897705,19.05,73.05000305175781,48.0,2.0,152.9658660888672,48.0,100.0
2021-01-09,0.0,19.05,73.05000305175781,48.0,0.0,2.764800786972046,48.0,100.0
2021-01-10,0.0,19.05,73.05000305175781,48.0,0.0,2.764800786972046,48.0,100.0
2021-01-11,0.0,19.05,73.05000305175781,48.0,0.0,2.764800786972046,48.0,100.0
2021-01-12,0.0,19.05,73.05000305175781,48.0,0.0,2.764800786972046,48.0,100.0
2021-01-13,0.0,19.05,73.05000305175781,48.0,0.0,2.764800786972046,48.0,100.0
2021-01-14,0.0,19.05,73.05000305175781,48.0,0.0,2.764800786972046,48.0,100.0
2021-01-15,0.0,19.05,73.05000305175781,48.0,0.0,2.764800786972046,48.0,100.0
2021-01-16,0.0,19.05,73.05000305175781,48.0,0.0,2.764800786972046,48.0,100.0
2021-01-17,0.0,19.05,73.05000305175781,48.0,0.0,2.764800786972046,48.0,100.0
2021-01-18,0.0,19.05,73.05000305175781,48.0,0.0,2.764800786972046,48.0,100.0
2021-01-19,0.0,19.05,73.05000305175781,48.0,0.0,2.764800786972046,48.0,100.0
2021-01-20,0.0,19.05,73.05000305175781,48.0,0.0,2.764800786972046,48.0,100.0
2021-01-21,0.0,19.05,73.05000305175781,48.0,0.0,2.764800786972046,48.0,100.0
2021-01-22,0.0,19.05,73.05000305175781,48.0,0.0,2.764800786972046,48.0,100.0
2021-01-23,0.0,19.05,73.05000305175781,48.0,0.0,2.764800786972046,48.0,100.0
2021-01-24,0.0,19.05,73.05000305175781,48.0,0.0,2.764800786972046,48.0,100.0
2021-01-25,0.0,19.05,73.05000305175781,48.0,0.0,2.764800786972046,48.0,100.0
2021-01-26,0.0,19.05,73.05000305175781,48.0,0.0,2.764800786972046,48.0,100.0
2021-01-27,0.0,19.05,73.05000305175781,48.0,0.0,2.764800786972046,48.0,100.0
2021-01-28,0.0,19.05,73.05000305175781,48.0,0.0,2.764800786972046,48.0,100.0
2021-01-29,0.0,19.05,73.05000305175781,48.0,0.0,2.764800786972046,48.0,100.0
2021-01-30,0.0,19.05,73.05000305175781,48.0,0.0,2.764800786972046,48.0,100.0
2021-01-31,0.0,19.05,73.05000305175781,48.0,0.0,2.764800786972046,48.0,100.0
2021-02-01,0.0,19.05,73.05000305175781,48.0,0.0,2.764800786972046,48.0,100.0
2021-02-02,0.0,19.05,73.05000305175781,48.0,0.0,2.764800786972046,48.0,100.0
2021-02-03,0.0,19.05,73.05000305175781,48.0,0.0,2.764800786972046,48.0,100.0
2021-02-04,0.0,19.05,73.05000305175781,48.0,0.0,2.764800786972046,48.0,100.0
2021-02-05,0.0,19.05,73.05000305175781,48.0,0.0,2.764800786972046,48.0,100.0
2021-02-06,0.0,19.05,73.05000305175781,48.0,0.0,2.764800786972046,48.0,100.0
2021-02-07,0.0,19.05,73.05000305175781,48.0,0.0,2.764800786972046,48.0,100.0
2021-02-08,0.0,19.05,73.05000305175781,48.0,0.0,2.764800786972046,48.0,100.0
2021-02-09,0.0,19.05,73.05000305175781,48.0,0.0,2.764800786972046,48.0,100.0
2021-02-10,0.0,19.05,73.05000305175781,48.0,0.0,2.764800786972046,48.0,100.0
2021-02-11,0.0,19.05,73.05000305175781,48.0,0.0,2.764800786972046,48.0,100.0
2021-02-12,0.0,19.05,73.05000305175781,48.0,0.0,2.764800786972046,48.0,100.0
2021-02-13,0.0,19.05,73.05000305175781,48.0,0.0,2.764800786972046,48.0,100.0
2021-02-14,0.0,19.05,73.05000305175781,48.0,0.0,2.764800786972046,48.0,100.0
2021-02-15,0.0,19.05,73.05000305175781,48.0,0.0,2.764800786972046,48.0,100.0
2021-02-16,0.0,19.05,73.05000305175781,48.0,0.0,2.764800786972046,48.0,100.0
2021-02-17,0.0,19.05,73.05000305175781,48.0,0.0,2.764800786972046,48.0,100.0
2021-02-18,0.8899999856948853,19.05,73.05000305175781,48.0,4.0,53.3294677734375,48.0,100.0
2021-02-19,0.0,19.05,73.05000305175781,48.0,0.0,2.764800786972046,48.0,100.0
2021-02-20,0.0,19.05,73.05000305175781,48.0,0.0,2.764800786972046,48.0,100.0
2021-02-21,0.0,19.05,73.05000305175781,48.0,0.0,2.764800786972046,48.0,100.0
2021-02-22,0.0,19.05,73.05000305175781,48.0,0.0,2.764800786972046,48.0,100.0
2021-02-23,0.0,19.05,73.05000305175781,48.0,0.0,2.764800786972046,48.0,100.0
2021-02-24,0.0,19.05,73.05000305175781,48.0,0.0,2.764800786972046,48.0,100.0
2021-02-25,0.0,19.05,73.05000305175781,48.0,0.0,2.764800786972046,48.0,100.0
2021-02-26,0.0,19.05,73.05000305175781,48.0,0.0,2.764800786972046,48.0,100.0
2021-02-27,0.0,19.05,73.05000305175781,48.0,0.0,2.764800786972046,48.0,100.0
2021-02-28,0.0,19.05,73.05000305175781,48.0,0.0,2.764800786972046,48.0,100.0
2021-03-01,0.0,19.05,73.05000305175781,48.0,0.0,2.764800786972046,48.0,100.0
2021-03-02,0.0,19.05,73.05000305175781,48.0,0.0,2.764800786972046,48.0,100.0
2021-03-03,0.0,19.05,73.05000305175781,48.0,0.0,2.764800786972046,48.0,100.0
2021-03-04,0.0,19.05,73.05000305175781,48.0,0.0,2.764800786972046,48.0,100.0
2021-03-05,0.0,19.05,73.05000305175781,48.0,0.0,2.764800786972046,48.0,100.0
2021-03-06,0.0,19.05,73.05000305175781,48.0,0.0,2.764800786972046,48.0,100.0
2021-03-07,0.0,19.05,73.05000305175781,48.0,0.0,2.764800786972046,48.0,100.0
2021-03-08,0.0,19.05,73.05000305175781,48.0,0.0,2.764800786972046,48.0,100.0
2021-03-09,0.0,19.05,73.05000305175781,48.0,0.0,2.764800786972046,48.0,100.0
2021-03-10,0.0,19.05,73.05000305175781,48.0,0.0,2.764800786972046,48.0,100.0
2021-03-11,0.0,19.05,73.05000305175781,48.0,0.0,2.764800786972046,48.0,100.0
2021-03-12,0.0,19.05,73.05000305175781,48.0,0.0,2.764800786972046,48.0,100.0
2021-03-13,0.0,19.05,73.05000305175781,48.0,0.0,2.764800786972046,48.0,100.0
2021-03-14,0.0,19.05,73.05000305175781,48.0,0.0,2.764800786972046,48.0,100.0
2021-03-15,0.0,19.05,73.05000305175781,48.0,0.0,2.764800786972046,48.0,100.0
2021-03-16,0.0,19.05,73.05000305175781,48.0,0.0,2.764800786972046,48.0,100.0
2021-03-17,0.0,19.05,73.05000305175781,48.0,0.0,2.764800786972046,48.0,100.0
2021-03-18,0.0,19.05,73.05000305175781,48.0,0.0,2.764800786972046,48.0,100.0
2021-03-19,0.0,19.05,73.05000305175781,48.0,0.0,2.764800786972046,48.0,100.0
2021-03-20,0.0,19.05,73.05000305175781,48.0,0.0,2.764800786972046,48.0,100.0
2021-03-21,0.0,19.05,73.05000305175781,48.0,0.0,2.764800786972046,48.0,100.0
2021-03-22,0.0,19.05,73.05000305175781,48.0,0.0,2.764800786972046,48.0,100.0
2021-03-23,0.0,19.05,73.05000305175781,48.0,0.0,2.764800786972046,48.0,100.0
2021-03-24,0.0,19.05,73.05000305175781,48.0,0.0,2.764800786972046,48.0,100.0
2021-03-25,0.0,19.05,73.05000305175781,48.0,0.0,2.764800786972046,48.0,100.0
2021-03-26,0.0,19.05,73.05000305175781,48.0,0.0,2.764800786972046,48.0,100.0
2021-03-27,0.0,19.05,73.05000305175781,48.0,0.0,2.764800786972046,48.0,100.0
2021-03-28,0.0,19.05,73.05000305175781,48.0,0.0,2.764800786972046,48.0,100.0
2021-03-29,0.0,19.05,73.05000305175781,48.0,0.0,2.764800786972046,48.0,100.0
2021-03-30,0.0,19.05,73.05000305175781,48.0,0.0,2.764800786972046,48.0,100.0
2021-03-31,0.0,19.05,73.05000305175781,48.0,0.0,2.764800786972046,48.0,100.0
2021-04-01,0.0,19.05,73.05000305175781,48.0,0.0,2.764800786972046,48.0,100.0
2021-04-02,0.0,19.05,73.05000305175781,48.0,0.0,2.764800786972046,48.0,100.0
2021-04-03,0.0,19.05,73.05000305175781,48.0,0.0,2.764800786972046,48.0,100.0
2021-04-04,0.0,19.05,73.05000305175781,48.0,0.0,2.764800786972046,48.0,100.0
2021-04-05,0.0,19.05,73.05000305175781,48.0,0.0,2.764800786972046,48.0,100.0
2021-04-06,0.0,19.05,73.05000305175781,48.0,0.0,2.764800786972046,48.0,100.0
2021-04-07,0.0,19.05,73.05000305175781,48.0,0.0,2.764800786972046,48.0,100.0
2021-04-08,0.0,19.05,73.05000305175781,48.0,0.0,2.764800786972046,48.0,100.0
2021-04-09,0.0,19.05,73.05000305175781,48.0,0.0,2.764800786972046,48.0,100.0
2021-04-10,0.0,19.05,73.05000305175781,48.0,0.0,2.764800786972046,48.0,100.0
2021-04-11,0.0,19.05,73.05000305175781,48.0,0.0,2.764800786972046,48.0,100.0
2021-04-12,0.05999999865889549,19.05,73.05000305175781,48.0,2.0,4.198400497436523,48.0,100.0
2021-04-13,0.0,19.05,73.05000305175781,48.0,0.0,2.764800786972046,48.0,100.0
2021-04-14,0.0,19.05,73.05000305175781,48.0,0.0,2.764800786972046,48.0,100.0
2021-04-15,0.0,19.05,73.05000305175781,48.0,0.0,2.764800786972046,48.0,100.0
2021-04-16,0.0,19.05,73.05000305175781,48.0,0.0,2.764800786972046,48.0,100.0
2021-04-17,0.0,19.05,73.05000305175781,48.0,0.0,2.764800786972046,48.0,100.0
2021-04-18,0.0,19.05,73.05000305175781,48.0,0.0,2.764800786972046,48.0,100.0
2021-04-19,0.0,19.05,73.05000305175781,48.0,0.0,2.764800786972046,48.0,100.0
2021-04-20,0.0,19.05,73.05000305175781,48.0,0.0,2.764800786972046,48.0,100.0
2021-04-21,0.014999999664723873,19.05,73.05000305175781,48.0,2.0,3.077800750732422,48.0,100.0
2021-04-22,0.0,19.05,73.05000305175781,48.0,0.0,2.764800786972046,48.0,100.0
2021-04-23,0.6499999761581421,19.05,73.05000305175781,48.0,1.0,47.1207389831543,48.0,100.0
2021-04-24,0.0,19.05,73.05000305175781,48.0,0.0,2.764800786972046,48.0,100.0
2021-04-25,0.0,19.05,73.05000305175781,48.0,0.0,2.764800786972046,48.0,100.0
2021-04-26,0.0,19.05,73.05000305175781,48.0,0.0,2.764800786972046,48.0,100.0
2021-04-27,0.0,19.05,73.05000305175781,48.0,0.0,2.764800786972046,48.0,100.0
2021-04-28,0.0,19.05,73.05000305175781,48.0,0.0,2.764800786972046,48.0,100.0
2021-04-29,0.0,19.05,73.05000305175781,48.0,0.0,2.764800786972046,48.0,100.0
2021-04-30,0.0,19.05,73.05000305175781,48.0,0.0,2.764800786972046,48.0,100.0
2021-05-01,0.004999999888241291,19.05,73.05000305175781,48.0,1.0,2.8368008136749268,48.0,100.0
2021-05-02,0.0,19.05,73.05000305175781,48.0,0.0,2.764800786972046,48.0,100.0
2021-05-03,0.0,19.05,73.05000305175781,48.0,0.0,2.764800786972046,48.0,100.0
2021-05-04,0.0,19.05,73.05000305175781,48.0,0.0,2.764800786972046,48.0,100.0
2021-05-05,0.0,19.05,73.05000305175781,48.0,0.0,2.764800786972046,48.0,100.0
2021-05-06,0.0,19.05,73.05000305175781,48.0,0.0,2.764800786972046,48.0,100.0
2021-05-07,0.0,19.05,73.05000305175781,48.0,0.0,2.764800786972046,48.0,100.0
2021-05-08,0.0,19.05,73.05000305175781,48.0,0.0,2.764800786972046,48.0,100.0
2021-05-09,0.0,19.05,73.05000305175781,48.0,0.0,2.764800786972046,48.0,100.0
2021-05-10,0.0,19.05,73.05000305175781,48.0,0.0,2.764800786972046,48.0,100.0
2021-05-11,0.0,19.05,73.05000305175781,48.0,0.0,2.764800786972046,48.0,100.0
2021-05-12,0.0,19.05,73.05000305175781,48.0,0.0,2.764800786972046,48.0,100.0
2021-05-13,0.0,19.05,73.05000305175781,48.0,0.0,2.764800786972046,48.0,100.0
2021-05-14,2.055000066757202,19.05,73.05000305175781,48.0,8.0,111.69819641113281,48.0,100.0
2021-05-15,8.519999504089355,19.05,73.05000305175781,48.0,24.0,609.8936157226562,48.0,100.0
2021-05-16,35.80000305175781,19.05,73.05000305175781,48.0,45.0,3174.62890625,48.0,99.0
2021-05-17,97.96000671386719,19.05,73.05000305175781,48.0,48.0,12380.0888671875,48.0,99.0
2021-05-18,12.585002899169922,19.05,73.05000305175781,48.0,28.0,947.7081298828125,48.0,99.0
2021-05-19,0.14999999105930328,19.05,73.05000305175781,48.0,3.0,6.709400653839111,48.0,100.0
2021-05-20,0.0,19.05,73.05000305175781,48.0,0.0,2.764800786972046,48.0,100.0
2021-05-21,0.0,19.05,73.05000305175781,48.0,0.0,2.764800786972046,48.0,100.0
2021-05-22,0.0,19.05,73.05000305175781,48.0,0.0,2.764800786972046,48.0,100.0
2021-05-23,0.12999999523162842,19.05,73.05000305175781,48.0,3.0,6.2649006843566895,48.0,100.0
2021-05-24,0.0,19.05,73.05000305175781,48.0,0.0,2.764800786972046,48.0,100.0
2021-05-25,0.0,19.05,73.05000305175781,48.0,0.0,2.764800786972046,48.0,100.0
2021-05-26,0.0,19.05,73.05000305175781,48.0,0.0,2.764800786972046,48.0,100.0
2021-05-27,0.0,19.05,73.05000305175781,48.0,0.0,2.764800786972046,48.0,100.0
2021-05-28,0.0,19.05,73.05000305175781,48.0,0.0,2.764800786972046,48.0,100.0
2021-05-29,0.9750000238418579,19.05,73.05000305175781,48.0,5.0,51.758670806884766,48.0,100.0
2021-05-30,9.845001220703125,19.05,73.05000305175781,48.0,13.0,905.7262573242188,48.0,99.0
2021-05-31,10.125,19.05,73.05000305175781,48.0,25.0,981.25830078125,48.0,100.0
2021-06-01,18.42999839782715,19.05,73.05000305175781,48.0,18.0,2042.904052734375,48.0,100.0
2021-06-02,5.215000152587891,19.05,73.05000305175781,48.0,14.0,388.35888671875,48.0,100.0
2021-06-03,0.0,19.05,73.05000305175781,48.0,0.0,2.764800786972046,48.0,100.0
2021-06-04,0.8350000381469727,19.05,73.05000305175781,48.0,5.0,44.18544006347656,48.0,100.0
2021-06-05,43.03499984741211,19.05,73.05000305175781,48.0,23.0,6035.92529296875,48.0,100.0
2021-06-06,6.255000114440918,19.05,73.05000305175781,48.0,12.0,494.279052734375,48.0,100.0
2021-06-07,1.2949999570846558,19.05,73.05000305175781,48.0,9.0,50.754024505615234,48.0,100.0
2021-06-08,24.049999237060547,19.05,73.05000305175781,48.0,23.0,2796.94677734375,48.0,100.0
2021-06-09,121.20498657226562,19.05,73.05000305175781,48.0,45.0,19962.830078125,48.0,100.0
2021-06-10,28.84000015258789,19.05,73.05000305175781,48.0,34.0,2644.09619140625,48.0,100.0
2021-06-11,39.939998626708984,19.05,73.05000305175781,48.0,35.0,4413.017578125,48.0,100.0
2021-06-12,42.660003662109375,19.05,73.05000305175781,48.0,16.0,6709.359375,48.0,99.0
2021-06-13,0.0,19.05,73.05000305175781,48.0,0.0,2.764800786972046,48.0,100.0
2021-06-14,0.0,19.05,73.05000305175781,48.0,0.0,2.764800786972046,48.0,100.0
2021-06-15,9.220000267028809,19.05,73.05000305175781,48.0,10.0,1048.1588134765625,48.0,100.0
2021-06-16,11.374999046325684,19.05,73.05000305175781,48.0,17.0,1259.6639404296875,48.0,100.0
2021-06-17,55.86499786376953,19.05,73.05000305175781,48.0,46.0,6424.84765625,48.0,100.0
2021-06-18,10.209999084472656,19.05,73.05000305175781,48.0,28.0,755.1832275390625,48.0,100.0
2021-06-19,3.6349997520446777,19.05,73.05000305175781,48.0,12.0,225.82122802734375,48.0,100.0
2021-06-20,0.0,19.05,73.05000305175781,48.0,0.0,2.764800786972046,48.0,100.0
2021-06-21,0.0,19.05,73.05000305175781,48.0,0.0,2.764800786972046,48.0,100.0
2021-06-22,0.14999999105930328,19.05,73.05000305175781,48.0,1.0,8.276800155639648,48.0,100.0
2021-06-23,12.55999755859375,19.05,73.05000305175781,48.0,22.0,909.2014770507812,48.0,100.0
2021-06-24,15.34000015258789,19.05,73.05000305175781,48.0,24.0,1299.7532958984375,48.0,100.0
2021-06-25,25.754993438720703,19.05,73.05000305175781,48.0,35.0,2134.4921875,48.0,100.0
2021-06-26,0.32499998807907104,19.05,73.05000305175781,48.0,2.0,15.002500534057617,48.0,100.0
2021-06-27,29.380001068115234,19.05,73.05000305175781,48.0,36.0,2800.234619140625,48.0,99.0
2021-06-28,8.334999084472656,19.05,73.05000305175781,48.0,32.0,454.80224609375,48.0,100.0
2021-06-29,14.489997863769531,19.05,73.05000305175781,48.0,23.0,1398.4193115234375,48.0,100.0
2021-06-30,0.10500000417232513,19.05,73.05000305175781,48.0,3.0,5.586201190948486,48.0,100.0
2021-07-01,0.5899999737739563,19.05,73.05000305175781,48.0,3.0,31.336999893188477,48.0,100.0
2021-07-02,1.3599998950958252,19.05,73.05000305175781,48.0,10.0,61.69947052001953,48.0,100.0
2021-07-03,0.0,19.05,73.05000305175781,48.0,0.0,2.764800786972046,48.0,100.0
2021-07-04,0.0,19.05,73.05000305175781,48.0,0.0,2.764800786972046,48.0,100.0
2021-07-05,0.0,19.05,73.05000305175781,48.0,0.0,2.764800786972046,48.0,100.0
2021-07-06,0.14000000059604645,19.05,73.05000305175781,48.0,2.0,7.356200695037842,48.0,100.0
2021-07-07,4.490000247955322,19.05,73.05000305175781,48.0,10.0,379.1004333496094,48.0,99.0
2021-07-08,40.285003662109375,19.05,73.05000305175781,48.0,47.0,3909.62548828125,48.0,99.0
2021-07-09,9.794999122619629,19.05,73.05000305175781,48.0,27.0,614.5476684570312,48.0,100.0
2021-07-10,7.615000247955322,19.05,73.05000305175781,48.0,19.0,472.8384094238281,48.0,100.0
2021-07-11,20.22500228881836,19.05,73.05000305175781,48.0,21.0,2188.418212890625,48.0,99.0
2021-07-12,55.68000793457031,19.05,73.05000305175781,48.0,36.0,6522.22998046875,48.0,99.0
2021-07-13,46.04499816894531,19.05,73.05000305175781,48.0,38.0,6230.0830078125,48.0,100.0
2021-07-14,38.07999801635742,19.05,73.05000305175781,48.0,35.0,4363.24755859375,48.0,100.0
2021-07-15,11.694997787475586,19.05,73.05000305175781,48.0,26.0,777.681396484375,48.0,100.0
2021-07-16,14.149998664855957,19.05,73.05000305175781,48.0,26.0,1022.3251953125,48.0,100.0
2021-07-17,149.99000549316406,19.05,73.05000305175781,48.0,30.0,35472.203125,48.0,100.0
2021-07-18,79.02998352050781,19.05,73.05000305175781,48.0,40.0,11164.8759765625,48.0,100.0
2021-07-19,95.67498016357422,19.05,73.05000305175781,48.0,48.0,12396.0419921875,48.0,100.0
2021-07-20,69.26998901367188,19.05,73.05000305175781,48.0,48.0,8273.83984375,48.0,100.0
2021-07-21,202.06500244140625,19.05,73.05000305175781,48.0,46.0,40639.09765625,48.0,99.0
2021-07-22,35.670005798339844,19.05,73.05000305175781,48.0,40.0,3624.31103515625,48.0,99.0
2021-07-23,18.314998626708984,19.05,73.05000305175781,48.0,32.0,1519.38427734375,48.0,100.0
2021-07-24,3.0299997329711914,19.05,73.05000305175781,48.0,10.0,173.12286376953125,48.0,100.0
2021-07-25,18.345003128051758,19.05,73.05000305175781,48.0,24.0,2155.639892578125,48.0,99.0
2021-07-26,0.009999999776482582,19.05,73.05000305175781,48.0,1.0,2.928100824356079,48.0,100.0
2021-07-27,3.320000171661377,19.05,73.05000305175781,48.0,16.0,188.273193359375,48.0,100.0
2021-07-28,8.424999237060547,19.05,73.05000305175781,48.0,26.0,669.5003051757812,48.0,100.0
2021-07-29,10.154999732971191,19.05,73.05000305175781,48.0,38.0,581.30029296875,48.0,100.0
2021-07-30,6.625,19.05,73.05000305175781,48.0,25.0,373.38885498046875,48.0,100.0
2021-07-31,3.505000114440918,19.05,73.05000305175781,48.0,10.0,310.7727966308594,48.0,100.0
2021-08-01,1.7000000476837158,19.05,73.05000305175781,48.0,3.0,178.5885772705078,48.0,100.0
2021-08-02,9.904998779296875,19.05,73.05000305175781,48.0,11.0,1031.334716796875,48.0,100.0
2021-08-03,0.8350000381469727,19.05,73.05000305175781,48.0,6.0,53.6547737121582,48.0,100.0
2021-08-04,0.009999999776482582,19.05,73.05000305175781,48.0,1.0,2.957200765609741,48.0,100.0
2021-08-05,0.0,19.05,73.05000305175781,48.0,0.0,2.764800786972046,48.0,100.0
2021-08-06,0.0,19.05,73.05000305175781,48.0,0.0,2.764800786972046,48.0,100.0
2021-08-07,0.0,19.05,73.05000305175781,48.0,0.0,2.764800786972046,48.0,100.0
2021-08-08,0.0,19.05,73.05000305175781,48.0,0.0,2.764800786972046,48.0,100.0
2021-08-09,0.0,19.05,73.05000305175781,48.0,0.0,2.764800786972046,48.0,100.0
2021-08-10,1.9299999475479126,19.05,73.05000305175781,48.0,11.0,113.2038803100586,48.0,100.0
2021-08-11,0.42500001192092896,19.05,73.05000305175781,48.0,8.0,17.13759994506836,48.0,100.0
2021-08-12,0.7999999523162842,19.05,73.05000305175781,48.0,3.0,39.79574203491211,48.0,100.0
2021-08-13,0.0,19.05,73.05000305175781,48.0,0.0,2.764800786972046,48.0,100.0
2021-08-14,1.0399999618530273,19.05,73.05000305175781,48.0,10.0,40.76709747314453,48.0,100.0
2021-08-15,1.5199997425079346,19.05,73.05000305175781,48.0,12.0,64.00536346435547,48.0,100.0
2021-08-16,4.154999732971191,19.05,73.05000305175781,48.0,26.0,292.64996337890625,48.0,100.0
2021-08-17,18.48499870300293,19.05,73.05000305175781,48.0,33.0,1571.7342529296875,48.0,100.0
2021-08-18,63.39499282836914,19.05,73.05000305175781,48.0,44.0,7731.59912109375,48.0,100.0
2021-08-19,53.030006408691406,19.05,73.05000305175781,48.0,45.0,5459.01806640625,48.0,99.0
2021-08-20,50.68999481201172,19.05,73.05000305175781,48.0,45.0,5242.4833984375,48.0,100.0
2021-08-21,44.0150032043457,19.05,73.05000305175781,48.0,35.0,6235.5869140625,48.0,99.0
2021-08-22,4.570000171661377,19.05,73.05000305175781,48.0,12.0,410.58135986328125,48.0,100.0
2021-08-23,1.0550000667572021,19.05,73.05000305175781,48.0,3.0,62.430179595947266,48.0,99.0
2021-08-24,0.0,19.05,73.05000305175781,48.0,0.0,2.764800786972046,48.0,100.0
2021-08-25,0.07999999821186066,19.05,73.05000305175781,48.0,2.0,4.800500869750977,48.0,100.0
2021-08-26,0.0,19.05,73.05000305175781,48.0,0.0,2.764800786972046,48.0,100.0
2021-08-27,0.5400000214576721,19.05,73.05000305175781,48.0,6.0,20.699501037597656,48.0,99.0
2021-08-28,0.0,19.05,73.05000305175781,48.0,0.0,2.764800786972046,48.0,100.0
2021-08-29,2.819999933242798,19.05,73.05000305175781,48.0,6.0,210.7340087890625,48.0,100.0
2021-08-30,12.635000228881836,19.05,73.05000305175781,48.0,30.0,876.0,48.0,100.0
2021-08-31,126.8800048828125,19.05,73.05000305175781,48.0,48.0,19553.478515625,48.0,99.0
2021-09-01,33.68999099731445,19.05,73.05000305175781,48.0,27.0,4407.677734375,48.0,100.0
2021-09-02,0.9599999785423279,19.05,73.05000305175781,48.0,5.0,45.295249938964844,48.0,100.0
2021-09-03,8.934998512268066,19.05,73.05000305175781,48.0,21.0,614.6531372070312,48.0,100.0
2021-09-04,12.944998741149902,19.05,73.05000305175781,48.0,21.0,1028.1964111328125,48.0,100.0
2021-09-05,29.949996948242188,19.05,73.05000305175781,48.0,42.0,2796.35986328125,48.0,100.0
2021-09-06,27.66499900817871,19.05,73.05000305175781,48.0,28.0,2918.17333984375,48.0,100.0
2021-09-07,66.93500518798828,19.05,73.05000305175781,48.0,43.0,8370.125,48.0,99.0
2021-09-08,6.304999351501465,19.05,73.05000305175781,48.0,16.0,437.234375,48.0,100.0
2021-09-09,0.44999998807907104,19.05,73.05000305175781,48.0,2.0,22.272201538085938,48.0,100.0
2021-09-10,0.89000004529953,19.05,73.05000305175781,48.0,7.0,36.685752868652344,48.0,99.0
2021-09-11,15.589998245239258,19.05,73.05000305175781,48.0,28.0,1128.54296875,48.0,100.0
2021-09-12,36.81999969482422,19.05,73.05000305175781,48.0,40.0,3596.533935546875,48.0,100.0
2021-09-13,26.19000244140625,19.05,73.05000305175781,48.0,45.0,1964.1483154296875,48.0,99.0
2021-09-14,3.1949996948242188,19.05,73.05000305175781,48.0,18.0,146.501953125,48.0,100.0
2021-09-15,2.3949997425079346,19.05,73.05000305175781,48.0,10.0,117.0771713256836,48.0,100.0
2021-09-16,0.6800000071525574,19.05,73.05000305175781,48.0,5.0,29.097299575805664,48.0,100.0
2021-09-17,1.6249998807907104,19.05,73.05000305175781,48.0,13.0,61.34785079956055,48.0,100.0
2021-09-18,0.42500001192092896,19.05,73.05000305175781,48.0,4.0,17.420398712158203,48.0,100.0
2021-09-19,10.460000038146973,19.05,73.05000305175781,48.0,20.0,796.7125244140625,48.0,100.0
2021-09-20,45.0099983215332,19.05,73.05000305175781,48.0,28.0,6248.40625,48.0,100.0
2021-09-21,74.2300033569336,19.05,73.05000305175781,48.0,47.0,9156.6220703125,48.0,99.0
2021-09-22,35.1400032043457,19.05,73.05000305175781,48.0,33.0,4395.3740234375,48.0,99.0
2021-09-23,2.125,19.05,73.05000305175781,48.0,12.0,90.8830337524414,48.0,100.0
2021-09-24,0.0,19.05,73.05000305175781,48.0,0.0,2.764800786972046,48.0,100.0
2021-09-25,1.875,19.05,73.05000305175781,48.0,5.0,109.70730590820312,48.0,100.0
2021-09-26,3.065000057220459,19.05,73.05000305175781,48.0,19.0,127.18212890625,48.0,100.0
2021-09-27,14.110000610351562,19.05,73.05000305175781,48.0,28.0,1145.647705078125,48.0,99.0
2021-09-28,66.06500244140625,19.05,73.05000305175781,48.0,43.0,8003.71435546875,48.0,100.0
2021-09-29,22.719999313354492,19.05,73.05000305175781,48.0,33.0,2374.4560546875,48.0,100.0
2021-09-30,0.39499998092651367,19.05,73.05000305175781,48.0,3.0,17.06130027770996,48.0,100.0
2021-10-01,1.0649999380111694,19.05,73.05000305175781,48.0,7.0,53.280399322509766,48.0,100.0
2021-10-02,0.8650000691413879,19.05,73.05000305175781,48.0,14.0,27.720800399780273,48.0,99.0
2021-10-03,0.08500000089406967,19.05,73.05000305175781,48.0,1.0,5.4297003746032715,48.0,100.0
2021-10-04,2.4049997329711914,19.05,73.05000305175781,48.0,13.0,105.27391815185547,48.0,100.0
2021-10-05,5.215000152587891,19.05,73.05000305175781,48.0,16.0,424.58526611328125,48.0,100.0
2021-10-06,10.229999542236328,19.05,73.05000305175781,48.0,14.0,876.9328002929688,48.0,100.0
2021-10-07,9.835000038146973,19.05,73.05000305175781,48.0,14.0,965.5223388671875,48.0,100.0
2021-10-08,13.804999351501465,19.05,73.05000305175781,48.0,38.0,1056.138671875,48.0,100.0
2021-10-09,4.065000534057617,19.05,73.05000305175781,48.0,17.0,217.72869873046875,48.0,99.0
2021-10-10,4.00499963760376,19.05,73.05000305175781,48.0,23.0,194.3212127685547,48.0,100.0
2021-10-11,14.000001907348633,19.05,73.05000305175781,48.0,16.0,1355.245849609375,48.0,99.0
2021-10-12,2.125,19.05,73.05000305175781,48.0,6.0,129.86532592773438,48.0,100.0
2021-10-13,0.0,19.05,73.05000305175781,48.0,0.0,2.764800786972046,48.0,100.0
2021-10-14,0.0,19.05,73.05000305175781,48.0,0.0,2.764800786972046,48.0,100.0
2021-10-15,0.0,19.05,73.05000305175781,48.0,0.0,2.764800786972046,48.0,100.0
2021-10-16,0.0,19.05,73.05000305175781,48.0,0.0,2.764800786972046,48.0,100.0
2021-10-17,0.0,19.05,73.05000305175781,48.0,0.0,2.764800786972046,48.0,100.0
2021-10-18,0.0,19.05,73.05000305175781,48.0,0.0,2.764800786972046,48.0,100.0
2021-10-19,0.0,19.05,73.05000305175781,48.0,0.0,2.764800786972046,48.0,100.0
2021-10-20,0.0,19.05,73.05000305175781,48.0,0.0,2.764800786972046,48.0,100.0
2021-10-21,0.0,19.05,73.05000305175781,48.0,0.0,2.764800786972046,48.0,100.0
2021-10-22,0.0,19.05,73.05000305175781,48.0,0.0,2.764800786972046,48.0,100.0
2021-10-23,0.0,19.05,73.05000305175781,48.0,0.0,2.764800786972046,48.0,100.0
2021-10-24,0.0,19.05,73.05000305175781,48.0,0.0,2.764800786972046,48.0,100.0
2021-10-25,0.0,19.05,73.05000305175781,48.0,0.0,2.764800786972046,48.0,100.0
2021-10-26,0.0,19.05,73.05000305175781,48.0,0.0,2.764800786972046,48.0,100.0
2021-10-27,0.0,19.05,73.05000305175781,48.0,0.0,2.764800786972046,48.0,100.0
2021-10-28,0.0,19.05,73.05000305175781,48.0,0.0,2.764800786972046,48.0,100.0
2021-10-29,0.0,19.05,73.05000305175781,48.0,0.0,2.764800786972046,48.0,100.0
2021-10-30,0.0,19.05,73.05000305175781,48.0,0.0,2.764800786972046,48.0,100.0
2021-10-31,0.0,19.05,73.05000305175781,48.0,0.0,2.764800786972046,48.0,100.0
2021-11-01,0.0,19.05,73.05000305175781,48.0,0.0,2.764800786972046,48.0,100.0
2021-11-02,0.0,19.05,73.05000305175781,48.0,0.0,2.764800786972046,48.0,100.0
2021-11-03,0.0,19.05,73.05000305175781,48.0,0.0,2.764800786972046,48.0,100.0
2021-11-04,0.0,19.05,73.05000305175781,48.0,0.0,2.764800786972046,48.0,100.0
2021-11-05,2.825000047683716,19.05,73.05000305175781,48.0,9.0,174.625,48.0,100.0
2021-11-06,6.135000228881836,19.05,73.05000305175781,48.0,34.0,272.8844299316406,48.0,100.0
2021-11-07,1.940000057220459,19.05,73.05000305175781,48.0,14.0,75.15664672851562,48.0,100.0
2021-11-08,0.0,19.05,73.05000305175781,48.0,0.0,2.764800786972046,48.0,100.0
2021-11-09,0.0,19.05,73.05000305175781,48.0,0.0,2.764800786972046,48.0,100.0
2021-11-10,0.0,19.05,73.05000305175781,48.0,0.0,2.764800786972046,48.0,100.0
2021-11-11,0.0,19.05,73.05000305175781,48.0,0.0,2.764800786972046,48.0,100.0
2021-11-12,0.0,19.05,73.05000305175781,48.0,0.0,2.764800786972046,48.0,100.0
2021-11-13,0.0,19.05,73.05000305175781,48.0,0.0,2.764800786972046,48.0,100.0
2021-11-14,0.0,19.05,73.05000305175781,48.0,0.0,2.764800786972046,48.0,100.0
2021-11-15,0.009999999776482582,19.05,73.05000305175781,48.0,1.0,2.98810076713562,48.0,100.0
2021-11-16,1.934999942779541,19.05,73.05000305175781,48.0,11.0,89.25308990478516,48.0,100.0
2021-11-17,12.939998626708984,19.05,73.05000305175781,48.0,19.0,1235.9256591796875,48.0,100.0
2021-11-18,4.400000095367432,19.05,73.05000305175781,48.0,14.0,265.08026123046875,48.0,100.0
2021-11-19,0.8700000047683716,19.05,73.05000305175781,48.0,5.0,54.22926330566406,48.0,100.0
2021-11-20,0.0,19.05,73.05000305175781,48.0,0.0,2.764800786972046,48.0,100.0
2021-11-21,10.099998474121094,19.05,73.05000305175781,48.0,18.0,811.878173828125,48.0,100.0
2021-11-22,0.0,19.05,73.05000305175781,48.0,0.0,2.764800786972046,48.0,100.0
2021-11-23,0.0,19.05,73.05000305175781,48.0,0.0,2.764800786972046,48.0,100.0
2021-11-24,0.0,19.05,73.05000305175781,48.0,0.0,2.764800786972046,48.0,100.0
2021-11-25,0.0,19.05,73.05000305175781,48.0,0.0,2.764800786972046,48.0,100.0
2021-11-26,0.0,19.05,73.05000305175781,48.0,0.0,2.764800786972046,48.0,100.0
2021-11-27,0.0,19.05,73.05000305175781,48.0,0.0,2.764800786972046,48.0,100.0
2021-11-28,0.0,19.05,73.05000305175781,48.0,0.0,2.764800786972046,48.0,100.0
2021-11-29,0.0,19.05,73.05000305175781,48.0,0.0,2.764800786972046,48.0,100.0
2021-11-30,2.4549999237060547,19.05,73.05000305175781,48.0,17.0,104.92291259765625,48.0,100.0
2021-12-01,80.42499542236328,19.05,73.05000305175781,48.0,48.0,9114.16796875,48.0,100.0
2021-12-02,1.6699998378753662,19.05,73.05000305175781,48.0,7.0,86.92367553710938,48.0,100.0
2021-12-03,0.0,19.05,73.05000305175781,48.0,0.0,2.764800786972046,48.0,100.0
2021-12-04,0.0,19.05,73.05000305175781,48.0,0.0,2.764800786972046,48.0,100.0
2021-12-05,0.0,19.05,73.05000305175781,48.0,0.0,2.764800786972046,48.0,100.0
2021-12-06,0.0,19.05,73.05000305175781,48.0,0.0,2.764800786972046,48.0,100.0
2021-12-07,0.0,19.05,73.05000305175781,48.0,0.0,2.764800786972046,48.0,100.0
2021-12-08,0.0,19.05,73.05000305175781,48.0,0.0,2.764800786972046,48.0,100.0
2021-12-09,0.0,19.05,73.05000305175781,48.0,0.0,2.764800786972046,48.0,100.0
2021-12-10,0.0,19.05,73.05000305175781,48.0,0.0,2.764800786972046,48.0,100.0
2021-12-11,0.0,19.05,73.05000305175781,48.0,0.0,2.764800786972046,48.0,100.0
2021-12-12,0.0,19.05,73.05000305175781,48.0,0.0,2.764800786972046,48.0,100.0
2021-12-13,0.0,19.05,73.05000305175781,48.0,0.0,2.764800786972046,48.0,100.0
2021-12-14,0.0,19.05,73.05000305175781,48.0,0.0,2.764800786972046,48.0,100.0
2021-12-15,0.009999999776482582,19.05,73.05000305175781,48.0,1.0,2.98810076713562,48.0,100.0
2021-12-16,0.0,19.05,73.05000305175781,48.0,0.0,2.764800786972046,48.0,100.0
2021-12-17,0.0,19.05,73.05000305175781,48.0,0.0,2.764800786972046,48.0,100.0
2021-12-18,0.0,19.05,73.05000305175781,48.0,0.0,2.764800786972046,48.0,100.0
2021-12-19,0.0,19.05,73.05000305175781,48.0,0.0,2.764800786972046,48.0,100.0
2021-12-20,0.0,19.05,73.05000305175781,48.0,0.0,2.764800786972046,48.0,100.0
2021-12-21,0.0,19.05,73.05000305175781,48.0,0.0,2.764800786972046,48.0,100.0
2021-12-22,0.0,19.05,73.05000305175781,48.0,0.0,2.764800786972046,48.0,100.0
2021-12-23,0.0,19.05,73.05000305175781,48.0,0.0,2.764800786972046,48.0,100.0
2021-12-24,0.0,19.05,73.05000305175781,48.0,0.0,2.764800786972046,48.0,100.0
2021-12-25,0.0,19.05,73.05000305175781,48.0,0.0,2.764800786972046,48.0,100.0
2021-12-26,0.0,19.05,73.05000305175781,48.0,0.0,2.764800786972046,48.0,100.0
2021-12-27,0.0,19.05,73.05000305175781,48.0,0.0,2.764800786972046,48.0,100.0
2021-12-28,0.0,19.05,73.05000305175781,48.0,0.0,2.764800786972046,48.0,100.0
2021-12-29,0.0,19.05,73.05000305175781,48.0,0.0,2.764800786972046,48.0,100.0
2021-12-30,0.0,19.05,73.05000305175781,48.0,0.0,2.764800786972046,48.0,100.0
2021-12-31,0.0,19.05,73.05000305175781,48.0,0.0,2.764800786972046,48.0,100.0
2022-01-01,0.0,19.05,73.05000305175781,48.0,0.0,2.764800786972046,48.0,100.0
2022-01-02,0.0,19.05,73.05000305175781,48.0,0.0,2.764800786972046,48.0,100.0
2022-01-03,0.0,19.05,73.05000305175781,48.0,0.0,2.764800786972046,48.0,100.0
2022-01-04,0.0,19.05,73.05000305175781,48.0,0.0,2.764800786972046,48.0,100.0
2022-01-05,0.0,19.05,73.05000305175781,48.0,0.0,2.764800786972046,48.0,100.0
2022-01-06,0.0,19.05,73.05000305175781,48.0,0.0,2.764800786972046,48.0,100.0
2022-01-07,0.0,19.05,73.05000305175781,48.0,0.0,2.764800786972046,48.0,100.0
2022-01-08,1.6649999618530273,19.05,73.05000305175781,48.0,3.0,112.47454833984375,48.0,100.0
2022-01-09,0.0,19.05,73.05000305175781,48.0,0.0,2.764800786972046,48.0,100.0
2022-01-10,0.0,19.05,73.05000305175781,48.0,0.0,2.764800786972046,48.0,100.0
2022-01-11,0.0,19.05,73.05000305175781,48.0,0.0,2.764800786972046,48.0,100.0
2022-01-12,0.0,19.05,73.05000305175781,48.0,0.0,2.764800786972046,48.0,100.0
2022-01-13,0.0,19.05,73.05000305175781,48.0,0.0,2.764800786972046,48.0,100.0
2022-01-14,0.0,19.05,73.05000305175781,48.0,0.0,2.764800786972046,48.0,100.0
2022-01-15,0.0,19.05,73.05000305175781,48.0,0.0,2.764800786972046,48.0,100.0
2022-01-16,0.0,19.05,73.05000305175781,48.0,0.0,2.764800786972046,48.0,100.0
2022-01-17,0.0,19.05,73.05000305175781,48.0,0.0,2.764800786972046,48.0,100.0
2022-01-18,0.0,19.05,73.05000305175781,48.0,0.0,2.764800786972046,48.0,100.0
2022-01-19,0.0,19.05,73.05000305175781,48.0,0.0,2.764800786972046,48.0,100.0
2022-01-20,0.0,19.05,73.05000305175781,48.0,0.0,2.764800786972046,48.0,100.0
2022-01-21,0.0,19.05,73.05000305175781,48.0,0.0,2.764800786972046,48.0,100.0
2022-01-22,0.0,19.05,73.05000305175781,48.0,0.0,2.764800786972046,48.0,100.0
2022-01-23,0.0,19.05,73.05000305175781,48.0,0.0,2.764800786972046,48.0,100.0
2022-01-24,0.0,19.05,73.05000305175781,48.0,0.0,2.764800786972046,48.0,100.0
2022-01-25,0.0,19.05,73.05000305175781,48.0,0.0,2.764800786972046,48.0,100.0
2022-01-26,0.0,19.05,73.05000305175781,48.0,0.0,2.764800786972046,48.0,100.0
2022-01-27,0.0,19.05,73.05000305175781,48.0,0.0,2.764800786972046,48.0,100.0
2022-01-28,0.0,19.05,73.05000305175781,48.0,0.0,2.764800786972046,48.0,100.0
2022-01-29,0.0,19.05,73.05000305175781,48.0,0.0,2.764800786972046,48.0,100.0
2022-01-30,0.0,19.05,73.05000305175781,48.0,0.0,2.764800786972046,48.0,100.0
2022-01-31,0.0,19.05,73.05000305175781,48.0,0.0,2.764800786972046,48.0,100.0
2022-02-01,0.0,19.05,73.05000305175781,48.0,0.0,2.764800786972046,48.0,100.0
2022-02-02,0.0,19.05,73.05000305175781,48.0,0.0,2.764800786972046,48.0,100.0
2022-02-03,0.0,19.05,73.05000305175781,48.0,0.0,2.764800786972046,48.0,100.0
2022-02-04,0.0,19.05,73.05000305175781,48.0,0.0,2.764800786972046,48.0,100.0
2022-02-05,0.0,19.05,73.05000305175781,48.0,0.0,2.764800786972046,48.0,100.0
2022-02-06,0.0,19.05,73.05000305175781,48.0,0.0,2.764800786972046,48.0,100.0
2022-02-07,0.0,19.05,73.05000305175781,48.0,0.0,2.764800786972046,48.0,100.0
2022-02-08,0.0,19.05,73.05000305175781,48.0,0.0,2.764800786972046,48.0,100.0
2022-02-09,0.0,19.05,73.05000305175781,48.0,0.0,2.764800786972046,48.0,100.0
2022-02-10,0.0,19.05,73.05000305175781,48.0,0.0,2.764800786972046,48.0,100.0
2022-02-11,0.0,19.05,73.05000305175781,48.0,0.0,2.764800786972046,48.0,100.0
2022-02-12,0.0,19.05,73.05000305175781,48.0,0.0,2.764800786972046,48.0,100.0
2022-02-13,0.0,19.05,73.05000305175781,48.0,0.0,2.764800786972046,48.0,100.0
2022-02-14,0.0,19.05,73.05000305175781,48.0,0.0,2.764800786972046,48.0,100.0
2022-02-15,0.0,19.05,73.05000305175781,48.0,0.0,2.764800786972046,48.0,100.0
2022-02-16,0.0,19.05,73.05000305175781,48.0,0.0,2.764800786972046,48.0,100.0
2022-02-17,0.0,19.05,73.05000305175781,48.0,0.0,2.764800786972046,48.0,100.0
2022-02-18,0.0,19.05,73.05000305175781,48.0,0.0,2.764800786972046,48.0,100.0
2022-02-19,0.0,19.05,73.05000305175781,48.0,0.0,2.764800786972046,48.0,100.0
2022-02-20,0.0,19.05,73.05000305175781,48.0,0.0,2.764800786972046,48.0,100.0
2022-02-21,0.0,19.05,73.05000305175781,48.0,0.0,2.764800786972046,48.0,100.0
2022-02-22,0.0,19.05,73.05000305175781,48.0,0.0,2.764800786972046,48.0,100.0
2022-02-23,0.0,19.05,73.05000305175781,48.0,0.0,2.764800786972046,48.0,100.0
2022-02-24,0.0,19.05,73.05000305175781,48.0,0.0,2.764800786972046,48.0,100.0
2022-02-25,0.0,19.05,73.05000305175781,48.0,0.0,2.764800786972046,48.0,100.0
2022-02-26,0.0,19.05,73.05000305175781,48.0,0.0,2.764800786972046,48.0,100.0
2022-02-27,0.0,19.05,73.05000305175781,48.0,0.0,2.764800786972046,48.0,100.0
2022-02-28,0.0,19.05,73.05000305175781,48.0,0.0,2.764800786972046,48.0,100.0
2022-03-01,0.0,19.05,73.05000305175781,48.0,0.0,2.764800786972046,48.0,100.0
2022-03-02,0.0,19.05,73.05000305175781,48.0,0.0,2.764800786972046,48.0,100.0
2022-03-03,0.0,19.05,73.05000305175781,48.0,0.0,2.764800786972046,48.0,100.0
2022-03-04,0.0,19.05,73.05000305175781,48.0,0.0,2.764800786972046,48.0,100.0
2022-03-05,0.0,19.05,73.05000305175781,48.0,0.0,2.764800786972046,48.0,100.0
2022-03-06,0.0,19.05,73.05000305175781,48.0,0.0,2.764800786972046,48.0,100.0
2022-03-07,0.0,19.05,73.05000305175781,48.0,0.0,2.764800786972046,48.0,100.0
2022-03-08,0.0,19.05,73.05000305175781,48.0,0.0,2.764800786972046,48.0,100.0
2022-03-09,0.0,19.05,73.05000305175781,48.0,0.0,2.764800786972046,48.0,100.0
2022-03-10,0.0,19.05,73.05000305175781,48.0,0.0,2.764800786972046,48.0,100.0
2022-03-11,0.0,19.05,73.05000305175781,48.0,0.0,2.764800786972046,48.0,100.0
2022-03-12,0.0,19.05,73.05000305175781,48.0,0.0,2.764800786972046,48.0,100.0
2022-03-13,0.0,19.05,73.05000305175781,48.0,0.0,2.764800786972046,48.0,100.0
2022-03-14,0.0,19.05,73.05000305175781,48.0,0.0,2.764800786972046,48.0,100.0
2022-03-15,0.0,19.05,73.05000305175781,48.0,0.0,2.764800786972046,48.0,100.0
2022-03-16,0.0,19.05,73.05000305175781,48.0,0.0,2.764800786972046,48.0,100.0
2022-03-17,0.0,19.05,73.05000305175781,48.0,0.0,2.764800786972046,48.0,100.0
2022-03-18,0.0,19.05,73.05000305175781,48.0,0.0,2.764800786972046,48.0,100.0
2022-03-19,0.0,19.05,73.05000305175781,48.0,0.0,2.764800786972046,48.0,100.0
2022-03-20,0.0,19.05,73.05000305175781,48.0,0.0,2.764800786972046,48.0,100.0
2022-03-21,0.0,19.05,73.05000305175781,48.0,0.0,2.764800786972046,48.0,100.0
2022-03-22,0.0,19.05,73.05000305175781,48.0,0.0,2.764800786972046,48.0,100.0
2022-03-23,0.0,19.05,73.05000305175781,48.0,0.0,2.764800786972046,48.0,100.0
2022-03-24,0.0,19.05,73.05000305175781,48.0,0.0,2.764800786972046,48.0,100.0
2022-03-25,0.0,19.05,73.05000305175781,48.0,0.0,2.764800786972046,48.0,100.0
2022-03-26,0.0,19.05,73.05000305175781,48.0,0.0,2.764800786972046,48.0,100.0
2022-03-27,0.0,19.05,73.05000305175781,48.0,0.0,2.764800786972046,48.0,100.0
2022-03-28,0.0,19.05,73.05000305175781,48.0,0.0,2.764800786972046,48.0,100.0
2022-03-29,0.0,19.05,73.05000305175781,48.0,0.0,2.764800786972046,48.0,100.0
2022-03-30,0.0,19.05,73.05000305175781,48.0,0.0,2.764800786972046,48.0,100.0
2022-03-31,0.0,19.05,73.05000305175781,48.0,0.0,2.764800786972046,48.0,100.0
2022-04-01,0.0,19.05,73.05000305175781,48.0,0.0,2.764800786972046,48.0,100.0
2022-04-02,0.0,19.05,73.05000305175781,48.0,0.0,2.764800786972046,48.0,100.0
2022-04-03,0.0,19.05,73.05000305175781,48.0,0.0,2.764800786972046,48.0,100.0
2022-04-04,0.0,19.05,73.05000305175781,48.0,0.0,2.764800786972046,48.0,100.0
2022-04-05,0.0,19.05,73.05000305175781,48.0,0.0,2.764800786972046,48.0,100.0
2022-04-06,0.0,19.05,73.05000305175781,48.0,0.0,2.764800786972046,48.0,100.0
2022-04-07,0.0,19.05,73.05000305175781,48.0,0.0,2.764800786972046,48.0,100.0
2022-04-08,0.0,19.05,73.05000305175781,48.0,0.0,2.764800786972046,48.0,100.0
2022-04-09,0.0,19.05,73.05000305175781,48.0,0.0,2.764800786972046,48.0,100.0
2022-04-10,0.0,19.05,73.05000305175781,48.0,0.0,2.764800786972046,48.0,100.0
2022-04-11,0.0,19.05,73.05000305175781,48.0,0.0,2.764800786972046,48.0,100.0
2022-04-12,0.0,19.05,73.05000305175781,48.0,0.0,2.764800786972046,48.0,100.0
2022-04-13,0.0,19.05,73.05000305175781,48.0,0.0,2.764800786972046,48.0,100.0
2022-04-14,0.0,19.05,73.05000305175781,48.0,0.0,2.764800786972046,48.0,100.0
2022-04-15,0.0,19.05,73.05000305175781,48.0,0.0,2.764800786972046,48.0,100.0
2022-04-16,0.0,19.05,73.05000305175781,48.0,0.0,2.764800786972046,48.0,100.0
2022-04-17,0.0,19.05,73.05000305175781,48.0,0.0,2.764800786972046,48.0,100.0
2022-04-18,0.0,19.05,73.05000305175781,48.0,0.0,2.764800786972046,48.0,100.0
2022-04-19,0.0,19.05,73.05000305175781,48.0,0.0,2.764800786972046,48.0,100.0
2022-04-20,0.0,19.05,73.05000305175781,48.0,0.0,2.764800786972046,48.0,100.0
2022-04-21,0.934999942779541,19.05,73.05000305175781,48.0,6.0,53.74251937866211,48.0,100.0
2022-04-22,0.0,19.05,73.05000305175781,48.0,0.0,2.764800786972046,48.0,100.0
2022-04-23,0.0,19.05,73.05000305175781,48.0,0.0,2.764800786972046,48.0,100.0
2022-04-24,0.0,19.05,73.05000305175781,48.0,0.0,2.764800786972046,48.0,100.0
2022-04-25,0.0,19.05,73.05000305175781,48.0,0.0,2.764800786972046,48.0,100.0
2022-04-26,0.0,19.05,73.05000305175781,48.0,0.0,2.764800786972046,48.0,100.0
2022-04-27,0.0,19.05,73.05000305175781,48.0,0.0,2.764800786972046,48.0,100.0
2022-04-28,0.0,19.05,73.05000305175781,48.0,0.0,2.764800786972046,48.0,100.0
2022-04-29,0.0,19.05,73.05000305175781,48.0,0.0,2.764800786972046,48.0,100.0
2022-04-30,0.0,19.05,73.05000305175781,48.0,0.0,2.764800786972046,48.0,100.0
2022-05-01,0.0,19.05,73.05000305175781,48.0,0.0,2.764800786972046,48.0,100.0
2022-05-02,0.0,19.05,73.05000305175781,48.0,0.0,2.764800786972046,48.0,100.0
2022-05-03,0.0,19.05,73.05000305175781,48.0,0.0,2.764800786972046,48.0,100.0
2022-05-04,0.0,19.05,73.05000305175781,48.0,0.0,2.764800786972046,48.0,100.0
2022-05-05,0.0,19.05,73.05000305175781,48.0,0.0,2.764800786972046,48.0,100.0
2022-05-06,0.0,19.05,73.05000305175781,48.0,0.0,2.764800786972046,48.0,100.0
2022-05-07,0.0,19.05,73.05000305175781,48.0,0.0,2.764800786972046,48.0,100.0
2022-05-08,0.0,19.05,73.05000305175781,48.0,0.0,2.764800786972046,48.0,100.0
2022-05-09,0.04999999701976776,19.05,73.05000305175781,48.0,2.0,4.027700901031494,48.0,100.0
2022-05-10,0.18000000715255737,19.05,73.05000305175781,48.0,2.0,9.050600051879883,48.0,99.0
2022-05-11,0.014999999664723873,19.05,73.05000305175781,48.0,1.0,3.0916008949279785,48.0,100.0
2022-05-12,0.0,19.05,73.05000305175781,48.0,0.0,2.764800786972046,48.0,100.0
2022-05-13,0.0,19.05,73.05000305175781,48.0,0.0,2.764800786972046,48.0,100.0
2022-05-14,0.0,19.05,73.05000305175781,48.0,0.0,2.764800786972046,48.0,100.0
2022-05-15,0.0,19.05,73.05000305175781,48.0,0.0,2.764800786972046,48.0,100.0
2022-05-16,0.0,19.05,73.05000305175781,48.0,0.0,2.764800786972046,48.0,100.0
2022-05-17,0.0,19.05,73.05000305175781,48.0,0.0,2.764800786972046,48.0,100.0
2022-05-18,0.0,19.05,73.05000305175781,48.0,0.0,2.764800786972046,48.0,100.0
2022-05-19,0.0,19.05,73.05000305175781,48.0,0.0,2.764800786972046,48.0,100.0
2022-05-20,0.0,19.05,73.05000305175781,48.0,0.0,2.764800786972046,48.0,100.0
2022-05-21,0.0,19.05,73.05000305175781,48.0,0.0,2.764800786972046,48.0,100.0
2022-05-22,0.0,19.05,73.05000305175781,48.0,0.0,2.764800786972046,48.0,100.0
2022-05-23,0.0,19.05,73.05000305175781,48.0,0.0,2.764800786972046,48.0,100.0
2022-05-24,0.0,19.05,73.05000305175781,48.0,0.0,2.764800786972046,48.0,100.0
2022-05-25,0.0,19.05,73.05000305175781,48.0,0.0,2.764800786972046,48.0,100.0
2022-05-26,0.0,19.05,73.05000305175781,48.0,0.0,2.764800786972046,48.0,100.0
2022-05-27,0.0,19.05,73.05000305175781,48.0,0.0,2.764800786972046,48.0,100.0
2022-05-28,0.0,19.05,73.05000305175781,48.0,0.0,2.764800786972046,48.0,100.0
2022-05-29,0.0,19.05,73.05000305175781,48.0,0.0,2.764800786972046,48.0,100.0
2022-05-30,0.0,19.05,73.05000305175781,48.0,0.0,2.764800786972046,48.0,100.0
2022-05-31,0.0,19.05,73.05000305175781,48.0,0.0,2.764800786972046,48.0,100.0
2022-06-01,1.309999942779541,19.05,73.05000305175781,48.0,5.0,81.23640441894531,48.0,100.0
2022-06-02,0.0,19.05,73.05000305175781,48.0,0.0,2.764800786972046,48.0,100.0
2022-06-03,0.0,19.05,73.05000305175781,48.0,0.0,2.764800786972046,48.0,100.0
2022-06-04,0.0,19.05,73.05000305175781,48.0,0.0,2.764800786972046,48.0,100.0
2022-06-05,0.0,19.05,73.05000305175781,48.0,0.0,2.764800786972046,48.0,100.0
2022-06-06,0.0,19.05,73.05000305175781,48.0,0.0,2.764800786972046,48.0,100.0
2022-06-07,0.0,19.05,73.05000305175781,48.0,0.0,2.764800786972046,48.0,100.0
2022-06-08,0.39499998092651367,19.05,73.05000305175781,48.0,7.0,14.552000045776367,48.0,100.0
2022-06-09,16.559999465942383,19.05,73.05000305175781,48.0,14.0,1883.3978271484375,48.0,100.0
2022-06-10,15.345002174377441,19.05,73.05000305175781,48.0,19.0,1425.9324951171875,48.0,99.0
2022-06-11,28.30999755859375,19.05,73.05000305175781,48.0,33.0,2745.47314453125,48.0,100.0
2022-06-12,3.3600001335144043,19.05,73.05000305175781,48.0,23.0,133.58193969726562,48.0,99.0
2022-06-13,0.08499999344348907,19.05,73.05000305175781,48.0,2.0,4.879701137542725,48.0,100.0
2022-06-14,0.0,19.05,73.05000305175781,48.0,0.0,2.764800786972046,48.0,100.0
2022-06-15,0.11999999731779099,19.05,73.05000305175781,48.0,1.0,6.787600517272949,48.0,100.0
2022-06-16,1.0549999475479126,19.05,73.05000305175781,48.0,9.0,48.953182220458984,48.0,100.0
2022-06-17,2.5999999046325684,19.05,73.05000305175781,48.0,18.0,134.6741485595703,48.0,100.0
2022-06-18,3.5900001525878906,19.05,73.05000305175781,48.0,15.0,196.03521728515625,48.0,99.0
2022-06-19,17.35999870300293,19.05,73.05000305175781,48.0,30.0,1545.4007568359375,48.0,100.0
2022-06-20,53.91500473022461,19.05,73.05000305175781,48.0,46.0,5722.544921875,48.0,99.0
2022-06-21,7.070001602172852,19.05,73.05000305175781,48.0,32.0,421.2385559082031,48.0,99.0
2022-06-22,28.93999481201172,19.05,73.05000305175781,48.0,27.0,3203.977783203125,48.0,100.0
2022-06-23,24.924997329711914,19.05,73.05000305175781,48.0,34.0,2643.15771484375,48.0,100.0
2022-06-24,31.77499771118164,19.05,73.05000305175781,48.0,26.0,3346.623046875,48.0,100.0
2022-06-25,2.629999876022339,19.05,73.05000305175781,48.0,15.0,136.64739990234375,48.0,100.0
2022-06-26,8.539999961853027,19.05,73.05000305175781,48.0,32.0,455.2709655761719,48.0,100.0
2022-06-27,10.769999504089355,19.05,73.05000305175781,48.0,38.0,688.8123168945312,48.0,100.0
2022-06-28,13.725000381469727,19.05,73.05000305175781,48.0,40.0,909.7257690429688,48.0,100.0
2022-06-29,9.864999771118164,19.05,73.05000305175781,48.0,31.0,711.1502685546875,48.0,100.0
2022-06-30,59.00000762939453,19.05,73.05000305175781,48.0,46.0,7871.751953125,48.0,99.0
2022-07-01,40.19999694824219,19.05,73.05000305175781,48.0,42.0,3838.33642578125,48.0,100.0
2022-07-02,4.5199995040893555,19.05,73.05000305175781,48.0,17.0,334.5385437011719,48.0,100.0
2022-07-03,4.515000343322754,19.05,73.05000305175781,48.0,23.0,290.50006103515625,48.0,99.0
2022-07-04,165.9800262451172,19.05,73.05000305175781,48.0,47.0,35320.47265625,48.0,99.0
2022-07-05,107.43001556396484,19.05,73.05000305175781,48.0,48.0,13553.56640625,48.0,99.0
2022-07-06,92.86998748779297,19.05,73.05000305175781,48.0,46.0,11797.91796875,48.0,100.0
2022-07-07,121.20497131347656,19.05,73.05000305175781,48.0,48.0,17809.1796875,48.0,100.0
2022-07-08,65.02499389648438,19.05,73.05000305175781,48.0,47.0,7224.0771484375,48.0,100.0
2022-07-09,69.875,19.05,73.05000305175781,48.0,46.0,10419.2470703125,48.0,100.0
2022-07-10,37.400001525878906,19.05,73.05000305175781,48.0,47.0,3744.770263671875,48.0,99.0
2022-07-11,131.72999572753906,19.05,73.05000305175781,48.0,48.0,18982.201171875,48.0,100.0
2022-07-12,63.584991455078125,19.05,73.05000305175781,48.0,47.0,7471.38427734375,48.0,100.0
2022-07-13,129.45501708984375,19.05,73.05000305175781,48.0,48.0,18673.17578125,48.0,99.0
2022-07-14,91.67499542236328,19.05,73.05000305175781,48.0,45.0,12558.408203125,48.0,100.0
2022-07-15,32.695003509521484,19.05,73.05000305175781,48.0,36.0,3945.7861328125,48.0,99.0
2022-07-16,2.6450002193450928,19.05,73.05000305175781,48.0,16.0,127.25218963623047,48.0,99.0
2022-07-17,3.049999713897705,19.05,73.05000305175781,48.0,15.0,149.7257843017578,48.0,100.0
2022-07-18,22.385000228881836,19.05,73.05000305175781,48.0,41.0,1804.8504638671875,48.0,100.0
2022-07-19,7.1449995040893555,19.05,73.05000305175781,48.0,22.0,451.082275390625,48.0,100.0
2022-07-20,2.5250003337860107,19.05,73.05000305175781,48.0,25.0,105.07257080078125,48.0,99.0
2022-07-21,2.2899999618530273,19.05,73.05000305175781,48.0,13.0,146.2128448486328,48.0,100.0
2022-07-22,10.045000076293945,19.05,73.05000305175781,48.0,19.0,805.6340942382812,48.0,100.0
2022-07-23,20.46000099182129,19.05,73.05000305175781,48.0,35.0,1692.4241943359375,48.0,99.0
2022-07-24,9.149999618530273,19.05,73.05000305175781,48.0,32.0,521.627685546875,48.0,100.0
2022-07-25,3.6999998092651367,19.05,73.05000305175781,48.0,38.0,146.87840270996094,48.0,100.0
2022-07-26,13.14000129699707,19.05,73.05000305175781,48.0,34.0,1035.9625244140625,48.0,99.0
2022-07-27,4.584999084472656,19.05,73.05000305175781,48.0,27.0,241.95455932617188,48.0,100.0
2022-07-28,6.449999809265137,19.05,73.05000305175781,48.0,16.0,1023.2752685546875,48.0,100.0
2022-07-29,7.2599992752075195,19.05,73.05000305175781,48.0,23.0,541.5010986328125,48.0,100.0
2022-07-30,0.17499999701976776,19.05,73.05000305175781,48.0,5.0,6.9766011238098145,48.0,100.0
2022-07-31,0.11499999463558197,19.05,73.05000305175781,48.0,3.0,5.619300365447998,48.0,100.0
2022-08-01,0.0,19.05,73.05000305175781,48.0,0.0,2.764800786972046,48.0,100.0
2022-08-02,3.2149996757507324,19.05,73.05000305175781,48.0,13.0,283.108154296875,48.0,100.0
2022-08-03,13.389999389648438,19.05,73.05000305175781,48.0,18.0,1262.5960693359375,48.0,100.0
2022-08-04,50.695003509521484,19.05,73.05000305175781,48.0,31.0,8845.25390625,48.0,99.0
2022-08-05,32.23500061035156,19.05,73.05000305175781,48.0,43.0,2873.549560546875,48.0,100.0
2022-08-06,10.055000305175781,19.05,73.05000305175781,48.0,25.0,763.423095703125,48.0,100.0
2022-08-07,107.37998962402344,19.05,73.05000305175781,48.0,41.0,18472.244140625,48.0,100.0
2022-08-08,54.94000244140625,19.05,73.05000305175781,48.0,30.0,8043.7529296875,48.0,99.0
2022-08-09,54.405006408691406,19.05,73.05000305175781,48.0,38.0,7780.37109375,48.0,99.0
2022-08-10,16.30000114440918,19.05,73.05000305175781,48.0,38.0,1066.5941162109375,48.0,99.0
2022-08-11,3.1600005626678467,19.05,73.05000305175781,48.0,18.0,152.01792907714844,48.0,99.0
2022-08-12,3.7900004386901855,19.05,73.05000305175781,48.0,27.0,171.2512664794922,48.0,99.0
2022-08-13,3.3899998664855957,19.05,73.05000305175781,48.0,8.0,244.0746307373047,48.0,100.0
2022-08-14,1.5950000286102295,19.05,73.05000305175781,48.0,10.0,66.3167953491211,48.0,100.0
2022-08-15,39.08000564575195,19.05,73.05000305175781,48.0,43.0,4309.09716796875,48.0,99.0
2022-08-16,38.32500076293945,19.05,73.05000305175781,48.0,29.0,5058.0986328125,48.0,100.0
2022-08-17,0.25999999046325684,19.05,73.05000305175781,48.0,4.0,10.33590030670166,48.0,100.0
2022-08-18,0.04999999701976776,19.05,73.05000305175781,48.0,2.0,3.817600965499878,48.0,100.0
2022-08-19,0.7199999690055847,19.05,73.05000305175781,48.0,11.0,26.02159881591797,48.0,100.0
2022-08-20,0.0,19.05,73.05000305175781,48.0,0.0,2.764800786972046,48.0,100.0
2022-08-21,1.690000057220459,19.05,73.05000305175781,48.0,7.0,96.36741638183594,48.0,100.0
2022-08-22,5.5849995613098145,19.05,73.05000305175781,48.0,12.0,461.54132080078125,48.0,100.0
2022-08-23,4.109999656677246,19.05,73.05000305175781,48.0,5.0,453.68017578125,48.0,100.0
2022-08-24,4.034999847412109,19.05,73.05000305175781,48.0,16.0,283.1225891113281,48.0,100.0
2022-08-25,0.0,19.05,73.05000305175781,48.0,0.0,2.764800786972046,48.0,100.0
2022-08-26,0.3449999690055847,19.05,73.05000305175781,48.0,5.0,12.833300590515137,48.0,100.0
2022-08-27,0.0,19.05,73.05000305175781,48.0,0.0,2.764800786972046,48.0,100.0
2022-08-28,0.4100000262260437,19.05,73.05000305175781,48.0,1.0,25.460100173950195,48.0,100.0
2022-08-29,0.03999999910593033,19.05,73.05000305175781,48.0,1.0,3.687300682067871,48.0,100.0
2022-08-30,0.8299999237060547,19.05,73.05000305175781,48.0,6.0,39.52689743041992,48.0,100.0
2022-08-31,106.27998352050781,19.05,73.05000305175781,48.0,27.0,19643.91796875,48.0,100.0
2022-09-01,4.729999542236328,19.05,73.05000305175781,48.0,19.0,306.1807556152344,48.0,100.0
2022-09-02,1.3299998044967651,19.05,73.05000305175781,48.0,12.0,64.51589965820312,48.0,100.0
2022-09-03,2.8999998569488525,19.05,73.05000305175781,48.0,21.0,190.873291015625,48.0,100.0
2022-09-04,24.72500228881836,19.05,73.05000305175781,48.0,34.0,2309.575927734375,48.0,99.0
2022-09-05,2.805000066757202,19.05,73.05000305175781,48.0,29.0,98.8009033203125,48.0,100.0
2022-09-06,0.8049999475479126,19.05,73.05000305175781,48.0,12.0,28.099796295166016,48.0,100.0
2022-09-07,82.84000396728516,19.05,73.05000305175781,48.0,33.0,13347.9267578125,48.0,99.0
2022-09-08,37.60999298095703,19.05,73.05000305175781,48.0,36.0,4069.4501953125,48.0,100.0
2022-09-09,34.56999588012695,19.05,73.05000305175781,48.0,35.0,3991.3896484375,48.0,100.0
2022-09-10,47.7599983215332,19.05,73.05000305175781,48.0,30.0,6862.85400390625,48.0,100.0
2022-09-11,27.76999855041504,19.05,73.05000305175781,48.0,36.0,2588.781982421875,48.0,100.0
2022-09-12,25.89499855041504,19.05,73.05000305175781,48.0,41.0,2115.294677734375,48.0,100.0
2022-09-13,44.20500564575195,19.05,73.05000305175781,48.0,38.0,4669.54736328125,48.0,99.0
2022-09-14,4.734999656677246,19.05,73.05000305175781,48.0,24.0,212.02423095703125,48.0,100.0
2022-09-15,29.139995574951172,19.05,73.05000305175781,48.0,45.0,2586.63623046875,48.0,100.0
2022-09-16,83.33497619628906,19.05,73.05000305175781,48.0,44.0,11044.9150390625,48.0,100.0
2022-09-17,10.320000648498535,19.05,73.05000305175781,48.0,19.0,881.6539916992188,48.0,99.0
2022-09-18,9.369998931884766,19.05,73.05000305175781,48.0,17.0,838.5136108398438,48.0,100.0
2022-09-19,1.0749999284744263,19.05,73.05000305175781,48.0,10.0,38.801578521728516,48.0,100.0
2022-09-20,6.774999618530273,19.05,73.05000305175781,48.0,15.0,488.3695068359375,48.0,100.0
2022-09-21,0.0,19.05,73.05000305175781,48.0,0.0,2.764800786972046,48.0,100.0
2022-09-22,1.6400001049041748,19.05,73.05000305175781,48.0,17.0,64.30238342285156,48.0,100.0
2022-09-23,0.7799999713897705,19.05,73.05000305175781,48.0,7.0,29.703998565673828,48.0,100.0
2022-09-24,0.08999999612569809,19.05,73.05000305175781,48.0,1.0,5.496100425720215,48.0,100.0
2022-09-25,0.2750000059604645,19.05,73.05000305175781,48.0,3.0,12.276199340820312,48.0,100.0
2022-09-26,0.0,19.05,73.05000305175781,48.0,0.0,2.764800786972046,48.0,100.0
2022-09-27,0.0,19.05,73.05000305175781,48.0,0.0,2.764800786972046,48.0,100.0
2022-09-28,0.0,19.05,73.05000305175781,48.0,0.0,2.764800786972046,48.0,100.0
2022-09-29,7.789999961853027,19.05,73.05000305175781,48.0,16.0,677.7185668945312,48.0,100.0
2022-09-30,5.994999885559082,19.05,73.05000305175781,48.0,10.0,440.04632568359375,48.0,100.0
2022-10-01,0.6600000262260437,19.05,73.05000305175781,48.0,2.0,40.83394241333008,48.0,99.0
2022-10-02,0.0,19.05,73.05000305175781,48.0,0.0,2.764800786972046,48.0,100.0
2022-10-03,0.0,19.05,73.05000305175781,48.0,0.0,2.764800786972046,48.0,100.0
2022-10-04,0.0,19.05,73.05000305175781,48.0,0.0,2.764800786972046,48.0,100.0
2022-10-05,3.6050000190734863,19.05,73.05000305175781,48.0,9.0,256.41119384765625,48.0,100.0
2022-10-06,13.600000381469727,19.05,73.05000305175781,48.0,18.0,1481.8555908203125,48.0,100.0
2022-10-07,71.0899887084961,19.05,73.05000305175781,48.0,41.0,8476.6376953125,48.0,100.0
2022-10-08,26.439998626708984,19.05,73.05000305175781,48.0,25.0,3236.074462890625,48.0,100.0
2022-10-09,0.0,19.05,73.05000305175781,48.0,0.0,2.764800786972046,48.0,100.0
2022-10-10,0.8249999284744263,19.05,73.05000305175781,48.0,7.0,34.04927444458008,48.0,100.0
2022-10-11,21.089998245239258,19.05,73.05000305175781,48.0,29.0,2119.336669921875,48.0,100.0
2022-10-12,5.909999847412109,19.05,73.05000305175781,48.0,11.0,457.80255126953125,48.0,100.0
2022-10-13,9.389999389648438,19.05,73.05000305175781,48.0,14.0,886.4929809570312,48.0,100.0
2022-10-14,27.894996643066406,19.05,73.05000305175781,48.0,15.0,3366.332275390625,48.0,100.0
2022-10-15,0.4050000309944153,19.05,73.05000305175781,48.0,4.0,16.067100524902344,48.0,100.0
2022-10-16,0.3400000035762787,19.05,73.05000305175781,48.0,3.0,14.378599166870117,48.0,100.0
2022-10-17,2.6049997806549072,19.05,73.05000305175781,48.0,19.0,105.87682342529297,48.0,100.0
2022-10-18,1.5749998092651367,19.05,73.05000305175781,48.0,14.0,68.64916229248047,48.0,100.0
2022-10-19,0.0,19.05,73.05000305175781,48.0,0.0,2.764800786972046,48.0,100.0
2022-10-20,0.0,19.05,73.05000305175781,48.0,0.0,2.764800786972046,48.0,100.0
2022-10-21,19.595001220703125,19.05,73.05000305175781,48.0,11.0,2556.30029296875,48.0,99.0
2022-10-22,0.0,19.05,73.05000305175781,48.0,0.0,2.764800786972046,48.0,100.0
2022-10-23,0.0,19.05,73.05000305175781,48.0,0.0,2.764800786972046,48.0,100.0
2022-10-24,0.0,19.05,73.05000305175781,48.0,0.0,2.764800786972046,48.0,100.0
2022-10-25,0.0,19.05,73.05000305175781,48.0,0.0,2.764800786972046,48.0,100.0
2022-10-26,0.0,19.05,73.05000305175781,48.0,0.0,2.764800786972046,48.0,100.0
2022-10-27,0.0,19.05,73.05000305175781,48.0,0.0,2.764800786972046,48.0,100.0
2022-10-28,0.0,19.05,73.05000305175781,48.0,0.0,2.764800786972046,48.0,100.0
2022-10-29,0.0,19.05,73.05000305175781,48.0,0.0,2.764800786972046,48.0,100.0
2022-10-30,0.0,19.05,73.05000305175781,48.0,0.0,2.764800786972046,48.0,100.0
2022-10-31,0.0,19.05,73.05000305175781,48.0,0.0,2.764800786972046,48.0,100.0
2022-11-01,0.0,19.05,73.05000305175781,48.0,0.0,2.764800786972046,48.0,100.0
2022-11-02,0.0,19.05,73.05000305175781,48.0,0.0,2.764800786972046,48.0,100.0
2022-11-03,0.0,19.05,73.05000305175781,48.0,0.0,2.764800786972046,48.0,100.0
2022-11-04,0.0,19.05,73.05000305175781,48.0,0.0,2.764800786972046,48.0,100.0
2022-11-05,0.0,19.05,73.05000305175781,48.0,0.0,2.764800786972046,48.0,100.0
2022-11-06,0.0,19.05,73.05000305175781,48.0,0.0,2.764800786972046,48.0,100.0
2022-11-07,0.0,19.05,73.05000305175781,48.0,0.0,2.764800786972046,48.0,100.0
2022-11-08,0.0,19.05,73.05000305175781,48.0,0.0,2.764800786972046,48.0,100.0
2022-11-09,0.0,19.05,73.05000305175781,48.0,0.0,2.764800786972046,48.0,100.0
2022-11-10,0.0,19.05,73.05000305175781,48.0,0.0,2.764800786972046,48.0,100.0
2022-11-11,0.0,19.05,73.05000305175781,48.0,0.0,2.764800786972046,48.0,100.0
2022-11-12,0.0,19.05,73.05000305175781,48.0,0.0,2.764800786972046,48.0,100.0
2022-11-13,0.0,19.05,73.05000305175781,48.0,0.0,2.764800786972046,48.0,100.0
2022-11-14,0.0,19.05,73.05000305175781,48.0,0.0,2.764800786972046,48.0,100.0
2022-11-15,0.0,19.05,73.05000305175781,48.0,0.0,2.764800786972046,48.0,100.0
2022-11-16,0.0,19.05,73.05000305175781,48.0,0.0,2.764800786972046,48.0,100.0
2022-11-17,0.0,19.05,73.05000305175781,48.0,0.0,2.764800786972046,48.0,100.0
2022-11-18,0.0,19.05,73.05000305175781,48.0,0.0,2.764800786972046,48.0,100.0
2022-11-19,0.0,19.05,73.05000305175781,48.0,0.0,2.764800786972046,48.0,100.0
2022-11-20,0.0,19.05,73.05000305175781,48.0,0.0,2.764800786972046,48.0,100.0
2022-11-21,0.0,19.05,73.05000305175781,48.0,0.0,2.764800786972046,48.0,100.0
2022-11-22,0.0,19.05,73.05000305175781,48.0,0.0,2.764800786972046,48.0,100.0
2022-11-23,0.0,19.05,73.05000305175781,48.0,0.0,2.764800786972046,48.0,100.0
2022-11-24,0.0,19.05,73.05000305175781,48.0,0.0,2.764800786972046,48.0,100.0
2022-11-25,0.17999999225139618,19.05,73.05000305175781,48.0,1.0,9.9433012008667,48.0,100.0
2022-11-26,0.0,19.05,73.05000305175781,48.0,0.0,2.764800786972046,48.0,100.0
2022-11-27,0.0,19.05,73.05000305175781,48.0,0.0,2.764800786972046,48.0,100.0
2022-11-28,0.0,19.05,73.05000305175781,48.0,0.0,2.764800786972046,48.0,100.0
2022-11-29,0.0,19.05,73.05000305175781,48.0,0.0,2.764800786972046,48.0,100.0
2022-11-30,0.0,19.05,73.05000305175781,48.0,0.0,2.764800786972046,48.0,100.0
2022-12-01,0.0,19.05,73.05000305175781,48.0,0.0,2.764800786972046,48.0,100.0
2022-12-02,0.0,19.05,73.05000305175781,48.0,0.0,2.764800786972046,48.0,100.0
2022-12-03,0.0,19.05,73.05000305175781,48.0,0.0,2.764800786972046,48.0,100.0
2022-12-04,0.0,19.05,73.05000305175781,48.0,0.0,2.764800786972046,48.0,100.0
2022-12-05,0.0,19.05,73.05000305175781,48.0,0.0,2.764800786972046,48.0,100.0
2022-12-06,0.0,19.05,73.05000305175781,48.0,0.0,2.764800786972046,48.0,100.0
2022-12-07,0.0,19.05,73.05000305175781,48.0,0.0,2.764800786972046,48.0,100.0
2022-12-08,0.0,19.05,73.05000305175781,48.0,0.0,2.764800786972046,48.0,100.0
2022-12-09,0.0,19.05,73.05000305175781,48.0,0.0,2.764800786972046,48.0,100.0
2022-12-10,0.0,19.05,73.05000305175781,48.0,0.0,2.764800786972046,48.0,100.0
2022-12-11,0.10999999940395355,19.05,73.05000305175781,48.0,2.0,5.627200126647949,48.0,100.0
2022-12-12,0.05999999865889549,19.05,73.05000305175781,48.0,1.0,4.345600605010986,48.0,100.0
2022-12-13,0.0,19.05,73.05000305175781,48.0,0.0,2.764800786972046,48.0,100.0
2022-12-14,0.2749999761581421,19.05,73.05000305175781,48.0,2.0,13.224100112915039,48.0,100.0
2022-12-15,0.6550000309944153,19.05,73.05000305175781,48.0,4.0,28.131099700927734,48.0,99.0
2022-12-16,0.0,19.05,73.05000305175781,48.0,0.0,2.764800786972046,48.0,100.0
2022-12-17,0.0,19.05,73.05000305175781,48.0,0.0,2.764800786972046,48.0,100.0
2022-12-18,0.0,19.05,73.05000305175781,48.0,0.0,2.764800786972046,48.0,100.0
2022-12-19,0.0,19.05,73.05000305175781,48.0,0.0,2.764800786972046,48.0,100.0
2022-12-20,0.0,19.05,73.05000305175781,48.0,0.0,2.764800786972046,48.0,100.0
2022-12-21,0.0,19.05,73.05000305175781,48.0,0.0,2.764800786972046,48.0,100.0
2022-12-22,0.0,19.05,73.05000305175781,48.0,0.0,2.764800786972046,48.0,100.0
2022-12-23,0.0,19.05,73.05000305175781,48.0,0.0,2.764800786972046,48.0,100.0
2022-12-24,0.0,19.05,73.05000305175781,48.0,0.0,2.764800786972046,48.0,100.0
2022-12-25,0.0,19.05,73.05000305175781,48.0,0.0,2.764800786972046,48.0,100.0
2022-12-26,0.0,19.05,73.05000305175781,48.0,0.0,2.764800786972046,48.0,100.0
2022-12-27,0.0,19.05,73.05000305175781,48.0,0.0,2.764800786972046,48.0,100.0
2022-12-28,0.0,19.05,73.05000305175781,48.0,0.0,2.764800786972046,48.0,100.0
2022-12-29,0.0,19.05,73.05000305175781,48.0,0.0,2.764800786972046,48.0,100.0
2022-12-30,0.0,19.05,73.05000305175781,48.0,0.0,2.764800786972046,48.0,100.0
2022-12-31,0.0,19.05,73.05000305175781,48.0,0.0,2.764800786972046,48.0,100.0
2023-01-01,0.0,19.05,73.05000305175781,48.0,0.0,2.764800786972046,48.0,100.0
2023-01-02,0.0,19.05,73.05000305175781,48.0,0.0,2.764800786972046,48.0,100.0
2023-01-03,0.0,19.05,73.05000305175781,48.0,0.0,2.764800786972046,48.0,100.0
2023-01-04,0.0,19.05,73.05000305175781,48.0,0.0,2.764800786972046,48.0,100.0
2023-01-05,0.0,19.05,73.05000305175781,48.0,0.0,2.764800786972046,48.0,100.0
2023-01-06,0.0,19.05,73.05000305175781,48.0,0.0,2.764800786972046,48.0,100.0
2023-01-07,0.0,19.05,73.05000305175781,48.0,0.0,2.764800786972046,48.0,100.0
2023-01-08,0.0,19.05,73.05000305175781,48.0,0.0,2.764800786972046,48.0,100.0
2023-01-09,0.0,19.05,73.05000305175781,48.0,0.0,2.764800786972046,48.0,100.0
2023-01-10,0.0,19.05,73.05000305175781,48.0,0.0,2.764800786972046,48.0,100.0
2023-01-11,0.0,19.05,73.05000305175781,48.0,0.0,2.764800786972046,48.0,100.0
2023-01-12,0.0,19.05,73.05000305175781,48.0,0.0,2.764800786972046,48.0,100.0
2023-01-13,0.0,19.05,73.05000305175781,48.0,0.0,2.764800786972046,48.0,100.0
2023-01-14,0.0,19.05,73.05000305175781,48.0,0.0,2.764800786972046,48.0,100.0
2023-01-15,0.0,19.05,73.05000305175781,48.0,0.0,2.764800786972046,48.0,100.0
2023-01-16,0.0,19.05,73.05000305175781,48.0,0.0,2.764800786972046,48.0,100.0
2023-01-17,0.0,19.05,73.05000305175781,48.0,0.0,2.764800786972046,48.0,100.0
2023-01-18,0.0,19.05,73.05000305175781,48.0,0.0,2.764800786972046,48.0,100.0
2023-01-19,0.0,19.05,73.05000305175781,48.0,0.0,2.764800786972046,48.0,100.0
2023-01-20,0.0,19.05,73.05000305175781,48.0,0.0,2.764800786972046,48.0,100.0
2023-01-21,0.0,19.05,73.05000305175781,48.0,0.0,2.764800786972046,48.0,100.0
2023-01-22,0.0,19.05,73.05000305175781,48.0,0.0,2.764800786972046,48.0,100.0
2023-01-23,0.0,19.05,73.05000305175781,48.0,0.0,2.764800786972046,48.0,100.0
2023-01-24,0.0,19.05,73.05000305175781,48.0,0.0,2.764800786972046,48.0,100.0
2023-01-25,0.0,19.05,73.05000305175781,48.0,0.0,2.764800786972046,48.0,100.0
2023-01-26,0.0,19.05,73.05000305175781,48.0,0.0,2.764800786972046,48.0,100.0
2023-01-27,0.0,19.05,73.05000305175781,48.0,0.0,2.764800786972046,48.0,100.0
2023-01-28,0.0,19.05,73.05000305175781,48.0,0.0,2.764800786972046,48.0,100.0
2023-01-29,0.0,19.05,73.05000305175781,48.0,0.0,2.764800786972046,48.0,100.0
2023-01-30,0.0,19.05,73.05000305175781,48.0,0.0,2.764800786972046,48.0,100.0
2023-01-31,0.0,19.05,73.05000305175781,48.0,0.0,2.764800786972046,48.0,100.0
2023-02-01,0.0,19.05,73.05000305175781,48.0,0.0,2.764800786972046,48.0,100.0
2023-02-02,0.0,19.05,73.05000305175781,48.0,0.0,2.764800786972046,48.0,100.0
2023-02-03,0.0,19.05,73.05000305175781,48.0,0.0,2.764800786972046,48.0,100.0
2023-02-04,0.0,19.05,73.05000305175781,48.0,0.0,2.764800786972046,48.0,100.0
2023-02-05,0.0,19.05,73.05000305175781,48.0,0.0,2.764800786972046,48.0,100.0
2023-02-06,0.0,19.05,73.05000305175781,48.0,0.0,2.764800786972046,48.0,100.0
2023-02-07,0.0,19.05,73.05000305175781,48.0,0.0,2.764800786972046,48.0,100.0
2023-02-08,0.0,19.05,73.05000305175781,48.0,0.0,2.764800786972046,48.0,100.0
2023-02-09,0.0,19.05,73.05000305175781,48.0,0.0,2.764800786972046,48.0,100.0
2023-02-10,0.0,19.05,73.05000305175781,48.0,0.0,2.764800786972046,48.0,100.0
2023-02-11,0.0,19.05,73.05000305175781,48.0,0.0,2.764800786972046,48.0,100.0
2023-02-12,0.0,19.05,73.05000305175781,48.0,0.0,2.764800786972046,48.0,100.0
2023-02-13,0.0,19.05,73.05000305175781,48.0,0.0,2.764800786972046,48.0,100.0
2023-02-14,0.0,19.05,73.05000305175781,48.0,0.0,2.764800786972046,48.0,100.0
2023-02-15,0.0,19.05,73.05000305175781,48.0,0.0,2.764800786972046,48.0,100.0
2023-02-16,0.0,19.05,73.05000305175781,48.0,0.0,2.764800786972046,48.0,100.0
2023-02-17,0.0,19.05,73.05000305175781,48.0,0.0,2.764800786972046,48.0,100.0
2023-02-18,0.0,19.05,73.05000305175781,48.0,0.0,2.764800786972046,48.0,100.0
2023-02-19,0.0,19.05,73.05000305175781,48.0,0.0,2.764800786972046,48.0,100.0
2023-02-20,0.0,19.05,73.05000305175781,48.0,0.0,2.764800786972046,48.0,100.0
2023-02-21,0.0,19.05,73.05000305175781,48.0,0.0,2.764800786972046,48.0,100.0
2023-02-22,0.0,19.05,73.05000305175781,48.0,0.0,2.764800786972046,48.0,100.0
2023-02-23,0.0,19.05,73.05000305175781,48.0,0.0,2.764800786972046,48.0,100.0
2023-02-24,0.0,19.05,73.05000305175781,48.0,0.0,2.764800786972046,48.0,100.0
2023-02-25,0.0,19.05,73.05000305175781,48.0,0.0,2.764800786972046,48.0,100.0
2023-02-26,0.0,19.05,73.05000305175781,48.0,0.0,2.764800786972046,48.0,100.0
2023-02-27,0.0,19.05,73.05000305175781,48.0,0.0,2.764800786972046,48.0,100.0
2023-02-28,0.0,19.05,73.05000305175781,48.0,0.0,2.764800786972046,48.0,100.0
2023-03-01,0.0,19.05,73.05000305175781,48.0,0.0,2.764800786972046,48.0,100.0
2023-03-02,0.0,19.05,73.05000305175781,48.0,0.0,2.764800786972046,48.0,100.0
2023-03-03,0.0,19.05,73.05000305175781,48.0,0.0,2.764800786972046,48.0,100.0
2023-03-04,0.0,19.05,73.05000305175781,48.0,0.0,2.764800786972046,48.0,100.0
2023-03-05,0.0,19.05,73.05000305175781,48.0,0.0,2.764800786972046,48.0,100.0
2023-03-06,3.6649997234344482,19.05,73.05000305175781,48.0,7.0,253.89559936523438,48.0,100.0
2023-03-07,4.110000133514404,19.05,73.05000305175781,48.0,7.0,320.6560363769531,48.0,100.0
2023-03-08,0.0,19.05,73.05000305175781,48.0,0.0,2.764800786972046,48.0,100.0
2023-03-09,0.0,19.05,73.05000305175781,48.0,0.0,2.764800786972046,48.0,100.0
2023-03-10,0.0,19.05,73.05000305175781,48.0,0.0,2.764800786972046,48.0,100.0
2023-03-11,0.0,19.05,73.05000305175781,48.0,0.0,2.764800786972046,48.0,100.0
2023-03-12,0.0,19.05,73.05000305175781,48.0,0.0,2.764800786972046,48.0,100.0
2023-03-13,0.0,19.05,73.05000305175781,48.0,0.0,2.764800786972046,48.0,100.0
2023-03-14,0.07000000029802322,19.05,73.05000305175781,48.0,2.0,4.544200420379639,48.0,100.0
2023-03-15,0.9749999642372131,19.05,73.05000305175781,48.0,9.0,48.10490036010742,48.0,100.0
2023-03-16,3.435000419616699,19.05,73.05000305175781,48.0,9.0,230.96401977539062,48.0,99.0
2023-03-17,0.0,19.05,73.05000305175781,48.0,0.0,2.764800786972046,48.0,100.0
2023-03-18,0.0,19.05,73.05000305175781,48.0,0.0,2.764800786972046,48.0,100.0
2023-03-19,0.0,19.05,73.05000305175781,48.0,0.0,2.764800786972046,48.0,100.0
2023-03-20,0.0,19.05,73.05000305175781,48.0,0.0,2.764800786972046,48.0,100.0
2023-03-21,0.11499999463558197,19.05,73.05000305175781,48.0,3.0,5.755000591278076,48.0,100.0
2023-03-22,0.0,19.05,73.05000305175781,48.0,0.0,2.764800786972046,48.0,100.0
2023-03-23,0.0,19.05,73.05000305175781,48.0,0.0,2.764800786972046,48.0,100.0
2023-03-24,0.0,19.05,73.05000305175781,48.0,0.0,2.764800786972046,48.0,100.0
2023-03-25,0.0,19.05,73.05000305175781,48.0,0.0,2.764800786972046,48.0,100.0
2023-03-26,0.0,19.05,73.05000305175781,48.0,0.0,2.764800786972046,48.0,100.0
2023-03-27,0.0,19.05,73.05000305175781,48.0,0.0,2.764800786972046,48.0,100.0
2023-03-28,0.0,19.05,73.05000305175781,48.0,0.0,2.764800786972046,48.0,100.0
2023-03-29,0.0,19.05,73.05000305175781,48.0,0.0,2.764800786972046,48.0,100.0
2023-03-30,0.0,19.05,73.05000305175781,48.0,0.0,2.764800786972046,48.0,100.0
2023-03-31,0.0,19.05,73.05000305175781,48.0,0.0,2.764800786972046,48.0,100.0
2023-04-01,0.0,19.05,73.05000305175781,48.0,0.0,2.764800786972046,48.0,100.0
2023-04-02,0.0,19.05,73.05000305175781,48.0,0.0,2.764800786972046,48.0,100.0
2023-04-03,0.0,19.05,73.05000305175781,48.0,0.0,2.764800786972046,48.0,100.0
2023-04-04,0.0,19.05,73.05000305175781,48.0,0.0,2.764800786972046,48.0,100.0
2023-04-05,0.0,19.05,73.05000305175781,48.0,0.0,2.764800786972046,48.0,100.0
2023-04-06,0.0,19.05,73.05000305175781,48.0,0.0,2.764800786972046,48.0,100.0
2023-04-07,0.0,19.05,73.05000305175781,48.0,0.0,2.764800786972046,48.0,100.0
2023-04-08,0.019999999552965164,19.05,73.05000305175781,48.0,1.0,3.254800796508789,48.0,100.0
2023-04-09,0.0,19.05,73.05000305175781,48.0,0.0,2.764800786972046,48.0,100.0
2023-04-10,0.0,19.05,73.05000305175781,48.0,0.0,2.764800786972046,48.0,100.0
2023-04-11,0.0,19.05,73.05000305175781,48.0,0.0,2.764800786972046,48.0,100.0
2023-04-12,1.9350001811981201,19.05,73.05000305175781,48.0,6.0,111.62210845947266,48.0,100.0
2023-04-13,0.8799999952316284,19.05,73.05000305175781,48.0,1.0,71.5972671508789,48.0,100.0
2023-04-14,0.0,19.05,73.05000305175781,48.0,0.0,2.764800786972046,48.0,100.0
2023-04-15,0.0,19.05,73.05000305175781,48.0,0.0,2.764800786972046,48.0,100.0
2023-04-16,0.0,19.05,73.05000305175781,48.0,0.0,2.764800786972046,48.0,100.0
2023-04-17,0.0,19.05,73.05000305175781,48.0,0.0,2.764800786972046,48.0,100.0
2023-04-18,0.0,19.05,73.05000305175781,48.0,0.0,2.764800786972046,48.0,100.0
2023-04-19,0.0,19.05,73.05000305175781,48.0,0.0,2.764800786972046,48.0,100.0
2023-04-20,0.0,19.05,73.05000305175781,48.0,0.0,2.764800786972046,48.0,100.0
2023-04-21,0.0,19.05,73.05000305175781,48.0,0.0,2.764800786972046,48.0,100.0
2023-04-22,0.0,19.05,73.05000305175781,48.0,0.0,2.764800786972046,48.0,100.0
2023-04-23,0.0,19.05,73.05000305175781,48.0,0.0,2.764800786972046,48.0,100.0
2023-04-24,0.0,19.05,73.05000305175781,48.0,0.0,2.764800786972046,48.0,100.0
2023-04-25,0.0,19.05,73.05000305175781,48.0,0.0,2.764800786972046,48.0,100.0
2023-04-26,0.3999999761581421,19.05,73.05000305175781,48.0,1.0,24.89130210876465,48.0,100.0
2023-04-27,0.0,19.05,73.05000305175781,48.0,0.0,2.764800786972046,48.0,100.0
2023-04-28,0.0,19.05,73.05000305175781,48.0,0.0,2.764800786972046,48.0,100.0
2023-04-29,0.0,19.05,73.05000305175781,48.0,0.0,2.764800786972046,48.0,100.0
2023-04-30,0.0,19.05,73.05000305175781,48.0,0.0,2.764800786972046,48.0,100.0
2023-05-01,0.0,19.05,73.05000305175781,48.0,0.0,2.764800786972046,48.0,100.0
2023-05-02,2.7750000953674316,19.05,73.05000305175781,48.0,4.0,235.9959716796875,48.0,100.0
2023-05-03,0.0,19.05,73.05000305175781,48.0,0.0,2.764800786972046,48.0,100.0
2023-05-04,0.0,19.05,73.05000305175781,48.0,0.0,2.764800786972046,48.0,100.0
2023-05-05,0.0,19.05,73.05000305175781,48.0,0.0,2.764800786972046,48.0,100.0
2023-05-06,0.0,19.05,73.05000305175781,48.0,0.0,2.764800786972046,48.0,100.0
2023-05-07,0.0,19.05,73.05000305175781,48.0,0.0,2.764800786972046,48.0,100.0
2023-05-08,0.0,19.05,73.05000305175781,48.0,0.0,2.764800786972046,48.0,100.0
2023-05-09,0.0,19.05,73.05000305175781,48.0,0.0,2.764800786972046,48.0,100.0
2023-05-10,0.0,19.05,73.05000305175781,48.0,0.0,2.764800786972046,48.0,100.0
2023-05-11,0.0,19.05,73.05000305175781,48.0,0.0,2.764800786972046,48.0,100.0
2023-05-12,0.0,19.05,73.05000305175781,48.0,0.0,2.764800786972046,48.0,100.0
2023-05-13,0.0,19.05,73.05000305175781,48.0,0.0,2.764800786972046,48.0,100.0
2023-05-14,0.0,19.05,73.05000305175781,48.0,0.0,2.764800786972046,48.0,100.0
2023-05-15,0.0,19.05,73.05000305175781,48.0,0.0,2.764800786972046,48.0,100.0
2023-05-16,0.0,19.05,73.05000305175781,48.0,0.0,2.764800786972046,48.0,100.0
2023-05-17,0.0,19.05,73.05000305175781,48.0,0.0,2.764800786972046,48.0,100.0
2023-05-18,0.0,19.05,73.05000305175781,48.0,0.0,2.764800786972046,48.0,100.0
2023-05-19,0.0,19.05,73.05000305175781,48.0,0.0,2.764800786972046,48.0,100.0
2023-05-20,0.0,19.05,73.05000305175781,48.0,0.0,2.764800786972046,48.0,100.0
2023-05-21,0.0,19.05,73.05000305175781,48.0,0.0,2.764800786972046,48.0,100.0
2023-05-22,0.0,19.05,73.05000305175781,48.0,0.0,2.764800786972046,48.0,100.0
2023-05-23,0.0,19.05,73.05000305175781,48.0,0.0,2.764800786972046,48.0,100.0
2023-05-24,0.0,19.05,73.05000305175781,48.0,0.0,2.764800786972046,48.0,100.0
2023-05-25,0.0,19.05,73.05000305175781,48.0,0.0,2.764800786972046,48.0,100.0
2023-05-26,0.0,19.05,73.05000305175781,48.0,0.0,2.764800786972046,48.0,100.0
2023-05-27,0.0,19.05,73.05000305175781,48.0,0.0,2.764800786972046,48.0,100.0
2023-05-28,0.0,19.05,73.05000305175781,48.0,0.0,2.764800786972046,48.0,100.0
2023-05-29,0.0,19.05,73.05000305175781,48.0,0.0,2.764800786972046,48.0,100.0
2023-05-30,0.0,19.05,73.05000305175781,48.0,0.0,2.764800786972046,48.0,100.0
2023-05-31,0.0,19.05,73.05000305175781,48.0,0.0,2.764800786972046,48.0,100.0
2023-06-01,0.0,19.05,73.05000305175781,48.0,0.0,2.764800786972046,48.0,100.0
2023-06-02,0.0,19.05,73.05000305175781,48.0,0.0,2.764800786972046,48.0,100.0
2023-06-03,0.0,19.05,73.05000305175781,48.0,0.0,2.764800786972046,48.0,100.0
2023-06-04,0.0,19.05,73.05000305175781,48.0,0.0,2.764800786972046,48.0,100.0
2023-06-05,0.0,19.05,73.05000305175781,48.0,0.0,2.764800786972046,48.0,100.0
2023-06-06,0.0,19.05,73.05000305175781,48.0,0.0,2.764800786972046,48.0,100.0
2023-06-07,0.0,19.05,73.05000305175781,48.0,0.0,2.764800786972046,48.0,100.0
2023-06-08,0.0,19.05,73.05000305175781,48.0,0.0,2.764800786972046,48.0,100.0
2023-06-09,0.05999999865889549,19.05,73.05000305175781,48.0,1.0,4.476100444793701,48.0,100.0
2023-06-10,0.0,19.05,73.05000305175781,48.0,0.0,2.764800786972046,48.0,100.0
2023-06-11,0.5299999713897705,19.05,73.05000305175781,48.0,4.0,21.894100189208984,48.0,100.0
2023-06-12,1.804999828338623,19.05,73.05000305175781,48.0,6.0,134.02996826171875,48.0,100.0
2023-06-13,2.520000457763672,19.05,73.05000305175781,48.0,14.0,141.14210510253906,48.0,99.0
2023-06-14,0.0,19.05,73.05000305175781,48.0,0.0,2.764800786972046,48.0,100.0
2023-06-15,0.0,19.05,73.05000305175781,48.0,0.0,2.764800786972046,48.0,100.0
2023-06-16,0.0,19.05,73.05000305175781,48.0,0.0,2.764800786972046,48.0,100.0
2023-06-17,0.0,19.05,73.05000305175781,48.0,0.0,2.764800786972046,48.0,100.0
2023-06-18,0.0,19.05,73.05000305175781,48.0,0.0,2.764800786972046,48.0,100.0
2023-06-19,0.0,19.05,73.05000305175781,48.0,0.0,2.764800786972046,48.0,100.0
2023-06-20,0.0,19.05,73.05000305175781,48.0,0.0,2.764800786972046,48.0,100.0
2023-06-21,0.0,19.05,73.05000305175781,48.0,0.0,2.764800786972046,48.0,100.0
2023-06-22,0.0,19.05,73.05000305175781,48.0,0.0,2.764800786972046,48.0,100.0
2023-06-23,0.7899999618530273,19.05,73.05000305175781,48.0,7.0,40.205101013183594,48.0,100.0
2023-06-24,52.529998779296875,19.05,73.05000305175781,48.0,43.0,5591.82275390625,48.0,99.0
2023-06-25,37.0050048828125,19.05,73.05000305175781,48.0,44.0,3552.47802734375,48.0,99.0
2023-06-26,91.42000579833984,19.05,73.05000305175781,48.0,48.0,11084.1455078125,48.0,99.0
2023-06-27,42.35999298095703,19.05,73.05000305175781,48.0,47.0,3908.766357421875,48.0,100.0
2023-06-28,93.76499938964844,19.05,73.05000305175781,48.0,46.0,11953.4716796875,48.0,100.0
2023-06-29,55.43000793457031,19.05,73.05000305175781,48.0,46.0,5822.396484375,48.0,99.0
2023-06-30,85.89000701904297,19.05,73.05000305175781,48.0,48.0,11276.3017578125,48.0,99.0
2023-07-01,26.214996337890625,19.05,73.05000305175781,48.0,47.0,1999.6234130859375,48.0,100.0
2023-07-02,55.94999694824219,19.05,73.05000305175781,48.0,44.0,6204.322265625,48.0,100.0
2023-07-03,12.274999618530273,19.05,73.05000305175781,48.0,24.0,1195.4112548828125,48.0,99.0
2023-07-04,33.8599967956543,19.05,73.05000305175781,48.0,34.0,5086.88134765625,48.0,100.0
2023-07-05,16.639997482299805,19.05,73.05000305175781,48.0,33.0,1265.9129638671875,48.0,100.0
2023-07-06,10.004998207092285,19.05,73.05000305175781,48.0,29.0,583.70849609375,48.0,100.0
2023-07-07,68.80999755859375,19.05,73.05000305175781,48.0,48.0,8652.9658203125,48.0,100.0
2023-07-08,3.9600000381469727,19.05,73.05000305175781,48.0,23.0,251.86349487304688,48.0,99.0
2023-07-09,1.5799999237060547,19.05,73.05000305175781,48.0,14.0,75.27288055419922,48.0,100.0
2023-07-10,0.0,19.05,73.05000305175781,48.0,0.0,2.764800786972046,48.0,100.0
2023-07-11,28.3700008392334,19.05,73.05000305175781,48.0,26.0,4131.9580078125,48.0,100.0
2023-07-12,20.59000015258789,19.05,73.05000305175781,48.0,38.0,1808.8966064453125,48.0,100.0
2023-07-13,18.480003356933594,19.05,73.05000305175781,48.0,41.0,1417.06201171875,48.0,99.0
2023-07-14,40.88999938964844,19.05,73.05000305175781,48.0,46.0,4043.49951171875,48.0,100.0
2023-07-15,10.114999771118164,19.05,73.05000305175781,48.0,35.0,753.485107421875,48.0,100.0
2023-07-16,25.0100040435791,19.05,73.05000305175781,48.0,48.0,1745.2503662109375,48.0,99.0
2023-07-17,47.275001525878906,19.05,73.05000305175781,48.0,46.0,4780.359375,48.0,100.0
2023-07-18,102.73001098632812,19.05,73.05000305175781,48.0,48.0,12974.4501953125,48.0,100.0
2023-07-19,164.47999572753906,19.05,73.05000305175781,48.0,48.0,27087.66796875,48.0,100.0
2023-07-20,59.49500274658203,19.05,73.05000305175781,48.0,45.0,7166.15380859375,48.0,100.0
2023-07-21,90.88499450683594,19.05,73.05000305175781,48.0,48.0,12098.5830078125,48.0,100.0
2023-07-22,69.65998840332031,19.05,73.05000305175781,48.0,46.0,9212.0498046875,48.0,100.0
2023-07-23,26.36499786376953,19.05,73.05000305175781,48.0,40.0,2137.57763671875,48.0,100.0
2023-07-24,66.15999603271484,19.05,73.05000305175781,48.0,41.0,7754.111328125,48.0,100.0
2023-07-25,65.86500549316406,19.05,73.05000305175781,48.0,48.0,6847.55615234375,48.0,99.0
2023-07-26,54.56500244140625,19.05,73.05000305175781,48.0,45.0,5673.51123046875,48.0,100.0
2023-07-27,101.19998168945312,19.05,73.05000305175781,48.0,45.0,13278.7353515625,48.0,100.0
2023-07-28,62.720001220703125,19.05,73.05000305175781,48.0,43.0,6855.43505859375,48.0,99.0
2023-07-29,6.875,19.05,73.05000305175781,48.0,37.0,304.0975036621094,48.0,99.0
2023-07-30,4.315000057220459,19.05,73.05000305175781,48.0,30.0,170.07992553710938,48.0,100.0
2023-07-31,1.774999737739563,19.05,73.05000305175781,48.0,17.0,65.86058044433594,48.0,100.0
2023-08-01,1.9499998092651367,19.05,73.05000305175781,48.0,13.0,80.5560531616211,48.0,100.0
2023-08-02,3.9300003051757812,19.05,73.05000305175781,48.0,16.0,204.75680541992188,48.0,100.0
2023-08-03,0.8550000190734863,19.05,73.05000305175781,48.0,5.0,39.64469909667969,48.0,100.0
2023-08-04,4.37999963760376,19.05,73.05000305175781,48.0,12.0,304.4062805175781,48.0,100.0
2023-08-05,1.3399999141693115,19.05,73.05000305175781,48.0,11.0,51.00122833251953,48.0,100.0
2023-08-06,0.9800000190734863,19.05,73.05000305175781,48.0,6.0,44.177242279052734,48.0,100.0
2023-08-07,0.0,19.05,73.05000305175781,48.0,0.0,2.764800786972046,48.0,100.0
2023-08-08,0.32999998331069946,19.05,73.05000305175781,48.0,1.0,19.435298919677734,48.0,100.0
2023-08-09,4.585000038146973,19.05,73.05000305175781,48.0,6.0,391.6455078125,48.0,100.0
2023-08-10,0.8550000190734863,19.05,73.05000305175781,48.0,4.0,41.3272705078125,48.0,100.0
2023-08-11,0.0,19.05,73.05000305175781,48.0,0.0,2.764800786972046,48.0,100.0
2023-08-12,0.0,19.05,73.05000305175781,48.0,0.0,2.764800786972046,48.0,100.0
2023-08-13,0.4150000214576721,19.05,73.05000305175781,48.0,3.0,19.131399154663086,48.0,100.0
2023-08-14,13.0,19.05,73.05000305175781,48.0,11.0,1529.029296875,48.0,100.0
2023-08-15,17.44499969482422,19.05,73.05000305175781,48.0,17.0,1775.2825927734375,48.0,100.0
2023-08-16,0.0,19.05,73.05000305175781,48.0,0.0,2.764800786972046,48.0,100.0
2023-08-17,0.0,19.05,73.05000305175781,48.0,0.0,2.764800786972046,48.0,100.0
2023-08-18,10.90000057220459,19.05,73.05000305175781,48.0,10.0,1088.138916015625,48.0,99.0
2023-08-19,25.560001373291016,19.05,73.05000305175781,48.0,25.0,2700.467041015625,48.0,99.0
2023-08-20,10.329998970031738,19.05,73.05000305175781,48.0,10.0,916.87646484375,48.0,100.0
2023-08-21,3.7699995040893555,19.05,73.05000305175781,48.0,9.0,227.654296875,48.0,100.0
2023-08-22,15.180000305175781,19.05,73.05000305175781,48.0,20.0,1206.5418701171875,48.0,100.0
2023-08-23,1.0299999713897705,19.05,73.05000305175781,48.0,5.0,49.16706848144531,48.0,100.0
2023-08-24,19.229999542236328,19.05,73.05000305175781,48.0,20.0,1873.95458984375,48.0,100.0
2023-08-25,15.144998550415039,19.05,73.05000305175781,48.0,18.0,1323.301513671875,48.0,100.0
2023-08-26,31.175003051757812,19.05,73.05000305175781,48.0,25.0,3553.0029296875,48.0,99.0
2023-08-27,25.384998321533203,19.05,73.05000305175781,48.0,12.0,3617.773193359375,48.0,100.0
2023-08-28,0.0,19.05,73.05000305175781,48.0,0.0,2.764800786972046,48.0,100.0
2023-08-29,0.0,19.05,73.05000305175781,48.0,0.0,2.764800786972046,48.0,100.0
2023-08-30,0.0,19.05,73.05000305175781,48.0,0.0,2.764800786972046,48.0,100.0
2023-08-31,0.0,19.05,73.05000305175781,48.0,0.0,2.764800786972046,48.0,100.0
2023-09-01,2.9499998092651367,19.05,73.05000305175781,48.0,5.0,215.33348083496094,48.0,100.0
2023-09-02,7.539999008178711,19.05,73.05000305175781,48.0,20.0,532.20751953125,48.0,100.0
2023-09-03,2.424999952316284,19.05,73.05000305175781,48.0,17.0,99.45629119873047,48.0,100.0
2023-09-04,0.0,19.05,73.05000305175781,48.0,0.0,2.764800786972046,48.0,100.0
2023-09-05,0.2849999964237213,19.05,73.05000305175781,48.0,3.0,11.929600715637207,48.0,100.0
2023-09-06,1.0399999618530273,19.05,73.05000305175781,48.0,8.0,41.679893493652344,48.0,100.0
2023-09-07,80.0899887084961,19.05,73.05000305175781,48.0,48.0,9123.0859375,48.0,100.0
2023-09-08,64.17000579833984,19.05,73.05000305175781,48.0,48.0,7124.89990234375,48.0,99.0
2023-09-09,6.629999160766602,19.05,73.05000305175781,48.0,24.0,366.14886474609375,48.0,100.0
2023-09-10,4.019999980926514,19.05,73.05000305175781,48.0,15.0,247.11732482910156,48.0,100.0
2023-09-11,0.0,19.05,73.05000305175781,48.0,0.0,2.764800786972046,48.0,100.0
2023-09-12,0.07499999552965164,19.05,73.05000305175781,48.0,1.0,4.957200527191162,48.0,100.0
2023-09-13,0.0,19.05,73.05000305175781,48.0,0.0,2.764800786972046,48.0,100.0
2023-09-14,3.0349998474121094,19.05,73.05000305175781,48.0,15.0,142.78762817382812,48.0,100.0
2023-09-15,2.1999998092651367,19.05,73.05000305175781,48.0,14.0,87.9848861694336,48.0,100.0
2023-09-16,9.189998626708984,19.05,73.05000305175781,48.0,22.0,662.6243286132812,48.0,100.0
2023-09-17,1.3299999237060547,19.05,73.05000305175781,48.0,14.0,46.56789779663086,48.0,100.0
2023-09-18,3.2199997901916504,19.05,73.05000305175781,48.0,18.0,143.6623992919922,48.0,100.0
2023-09-19,0.9299999475479126,19.05,73.05000305175781,48.0,8.0,34.307861328125,48.0,100.0
2023-09-20,23.84000015258789,19.05,73.05000305175781,48.0,32.0,2278.543212890625,48.0,100.0
2023-09-21,28.064998626708984,19.05,73.05000305175781,48.0,28.0,2618.4140625,48.0,100.0
2023-09-22,21.88499641418457,19.05,73.05000305175781,48.0,47.0,1474.68212890625,48.0,100.0
2023-09-23,61.6199951171875,19.05,73.05000305175781,48.0,43.0,7504.1181640625,48.0,100.0
2023-09-24,12.025001525878906,19.05,73.05000305175781,48.0,36.0,678.243896484375,48.0,99.0
2023-09-25,4.554999828338623,19.05,73.05000305175781,48.0,25.0,215.36399841308594,48.0,100.0
2023-09-26,31.839996337890625,19.05,73.05000305175781,48.0,25.0,3803.814697265625,48.0,100.0
2023-09-27,28.449996948242188,19.05,73.05000305175781,48.0,28.0,3904.590576171875,48.0,100.0
2023-09-28,19.61499786376953,19.05,73.05000305175781,48.0,39.0,1565.189697265625,48.0,100.0
2023-09-29,23.23499870300293,19.05,73.05000305175781,48.0,15.0,2861.229736328125,48.0,100.0
2023-09-30,49.095001220703125,19.05,73.05000305175781,48.0,34.0,5763.357421875,48.0,100.0
2023-10-01,28.44499969482422,19.05,73.05000305175781,48.0,40.0,2323.65185546875,48.0,100.0
2023-10-02,2.205000162124634,19.05,73.05000305175781,48.0,15.0,88.09464263916016,48.0,99.0
2023-10-03,0.0,19.05,73.05000305175781,48.0,0.0,2.764800786972046,48.0,100.0
2023-10-04,0.0,19.05,73.05000305175781,48.0,0.0,2.764800786972046,48.0,100.0
2023-10-05,0.0,19.05,73.05000305175781,48.0,0.0,2.764800786972046,48.0,100.0
2023-10-06,0.0,19.05,73.05000305175781,48.0,0.0,2.764800786972046,48.0,100.0
2023-10-07,0.0,19.05,73.05000305175781,48.0,0.0,2.764800786972046,48.0,100.0
2023-10-08,0.0,19.05,73.05000305175781,48.0,0.0,2.764800786972046,48.0,100.0
2023-10-09,0.0,19.05,73.05000305175781,48.0,0.0,2.764800786972046,48.0,100.0
2023-10-10,0.0,19.05,73.05000305175781,48.0,0.0,2.764800786972046,48.0,100.0
2023-10-11,0.0,19.05,73.05000305175781,48.0,0.0,2.764800786972046,48.0,100.0
2023-10-12,0.0,19.05,73.05000305175781,48.0,0.0,2.764800786972046,48.0,100.0
2023-10-13,0.0,19.05,73.05000305175781,48.0,0.0,2.764800786972046,48.0,100.0
2023-10-14,0.0,19.05,73.05000305175781,48.0,0.0,2.764800786972046,48.0,100.0
2023-10-15,0.0,19.05,73.05000305175781,48.0,0.0,2.764800786972046,48.0,100.0
2023-10-16,0.0,19.05,73.05000305175781,48.0,0.0,2.764800786972046,48.0,100.0
2023-10-17,0.0,19.05,73.05000305175781,48.0,0.0,2.764800786972046,48.0,100.0
2023-10-18,0.0,19.05,73.05000305175781,48.0,0.0,2.764800786972046,48.0,100.0
2023-10-19,0.0,19.05,73.05000305175781,48.0,0.0,2.764800786972046,48.0,100.0
2023-10-20,0.0,19.05,73.05000305175781,48.0,0.0,2.764800786972046,48.0,100.0
2023-10-21,0.0,19.05,73.05000305175781,48.0,0.0,2.764800786972046,48.0,100.0
2023-10-22,0.0,19.05,73.05000305175781,48.0,0.0,2.764800786972046,48.0,100.0
2023-10-23,0.0,19.05,73.05000305175781,48.0,0.0,2.764800786972046,48.0,100.0
2023-10-24,0.0,19.05,73.05000305175781,48.0,0.0,2.764800786972046,48.0,100.0
2023-10-25,0.0,19.05,73.05000305175781,48.0,0.0,2.764800786972046,48.0,100.0
2023-10-26,0.0,19.05,73.05000305175781,48.0,0.0,2.764800786972046,48.0,100.0
2023-10-27,0.0,19.05,73.05000305175781,48.0,0.0,2.764800786972046,48.0,100.0
2023-10-28,0.0,19.05,73.05000305175781,48.0,0.0,2.764800786972046,48.0,100.0
2023-10-29,0.0,19.05,73.05000305175781,48.0,0.0,2.764800786972046,48.0,100.0
2023-10-30,0.0,19.05,73.05000305175781,48.0,0.0,2.764800786972046,48.0,100.0
2023-10-31,0.0,19.05,73.05000305175781,48.0,0.0,2.764800786972046,48.0,100.0
2023-11-01,0.0,19.05,73.05000305175781,48.0,0.0,2.764800786972046,48.0,100.0
2023-11-02,0.0,19.05,73.05000305175781,48.0,0.0,2.764800786972046,48.0,100.0
2023-11-03,0.0,19.05,73.05000305175781,48.0,0.0,2.764800786972046,48.0,100.0
2023-11-04,0.0,19.05,73.05000305175781,48.0,0.0,2.764800786972046,48.0,100.0
2023-11-05,0.0,19.05,73.05000305175781,48.0,0.0,2.764800786972046,48.0,100.0
2023-11-06,0.02499999850988388,19.05,73.05000305175781,48.0,2.0,3.2452006340026855,48.0,100.0
2023-11-07,0.0,19.05,73.05000305175781,48.0,0.0,2.764800786972046,48.0,100.0
2023-11-08,0.42500001192092896,19.05,73.05000305175781,48.0,1.0,26.521602630615234,48.0,100.0
2023-11-09,7.949999809265137,19.05,73.05000305175781,48.0,9.0,739.921142578125,48.0,100.0
2023-11-10,0.0,19.05,73.05000305175781,48.0,0.0,2.764800786972046,48.0,100.0
2023-11-11,0.0,19.05,73.05000305175781,48.0,0.0,2.764800786972046,48.0,100.0
2023-11-12,0.0,19.05,73.05000305175781,48.0,0.0,2.764800786972046,48.0,100.0
2023-11-13,0.0,19.05,73.05000305175781,48.0,0.0,2.764800786972046,48.0,100.0
2023-11-14,0.0,19.05,73.05000305175781,48.0,0.0,2.764800786972046,48.0,100.0
2023-11-15,0.0,19.05,73.05000305175781,48.0,0.0,2.764800786972046,48.0,100.0
2023-11-16,0.0,19.05,73.05000305175781,48.0,0.0,2.764800786972046,48.0,100.0
2023-11-17,0.0,19.05,73.05000305175781,48.0,0.0,2.764800786972046,48.0,100.0
2023-11-18,0.0,19.05,73.05000305175781,48.0,0.0,2.764800786972046,48.0,100.0
2023-11-19,0.0,19.05,73.05000305175781,48.0,0.0,2.764800786972046,48.0,100.0
2023-11-20,0.0,19.05,73.05000305175781,48.0,0.0,2.764800786972046,48.0,100.0
2023-11-21,0.0,19.05,73.05000305175781,48.0,0.0,2.764800786972046,48.0,100.0
2023-11-22,0.0,19.05,73.05000305175781,48.0,0.0,2.764800786972046,48.0,100.0
2023-11-23,0.0,19.05,73.05000305175781,48.0,0.0,2.764800786972046,48.0,100.0
2023-11-24,0.0,19.05,73.05000305175781,48.0,0.0,2.764800786972046,48.0,100.0
2023-11-25,5.675000190734863,19.05,73.05000305175781,48.0,2.0,779.154052734375,48.0,100.0
2023-11-26,18.784997940063477,19.05,73.05000305175781,48.0,18.0,1876.1741943359375,48.0,100.0
2023-11-27,0.0,19.05,73.05000305175781,48.0,0.0,2.764800786972046,48.0,100.0
2023-11-28,0.0,19.05,73.05000305175781,48.0,0.0,2.764800786972046,48.0,100.0
2023-11-29,0.0,19.05,73.05000305175781,48.0,0.0,2.764800786972046,48.0,100.0
2023-11-30,0.0,19.05,73.05000305175781,48.0,0.0,2.764800786972046,48.0,100.0
2023-12-01,0.0,19.05,73.05000305175781,48.0,0.0,2.764800786972046,48.0,100.0
2023-12-02,0.0,19.05,73.05000305175781,48.0,0.0,2.764800786972046,48.0,100.0
2023-12-03,0.0,19.05,73.05000305175781,48.0,0.0,2.764800786972046,48.0,100.0
2023-12-04,0.0,19.05,73.05000305175781,48.0,0.0,2.764800786972046,48.0,100.0
2023-12-05,0.0,19.05,73.05000305175781,48.0,0.0,2.764800786972046,48.0,100.0
2023-12-06,0.0,19.05,73.05000305175781,48.0,0.0,2.764800786972046,48.0,100.0
2023-12-07,0.0,19.05,73.05000305175781,48.0,0.0,2.764800786972046,48.0,100.0
2023-12-08,0.0,19.05,73.05000305175781,48.0,0.0,2.764800786972046,48.0,100.0
2023-12-09,0.0,19.05,73.05000305175781,48.0,0.0,2.764800786972046,48.0,100.0
2023-12-10,0.0,19.05,73.05000305175781,48.0,0.0,2.764800786972046,48.0,100.0
2023-12-11,0.0,19.05,73.05000305175781,48.0,0.0,2.764800786972046,48.0,100.0
2023-12-12,0.0,19.05,73.05000305175781,48.0,0.0,2.764800786972046,48.0,100.0
2023-12-13,0.0,19.05,73.05000305175781,48.0,0.0,2.764800786972046,48.0,100.0
2023-12-14,0.0,19.05,73.05000305175781,48.0,0.0,2.764800786972046,48.0,100.0
2023-12-15,0.0,19.05,73.05000305175781,48.0,0.0,2.764800786972046,48.0,100.0
2023-12-16,0.0,19.05,73.05000305175781,48.0,0.0,2.764800786972046,48.0,100.0
2023-12-17,0.0,19.05,73.05000305175781,48.0,0.0,2.764800786972046,48.0,100.0
2023-12-18,0.1550000011920929,19.05,73.05000305175781,48.0,3.0,7.144599914550781,48.0,100.0
2023-12-19,0.0,19.05,73.05000305175781,48.0,0.0,2.7972006797790527,48.0,100.0
2023-12-20,0.4649999737739563,19.05,73.05000305175781,48.0,5.0,18.577898025512695,48.0,100.0
2023-12-21,0.08000000566244125,19.05,73.05000305175781,48.0,4.0,4.9890007972717285,48.0,99.0
2023-12-22,0.0,19.05,73.05000305175781,48.0,0.0,2.764800786972046,48.0,100.0
2023-12-23,0.0,19.05,73.05000305175781,48.0,0.0,2.764800786972046,48.0,100.0
2023-12-24,0.0,19.05,73.05000305175781,48.0,0.0,2.764800786972046,48.0,100.0
2023-12-25,0.0,19.05,73.05000305175781,48.0,0.0,2.764800786972046,48.0,100.0
2023-12-26,0.0,19.05,73.05000305175781,48.0,0.0,2.764800786972046,48.0,100.0
2023-12-27,0.0,19.05,73.05000305175781,48.0,0.0,2.764800786972046,48.0,100.0
2023-12-28,0.0,19.05,73.05000305175781,48.0,0.0,2.764800786972046,48.0,100.0
2023-12-29,0.0,19.05,73.05000305175781,48.0,0.0,2.764800786972046,48.0,100.0
2023-12-30,0.0,19.05,73.05000305175781,48.0,0.0,2.764800786972046,48.0,100.0
2023-12-31,0.0,19.05,73.05000305175781,48.0,0.0,2.764800786972046,48.0,100.0
2024-01-01,0.0,19.05,73.05000305175781,48.0,0.0,2.764800786972046,48.0,100.0
2024-01-02,0.0,19.05,73.05000305175781,48.0,0.0,2.764800786972046,48.0,100.0
2024-01-03,0.0,19.05,73.05000305175781,48.0,0.0,2.764800786972046,48.0,100.0
2024-01-04,0.0,19.05,73.05000305175781,48.0,0.0,2.764800786972046,48.0,100.0
2024-01-05,0.0,19.05,73.05000305175781,48.0,0.0,2.764800786972046,48.0,100.0
2024-01-06,0.0,19.05,73.05000305175781,48.0,0.0,2.764800786972046,48.0,100.0
2024-01-07,0.0,19.05,73.05000305175781,48.0,0.0,2.764800786972046,48.0,100.0
2024-01-08,0.0,19.05,73.05000305175781,48.0,0.0,2.764800786972046,48.0,100.0
2024-01-09,0.0,19.05,73.05000305175781,48.0,0.0,2.764800786972046,48.0,100.0
2024-01-10,0.0,19.05,73.05000305175781,48.0,0.0,2.764800786972046,48.0,100.0
2024-01-11,0.0,19.05,73.05000305175781,48.0,0.0,2.764800786972046,48.0,100.0
2024-01-12,0.0,19.05,73.05000305175781,48.0,0.0,2.764800786972046,48.0,100.0
2024-01-13,0.0,19.05,73.05000305175781,48.0,0.0,2.764800786972046,48.0,100.0
2024-01-14,0.0,19.05,73.05000305175781,48.0,0.0,2.764800786972046,48.0,100.0
2024-01-15,0.0,19.05,73.05000305175781,48.0,0.0,2.764800786972046,48.0,100.0
2024-01-16,0.0,19.05,73.05000305175781,48.0,0.0,2.764800786972046,48.0,100.0
2024-01-17,0.0,19.05,73.05000305175781,48.0,0.0,2.764800786972046,48.0,100.0
2024-01-18,0.0,19.05,73.05000305175781,48.0,0.0,2.764800786972046,48.0,100.0
2024-01-19,0.0,19.05,73.05000305175781,48.0,0.0,2.764800786972046,48.0,100.0
2024-01-20,0.0,19.05,73.05000305175781,48.0,0.0,2.764800786972046,48.0,100.0
2024-01-21,0.0,19.05,73.05000305175781,48.0,0.0,2.764800786972046,48.0,100.0
2024-01-22,0.0,19.05,73.05000305175781,48.0,0.0,2.764800786972046,48.0,100.0
2024-01-23,0.0,19.05,73.05000305175781,48.0,0.0,2.764800786972046,48.0,100.0
2024-01-24,0.0,19.05,73.05000305175781,48.0,0.0,2.764800786972046,48.0,100.0
2024-01-25,0.0,19.05,73.05000305175781,48.0,0.0,2.764800786972046,48.0,100.0
2024-01-26,0.0,19.05,73.05000305175781,48.0,0.0,2.764800786972046,48.0,100.0
2024-01-27,0.0,19.05,73.05000305175781,48.0,0.0,2.764800786972046,48.0,100.0
2024-01-28,0.0,19.05,73.05000305175781,48.0,0.0,2.764800786972046,48.0,100.0
2024-01-29,0.0,19.05,73.05000305175781,48.0,0.0,2.764800786972046,48.0,100.0
2024-01-30,0.0,19.05,73.05000305175781,48.0,0.0,2.764800786972046,48.0,100.0
2024-01-31,0.0,19.05,73.05000305175781,48.0,0.0,2.764800786972046,48.0,100.0
2024-02-01,0.0,19.05,73.05000305175781,48.0,0.0,2.764800786972046,48.0,100.0
2024-02-02,0.0,19.05,73.05000305175781,48.0,0.0,2.764800786972046,48.0,100.0
2024-02-03,0.0,19.05,73.05000305175781,48.0,0.0,2.764800786972046,48.0,100.0
2024-02-04,0.0,19.05,73.05000305175781,48.0,0.0,2.764800786972046,48.0,100.0
2024-02-05,0.0,19.05,73.05000305175781,48.0,0.0,2.764800786972046,48.0,100.0
2024-02-06,0.0,19.05,73.05000305175781,48.0,0.0,2.764800786972046,48.0,100.0
2024-02-07,0.0,19.05,73.05000305175781,48.0,0.0,2.764800786972046,48.0,100.0
2024-02-08,0.0,19.05,73.05000305175781,48.0,0.0,2.764800786972046,48.0,100.0
2024-02-09,0.0,19.05,73.05000305175781,48.0,0.0,2.764800786972046,48.0,100.0
2024-02-10,0.0,19.05,73.05000305175781,48.0,0.0,2.764800786972046,48.0,100.0
2024-02-11,0.0,19.05,73.05000305175781,48.0,0.0,2.764800786972046,48.0,100.0
2024-02-12,0.0,19.05,73.05000305175781,48.0,0.0,2.764800786972046,48.0,100.0
2024-02-13,0.0,19.05,73.05000305175781,48.0,0.0,2.7748007774353027,48.0,100.0
2024-02-14,0.0,19.05,73.05000305175781,48.0,0.0,2.764800786972046,48.0,100.0
2024-02-15,0.0,19.05,73.05000305175781,48.0,0.0,2.764800786972046,48.0,100.0
2024-02-16,0.0,19.05,73.05000305175781,48.0,0.0,2.764800786972046,48.0,100.0
2024-02-17,0.0,19.05,73.05000305175781,48.0,0.0,2.764800786972046,48.0,100.0
2024-02-18,0.0,19.05,73.05000305175781,48.0,0.0,2.764800786972046,48.0,100.0
2024-02-19,0.0,19.05,73.05000305175781,48.0,0.0,2.764800786972046,48.0,100.0
2024-02-20,0.0,19.05,73.05000305175781,48.0,0.0,2.764800786972046,48.0,100.0
2024-02-21,0.0,19.05,73.05000305175781,48.0,0.0,2.764800786972046,48.0,100.0
2024-02-22,0.0,19.05,73.05000305175781,48.0,0.0,2.764800786972046,48.0,100.0
2024-02-23,0.0,19.05,73.05000305175781,48.0,0.0,2.764800786972046,48.0,100.0
2024-02-24,0.0,19.05,73.05000305175781,48.0,0.0,2.764800786972046,48.0,100.0
2024-02-25,0.0,19.05,73.05000305175781,48.0,0.0,2.764800786972046,48.0,100.0
2024-02-26,0.0,19.05,73.05000305175781,48.0,0.0,2.764800786972046,48.0,100.0
2024-02-27,0.0,19.05,73.05000305175781,48.0,0.0,2.764800786972046,48.0,100.0
2024-02-28,0.0,19.05,73.05000305175781,48.0,0.0,2.764800786972046,48.0,100.0
2024-02-29,0.0,19.05,73.05000305175781,48.0,0.0,2.764800786972046,48.0,100.0
2024-03-01,0.0,19.05,73.05000305175781,48.0,0.0,2.764800786972046,48.0,100.0
2024-03-02,0.0,19.05,73.05000305175781,48.0,0.0,2.764800786972046,48.0,100.0
2024-03-03,0.0,19.05,73.05000305175781,48.0,0.0,2.764800786972046,48.0,100.0
2024-03-04,0.0,19.05,73.05000305175781,48.0,0.0,2.764800786972046,48.0,100.0
2024-03-05,0.0,19.05,73.05000305175781,48.0,0.0,2.764800786972046,48.0,100.0
2024-03-06,0.0,19.05,73.05000305175781,48.0,0.0,2.764800786972046,48.0,100.0
2024-03-07,0.0,19.05,73.05000305175781,48.0,0.0,2.764800786972046,48.0,100.0
2024-03-08,0.0,19.05,73.05000305175781,48.0,0.0,2.764800786972046,48.0,100.0
2024-03-09,0.0,19.05,73.05000305175781,48.0,0.0,2.764800786972046,48.0,100.0
2024-03-10,0.0,19.05,73.05000305175781,48.0,0.0,2.764800786972046,48.0,100.0
2024-03-11,0.0,19.05,73.05000305175781,48.0,0.0,2.764800786972046,48.0,100.0
2024-03-12,0.0,19.05,73.05000305175781,48.0,0.0,2.764800786972046,48.0,100.0
2024-03-13,0.0,19.05,73.05000305175781,48.0,0.0,2.764800786972046,48.0,100.0
2024-03-14,0.0,19.05,73.05000305175781,48.0,0.0,2.764800786972046,48.0,100.0
2024-03-15,0.0,19.05,73.05000305175781,48.0,0.0,2.764800786972046,48.0,100.0
2024-03-16,0.0,19.05,73.05000305175781,48.0,0.0,2.764800786972046,48.0,100.0
2024-03-17,0.0,19.05,73.05000305175781,48.0,0.0,2.764800786972046,48.0,100.0
2024-03-18,0.0,19.05,73.05000305175781,48.0,0.0,2.764800786972046,48.0,100.0
2024-03-19,0.0,19.05,73.05000305175781,48.0,0.0,2.764800786972046,48.0,100.0
2024-03-20,0.0,19.05,73.05000305175781,48.0,0.0,2.764800786972046,48.0,100.0
2024-03-21,0.0,19.05,73.05000305175781,48.0,0.0,2.764800786972046,48.0,100.0
2024-03-22,0.0,19.05,73.05000305175781,48.0,0.0,2.764800786972046,48.0,100.0
2024-03-23,0.0,19.05,73.05000305175781,48.0,0.0,2.764800786972046,48.0,100.0
2024-03-24,0.0,19.05,73.05000305175781,48.0,0.0,2.764800786972046,48.0,100.0
2024-03-25,0.0,19.05,73.05000305175781,48.0,0.0,2.764800786972046,48.0,100.0
2024-03-26,0.0,19.05,73.05000305175781,48.0,0.0,2.764800786972046,48.0,100.0
2024-03-27,0.0,19.05,73.05000305175781,48.0,0.0,2.764800786972046,48.0,100.0
2024-03-28,0.0,19.05,73.05000305175781,48.0,0.0,2.764800786972046,48.0,100.0
2024-03-29,0.0,19.05,73.05000305175781,48.0,0.0,2.764800786972046,48.0,100.0
2024-03-30,0.0,19.05,73.05000305175781,48.0,0.0,2.764800786972046,48.0,100.0
2024-03-31,0.0,19.05,73.05000305175781,48.0,0.0,2.764800786972046,48.0,100.0
2024-04-01,0.0,19.05,73.05000305175781,48.0,0.0,2.764800786972046,48.0,100.0
2024-04-02,0.0,19.05,73.05000305175781,48.0,0.0,2.764800786972046,48.0,100.0
2024-04-03,0.0,19.05,73.05000305175781,48.0,0.0,2.764800786972046,48.0,100.0
2024-04-04,0.0,19.05,73.05000305175781,48.0,0.0,2.764800786972046,48.0,100.0
2024-04-05,0.0,19.05,73.05000305175781,48.0,0.0,2.764800786972046,48.0,100.0
2024-04-06,0.0,19.05,73.05000305175781,48.0,0.0,2.764800786972046,48.0,100.0
2024-04-07,0.0,19.05,73.05000305175781,48.0,0.0,2.764800786972046,48.0,100.0
2024-04-08,0.0,19.05,73.05000305175781,48.0,0.0,2.764800786972046,48.0,100.0
2024-04-09,0.0,19.05,73.05000305175781,48.0,0.0,2.764800786972046,48.0,100.0
2024-04-10,0.0,19.05,73.05000305175781,48.0,0.0,2.764800786972046,48.0,100.0
2024-04-11,0.0,19.05,73.05000305175781,48.0,0.0,2.764800786972046,48.0,100.0
2024-04-12,0.0,19.05,73.05000305175781,48.0,0.0,2.764800786972046,48.0,100.0
2024-04-13,0.0,19.05,73.05000305175781,48.0,0.0,2.764800786972046,48.0,100.0
2024-04-14,0.0,19.05,73.05000305175781,48.0,0.0,2.764800786972046,48.0,100.0
2024-04-15,0.0,19.05,73.05000305175781,48.0,0.0,2.764800786972046,48.0,100.0
2024-04-16,0.0,19.05,73.05000305175781,48.0,0.0,2.764800786972046,48.0,100.0
2024-04-17,0.0,19.05,73.05000305175781,48.0,0.0,2.764800786972046,48.0,100.0
2024-04-18,0.0,19.05,73.05000305175781,48.0,0.0,2.764800786972046,48.0,100.0
2024-04-19,0.0,19.05,73.05000305175781,48.0,0.0,2.764800786972046,48.0,100.0
2024-04-20,0.0,19.05,73.05000305175781,48.0,0.0,2.764800786972046,48.0,100.0
2024-04-21,0.0,19.05,73.05000305175781,48.0,0.0,2.764800786972046,48.0,100.0
2024-04-22,0.0,19.05,73.05000305175781,48.0,0.0,2.764800786972046,48.0,100.0
2024-04-23,0.0,19.05,73.05000305175781,48.0,0.0,2.764800786972046,48.0,100.0
2024-04-24,0.0,19.05,73.05000305175781,48.0,0.0,2.764800786972046,48.0,100.0
2024-04-25,0.0,19.05,73.05000305175781,48.0,0.0,2.764800786972046,48.0,100.0
2024-04-26,0.0,19.05,73.05000305175781,48.0,0.0,2.764800786972046,48.0,100.0
2024-04-27,0.0,19.05,73.05000305175781,48.0,0.0,2.764800786972046,48.0,100.0
2024-04-28,0.0,19.05,73.05000305175781,48.0,0.0,2.764800786972046,48.0,100.0
2024-04-29,0.0,19.05,73.05000305175781,48.0,0.0,2.764800786972046,48.0,100.0
2024-04-30,0.0,19.05,73.05000305175781,48.0,0.0,2.764800786972046,48.0,100.0
2024-05-01,0.0,19.05,73.05000305175781,48.0,0.0,2.764800786972046,48.0,100.0
2024-05-02,0.0,19.05,73.05000305175781,48.0,0.0,2.764800786972046,48.0,100.0
2024-05-03,0.0,19.05,73.05000305175781,48.0,0.0,2.764800786972046,48.0,100.0
2024-05-04,0.0,19.05,73.05000305175781,48.0,0.0,2.764800786972046,48.0,100.0
2024-05-05,0.0,19.05,73.05000305175781,48.0,0.0,2.764800786972046,48.0,100.0
2024-05-06,0.0,19.05,73.05000305175781,48.0,0.0,2.764800786972046,48.0,100.0
2024-05-07,0.0,19.05,73.05000305175781,48.0,0.0,2.764800786972046,48.0,100.0
2024-05-08,0.0,19.05,73.05000305175781,48.0,0.0,2.764800786972046,48.0,100.0
2024-05-09,0.0,19.05,73.05000305175781,48.0,0.0,2.764800786972046,48.0,100.0
2024-05-10,0.0,19.05,73.05000305175781,48.0,0.0,2.764800786972046,48.0,100.0
2024-05-11,0.0,19.05,73.05000305175781,48.0,0.0,2.764800786972046,48.0,100.0
2024-05-12,0.0,19.05,73.05000305175781,48.0,0.0,2.764800786972046,48.0,100.0
2024-05-13,3.2149996757507324,19.05,73.05000305175781,48.0,4.0,245.05702209472656,48.0,100.0
2024-05-14,0.0,19.05,73.05000305175781,48.0,0.0,2.764800786972046,48.0,100.0
2024-05-15,0.0,19.05,73.05000305175781,48.0,0.0,2.764800786972046,48.0,100.0
2024-05-16,20.0049991607666,19.05,73.05000305175781,48.0,10.0,2795.91064453125,48.0,100.0
2024-05-17,0.0,19.05,73.05000305175781,48.0,0.0,2.764800786972046,48.0,100.0
2024-05-18,0.0,19.05,73.05000305175781,48.0,0.0,2.764800786972046,48.0,100.0
2024-05-19,0.0,19.05,73.05000305175781,48.0,0.0,2.764800786972046,48.0,100.0
2024-05-20,0.0,19.05,73.05000305175781,48.0,0.0,2.764800786972046,48.0,100.0
2024-05-21,0.0,19.05,73.05000305175781,48.0,0.0,2.764800786972046,48.0,100.0
2024-05-22,0.0,19.05,73.05000305175781,48.0,0.0,2.764800786972046,48.0,100.0
2024-05-23,0.0,19.05,73.05000305175781,48.0,0.0,2.764800786972046,48.0,100.0
2024-05-24,0.0,19.05,73.05000305175781,48.0,0.0,2.764800786972046,48.0,100.0
2024-05-25,0.0,19.05,73.05000305175781,48.0,0.0,2.764800786972046,48.0,100.0
2024-05-26,0.25,19.05,73.05000305175781,48.0,2.0,12.946499824523926,48.0,100.0
2024-05-27,0.4749999940395355,19.05,73.05000305175781,48.0,7.0,19.7012996673584,48.0,100.0
2024-05-28,0.0,19.05,73.05000305175781,48.0,0.0,2.764800786972046,48.0,100.0
2024-05-29,0.0,19.05,73.05000305175781,48.0,0.0,2.764800786972046,48.0,100.0
2024-05-30,0.0,19.05,73.05000305175781,48.0,0.0,2.764800786972046,48.0,100.0
2024-05-31,0.0,19.05,73.05000305175781,48.0,0.0,2.764800786972046,48.0,100.0
2024-06-01,0.0,19.05,73.05000305175781,48.0,0.0,2.764800786972046,48.0,100.0
2024-06-02,0.0,19.05,73.05000305175781,48.0,0.0,2.764800786972046,48.0,100.0
2024-06-03,0.0,19.05,73.05000305175781,48.0,0.0,2.764800786972046,48.0,100.0
2024-06-04,0.004999999888241291,19.05,73.05000305175781,48.0,1.0,2.8441007137298584,48.0,100.0
2024-06-05,0.07499999552965164,19.05,73.05000305175781,48.0,1.0,5.017601013183594,48.0,100.0
2024-06-06,0.0,19.05,73.05000305175781,48.0,0.0,2.764800786972046,48.0,100.0
2024-06-07,1.6149998903274536,19.05,73.05000305175781,48.0,5.0,104.96559143066406,48.0,100.0
2024-06-08,20.189998626708984,19.05,73.05000305175781,48.0,11.0,2817.4609375,48.0,100.0
2024-06-09,59.85999298095703,19.05,73.05000305175781,48.0,28.0,8999.701171875,48.0,100.0
2024-06-10,17.28999900817871,19.05,73.05000305175781,48.0,32.0,1834.0469970703125,48.0,100.0
2024-06-11,18.989999771118164,19.05,73.05000305175781,48.0,32.0,1522.9781494140625,48.0,100.0
2024-06-12,1.0700000524520874,19.05,73.05000305175781,48.0,11.0,48.126869201660156,48.0,99.0
2024-06-13,3.6600000858306885,19.05,73.05000305175781,48.0,21.0,203.36883544921875,48.0,100.0
2024-06-14,2.259999990463257,19.05,73.05000305175781,48.0,19.0,110.89812469482422,48.0,100.0
2024-06-15,0.31999996304512024,19.05,73.05000305175781,48.0,8.0,11.472900390625,48.0,100.0
2024-06-16,0.20499998331069946,19.05,73.05000305175781,48.0,8.0,7.943600654602051,48.0,100.0
2024-06-17,14.635000228881836,19.05,73.05000305175781,48.0,29.0,1278.8062744140625,48.0,100.0
2024-06-18,9.139999389648438,19.05,73.05000305175781,48.0,26.0,658.691650390625,48.0,100.0
2024-06-19,35.16499328613281,19.05,73.05000305175781,48.0,39.0,3743.82666015625,48.0,100.0
2024-06-20,34.244998931884766,19.05,73.05000305175781,48.0,26.0,3499.310302734375,48.0,100.0
2024-06-21,10.379998207092285,19.05,73.05000305175781,48.0,15.0,873.08349609375,48.0,100.0
2024-06-22,2.9200003147125244,19.05,73.05000305175781,48.0,19.0,143.93771362304688,48.0,99.0
2024-06-23,13.28499984741211,19.05,73.05000305175781,48.0,26.0,986.7266845703125,48.0,100.0
2024-06-24,7.965000152587891,19.05,73.05000305175781,48.0,14.0,714.1231689453125,48.0,100.0
2024-06-25,0.5649999380111694,19.05,73.05000305175781,48.0,6.0,22.94369888305664,48.0,100.0
2024-06-26,10.940001487731934,19.05,73.05000305175781,48.0,18.0,895.9815673828125,48.0,99.0
2024-06-27,29.244998931884766,19.05,73.05000305175781,48.0,28.0,2966.163330078125,48.0,100.0
2024-06-28,40.649993896484375,19.05,73.05000305175781,48.0,45.0,4217.5869140625,48.0,100.0
2024-06-29,23.2399959564209,19.05,73.05000305175781,48.0,40.0,2019.67626953125,48.0,100.0
2024-06-30,27.305002212524414,19.05,73.05000305175781,48.0,40.0,2557.52685546875,48.0,99.0
2024-07-01,26.064998626708984,19.05,73.05000305175781,48.0,32.0,2648.331787109375,48.0,100.0
2024-07-02,11.875000953674316,19.05,73.05000305175781,48.0,24.0,1503.861572265625,48.0,99.0
2024-07-03,0.33500000834465027,19.05,73.05000305175781,48.0,9.0,11.61929988861084,48.0,100.0
2024-07-04,10.669999122619629,19.05,73.05000305175781,48.0,28.0,790.2033081054688,48.0,100.0
2024-07-05,16.46500015258789,19.05,73.05000305175781,48.0,29.0,1343.9400634765625,48.0,100.0
2024-07-06,76.3449935913086,19.05,73.05000305175781,48.0,45.0,13166.5166015625,48.0,100.0
2024-07-07,69.5050048828125,19.05,73.05000305175781,48.0,32.0,12850.134765625,48.0,99.0
2024-07-08,88.97499084472656,19.05,73.05000305175781,48.0,41.0,12353.0927734375,48.0,100.0
2024-07-09,9.274999618530273,19.05,73.05000305175781,48.0,19.0,1029.45361328125,48.0,100.0
2024-07-10,9.149999618530273,19.05,73.05000305175781,48.0,29.0,625.7933349609375,48.0,100.0
2024-07-11,31.919998168945312,19.05,73.05000305175781,48.0,39.0,3440.611083984375,48.0,100.0
2024-07-12,116.9850082397461,19.05,73.05000305175781,48.0,47.0,19149.6015625,48.0,99.0
2024-07-13,99.73001098632812,19.05,73.05000305175781,48.0,48.0,12596.033203125,48.0,100.0
2024-07-14,70.15499877929688,19.05,73.05000305175781,48.0,41.0,8968.1064453125,48.0,100.0
2024-07-15,13.159998893737793,19.05,73.05000305175781,48.0,29.0,952.686279296875,48.0,100.0
2024-07-16,7.104999542236328,19.05,73.05000305175781,48.0,22.0,426.8855895996094,48.0,100.0
2024-07-17,14.040000915527344,19.05,73.05000305175781,48.0,29.0,1041.4044189453125,48.0,99.0
2024-07-18,27.819997787475586,19.05,73.05000305175781,48.0,38.0,2519.836669921875,48.0,100.0
2024-07-19,38.784996032714844,19.05,73.05000305175781,48.0,40.0,3633.778564453125,48.0,100.0
2024-07-20,83.0199966430664,19.05,73.05000305175781,48.0,43.0,13238.193359375,48.0,100.0
2024-07-21,82.46501159667969,19.05,73.05000305175781,48.0,46.0,10285.56640625,48.0,99.0
2024-07-22,78.83999633789062,19.05,73.05000305175781,48.0,48.0,9579.09765625,48.0,100.0
2024-07-23,88.18499755859375,19.05,73.05000305175781,48.0,48.0,11147.2890625,48.0,100.0
2024-07-24,73.8949966430664,19.05,73.05000305175781,48.0,48.0,8136.2412109375,48.0,100.0
2024-07-25,103.53999328613281,19.05,73.05000305175781,48.0,46.0,17323.494140625,48.0,100.0
2024-07-26,8.630000114440918,19.05,73.05000305175781,48.0,28.0,496.35748291015625,48.0,100.0
2024-07-27,22.269996643066406,19.05,73.05000305175781,48.0,43.0,1781.5625,48.0,100.0
2024-07-28,63.32000732421875,19.05,73.05000305175781,48.0,46.0,7259.38671875,48.0,99.0
2024-07-29,18.53499984741211,19.05,73.05000305175781,48.0,35.0,1380.3834228515625,48.0,100.0
2024-07-30,6.505000114440918,19.05,73.05000305175781,48.0,28.0,337.9276123046875,48.0,100.0
2024-07-31,9.52500057220459,19.05,73.05000305175781,48.0,33.0,723.9088134765625,48.0,99.0
2024-08-01,13.554998397827148,19.05,73.05000305175781,48.0,27.0,1438.911376953125,48.0,100.0
2024-08-02,6.289999008178711,19.05,73.05000305175781,48.0,23.0,385.67193603515625,48.0,100.0
2024-08-03,87.2449951171875,19.05,73.05000305175781,48.0,45.0,13655.36328125,48.0,100.0
2024-08-04,46.8950080871582,19.05,73.05000305175781,48.0,44.0,5196.1123046875,48.0,99.0
2024-08-05,3.809999942779541,19.05,73.05000305175781,48.0,25.0,186.86854553222656,48.0,100.0
2024-08-06,15.165002822875977,19.05,73.05000305175781,48.0,34.0,1223.739013671875,48.0,99.0
2024-08-07,0.73499995470047,19.05,73.05000305175781,48.0,17.0,23.84749984741211,48.0,100.0
2024-08-08,1.6899998188018799,19.05,73.05000305175781,48.0,19.0,65.26388549804688,48.0,100.0
2024-08-09,2.9800000190734863,19.05,73.05000305175781,48.0,19.0,177.58982849121094,48.0,100.0
2024-08-10,1.7499995231628418,19.05,73.05000305175781,48.0,22.0,67.50123596191406,48.0,100.0
2024-08-11,1.3000000715255737,19.05,73.05000305175781,48.0,23.0,41.841495513916016,48.0,99.0
2024-08-12,0.054999999701976776,19.05,73.05000305175781,48.0,3.0,4.229100704193115,48.0,100.0
2024-08-13,0.2449999749660492,19.05,73.05000305175781,48.0,10.0,9.195899963378906,48.0,100.0
2024-08-14,0.014999999664723873,19.05,73.05000305175781,48.0,3.0,3.199500799179077,48.0,100.0
2024-08-15,0.019999999552965164,19.05,73.05000305175781,48.0,2.0,3.179600715637207,48.0,100.0
2024-08-16,0.7049999833106995,19.05,73.05000305175781,48.0,10.0,26.67970085144043,48.0,100.0
2024-08-17,4.989999294281006,19.05,73.05000305175781,48.0,20.0,330.6600036621094,48.0,100.0
2024-08-18,6.590001106262207,19.05,73.05000305175781,48.0,26.0,407.4859313964844,48.0,99.0
2024-08-19,44.910003662109375,19.05,73.05000305175781,48.0,31.0,6448.904296875,48.0,99.0
2024-08-20,59.954994201660156,19.05,73.05000305175781,48.0,25.0,11292.05859375,48.0,100.0
2024-08-21,15.749998092651367,19.05,73.05000305175781,48.0,25.0,1442.5013427734375,48.0,100.0
2024-08-22,45.43998718261719,19.05,73.05000305175781,48.0,32.0,7120.361328125,48.0,100.0
2024-08-23,35.97500228881836,19.05,73.05000305175781,48.0,36.0,3606.97509765625,48.0,99.0
2024-08-24,126.37498474121094,19.05,73.05000305175781,48.0,48.0,18516.283203125,48.0,100.0
2024-08-25,40.64500427246094,19.05,73.05000305175781,48.0,32.0,4248.24365234375,48.0,99.0
2024-08-26,15.34000015258789,19.05,73.05000305175781,48.0,30.0,1135.1575927734375,48.0,100.0
2024-08-27,1.1549999713897705,19.05,73.05000305175781,48.0,9.0,48.5728759765625,48.0,100.0
2024-08-28,1.6500000953674316,19.05,73.05000305175781,48.0,8.0,87.37997436523438,48.0,100.0
2024-08-29,0.0,19.05,73.05000305175781,48.0,0.0,2.764800786972046,48.0,100.0
2024-08-30,0.0949999988079071,19.05,73.05000305175781,48.0,2.0,5.133800506591797,48.0,100.0
2024-08-31,10.434999465942383,19.05,73.05000305175781,48.0,8.0,1350.26318359375,48.0,100.0
2024-09-01,26.259998321533203,19.05,73.05000305175781,48.0,37.0,2230.1484375,48.0,100.0
2024-09-02,38.834999084472656,19.05,73.05000305175781,48.0,47.0,3733.83447265625,48.0,100.0
2024-09-03,30.334999084472656,19.05,73.05000305175781,48.0,39.0,2814.12548828125,48.0,100.0
2024-09-04,12.674999237060547,19.05,73.05000305175781,48.0,29.0,997.0804443359375,48.0,100.0
2024-09-05,14.629999160766602,19.05,73.05000305175781,48.0,32.0,1041.0665283203125,48.0,100.0
2024-09-06,3.1800003051757812,19.05,73.05000305175781,48.0,18.0,164.26971435546875,48.0,99.0
2024-09-07,0.9049999713897705,19.05,73.05000305175781,48.0,7.0,42.1104621887207,48.0,100.0
2024-09-08,0.0,19.05,73.05000305175781,48.0,0.0,2.764800786972046,48.0,100.0
2024-09-09,2.444999933242798,19.05,73.05000305175781,48.0,22.0,92.69918060302734,48.0,100.0
2024-09-10,3.2300004959106445,19.05,73.05000305175781,48.0,19.0,141.532958984375,48.0,99.0
2024-09-11,0.7699999809265137,19.05,73.05000305175781,48.0,9.0,26.918298721313477,48.0,100.0
2024-09-12,0.0,19.05,73.05000305175781,48.0,0.0,2.764800786972046,48.0,100.0
2024-09-13,0.0,19.05,73.05000305175781,48.0,0.0,2.764800786972046,48.0,100.0
2024-09-14,0.0,19.05,73.05000305175781,48.0,0.0,2.764800786972046,48.0,100.0
2024-09-15,0.0,19.05,73.05000305175781,48.0,0.0,2.764800786972046,48.0,100.0
2024-09-16,0.0,19.05,73.05000305175781,48.0,0.0,2.764800786972046,48.0,100.0
2024-09-17,0.0,19.05,73.05000305175781,48.0,0.0,2.764800786972046,48.0,100.0
2024-09-18,0.0,19.05,73.05000305175781,48.0,0.0,2.764800786972046,48.0,100.0
2024-09-19,0.0,19.05,73.05000305175781,48.0,0.0,2.764800786972046,48.0,100.0
2024-09-20,0.0,19.05,73.05000305175781,48.0,0.0,2.764800786972046,48.0,100.0
2024-09-21,0.8650000095367432,19.05,73.05000305175781,48.0,9.0,31.2206974029541,48.0,100.0
2024-09-22,0.4749999940395355,19.05,73.05000305175781,48.0,5.0,19.561399459838867,48.0,100.0
2024-09-23,61.125,19.05,73.05000305175781,48.0,32.0,10450.3916015625,48.0,100.0
2024-09-24,82.31498718261719,19.05,73.05000305175781,48.0,44.0,12079.318359375,48.0,100.0
2024-09-25,143.21499633789062,19.05,73.05000305175781,48.0,44.0,27940.07421875,48.0,100.0
2024-09-26,38.19999694824219,19.05,73.05000305175781,48.0,38.0,4659.10693359375,48.0,100.0
2024-09-27,37.27499771118164,19.05,73.05000305175781,48.0,48.0,4074.41552734375,48.0,100.0
2024-09-28,2.950000286102295,19.05,73.05000305175781,48.0,15.0,159.74114990234375,48.0,99.0
2024-09-29,0.0,19.05,73.05000305175781,48.0,0.0,2.764800786972046,48.0,100.0
2024-09-30,0.9249999523162842,19.05,73.05000305175781,48.0,10.0,33.85553741455078,48.0,100.0
2024-10-01,0.26499998569488525,19.05,73.05000305175781,48.0,3.0,13.134900093078613,48.0,100.0
2024-10-02,1.024999976158142,19.05,73.05000305175781,48.0,10.0,44.09085464477539,48.0,100.0
2024-10-03,0.0,19.05,73.05000305175781,48.0,0.0,2.764800786972046,48.0,100.0
2024-10-04,0.0,19.05,73.05000305175781,48.0,0.0,2.764800786972046,48.0,100.0
2024-10-05,0.0,19.05,73.05000305175781,48.0,0.0,2.764800786972046,48.0,100.0
2024-10-06,4.145000457763672,19.05,73.05000305175781,48.0,7.0,345.3599853515625,48.0,99.0
2024-10-07,0.0,19.05,73.05000305175781,48.0,0.0,2.764800786972046,48.0,100.0
2024-10-08,0.2150000035762787,19.05,73.05000305175781,48.0,4.0,10.056200981140137,48.0,100.0
2024-10-09,11.180002212524414,19.05,73.05000305175781,48.0,44.0,737.670654296875,48.0,99.0
2024-10-10,14.42500114440918,19.05,73.05000305175781,48.0,34.0,1269.82763671875,48.0,99.0
2024-10-11,11.309999465942383,19.05,73.05000305175781,48.0,26.0,1021.2293090820312,48.0,100.0
2024-10-12,0.2150000035762787,19.05,73.05000305175781,48.0,4.0,8.720900535583496,48.0,100.0
2024-10-13,14.995000839233398,19.05,73.05000305175781,48.0,18.0,1353.1751708984375,48.0,100.0
2024-10-14,28.019996643066406,19.05,73.05000305175781,48.0,20.0,4258.03662109375,48.0,100.0
2024-10-15,5.289999961853027,19.05,73.05000305175781,48.0,14.0,450.3896484375,48.0,100.0
2024-10-16,1.1200000047683716,19.05,73.05000305175781,48.0,19.0,38.881797790527344,48.0,100.0
2024-10-17,3.620000123977661,19.05,73.05000305175781,48.0,18.0,207.5725555419922,48.0,100.0
2024-10-18,2.249999523162842,19.05,73.05000305175781,48.0,21.0,103.4878158569336,48.0,100.0
2024-10-19,7.325000762939453,19.05,73.05000305175781,48.0,26.0,558.6011962890625,48.0,99.0
2024-10-20,45.14500045776367,19.05,73.05000305175781,48.0,36.0,7049.56298828125,48.0,100.0
2024-10-21,0.0,19.05,73.05000305175781,48.0,0.0,2.764800786972046,48.0,100.0
2024-10-22,0.0,19.05,73.05000305175781,48.0,0.0,2.764800786972046,48.0,100.0
2024-10-23,0.0,19.05,73.05000305175781,48.0,0.0,2.764800786972046,48.0,100.0
2024-10-24,0.0,19.05,73.05000305175781,48.0,0.0,2.764800786972046,48.0,100.0
2024-10-25,0.0,19.05,73.05000305175781,48.0,0.0,2.764800786972046,48.0,100.0
2024-10-26,0.0,19.05,73.05000305175781,48.0,0.0,2.764800786972046,48.0,100.0
2024-10-27,0.0,19.05,73.05000305175781,48.0,0.0,2.764800786972046,48.0,100.0
2024-10-28,0.0,19.05,73.05000305175781,48.0,0.0,2.764800786972046,48.0,100.0
2024-10-29,0.0,19.05,73.05000305175781,48.0,0.0,2.764800786972046,48.0,100.0
2024-10-30,0.0,19.05,73.05000305175781,48.0,0.0,2.764800786972046,48.0,100.0
2024-10-31,0.0,19.05,73.05000305175781,48.0,0.0,2.764800786972046,48.0,100.0
2024-11-01,0.0,19.05,73.05000305175781,48.0,0.0,2.764800786972046,48.0,100.0
2024-11-02,0.0,19.05,73.05000305175781,48.0,0.0,2.764800786972046,48.0,100.0
2024-11-03,0.0,19.05,73.05000305175781,48.0,0.0,2.764800786972046,48.0,100.0
2024-11-04,0.0,19.05,73.05000305175781,48.0,0.0,2.764800786972046,48.0,100.0
2024-11-05,0.0,19.05,73.05000305175781,48.0,0.0,2.764800786972046,48.0,100.0
2024-11-06,0.0,19.05,73.05000305175781,48.0,0.0,2.764800786972046,48.0,100.0
2024-11-07,0.0,19.05,73.05000305175781,48.0,0.0,2.764800786972046,48.0,100.0
2024-11-08,0.0,19.05,73.05000305175781,48.0,0.0,2.764800786972046,48.0,100.0
2024-11-09,0.0,19.05,73.05000305175781,48.0,0.0,2.764800786972046,48.0,100.0
2024-11-10,0.0,19.05,73.05000305175781,48.0,0.0,2.764800786972046,48.0,100.0
2024-11-11,0.0,19.05,73.05000305175781,48.0,0.0,2.764800786972046,48.0,100.0
2024-11-12,0.0,19.05,73.05000305175781,48.0,0.0,2.764800786972046,48.0,100.0
2024-11-13,0.0,19.05,73.05000305175781,48.0,0.0,2.764800786972046,48.0,100.0
2024-11-14,0.0,19.05,73.05000305175781,48.0,0.0,2.764800786972046,48.0,100.0
2024-11-15,0.0,19.05,73.05000305175781,48.0,0.0,2.764800786972046,48.0,100.0
2024-11-16,0.0,19.05,73.05000305175781,48.0,0.0,2.764800786972046,48.0,100.0
2024-11-17,0.0,19.05,73.05000305175781,48.0,0.0,2.764800786972046,48.0,100.0
2024-11-18,0.0,19.05,73.05000305175781,48.0,0.0,2.764800786972046,48.0,100.0
2024-11-19,0.0,19.05,73.05000305175781,48.0,0.0,2.764800786972046,48.0,100.0
2024-11-20,0.0,19.05,73.05000305175781,48.0,0.0,2.764800786972046,48.0,100.0
2024-11-21,0.0,19.05,73.05000305175781,48.0,0.0,2.764800786972046,48.0,100.0
2024-11-22,0.0,19.05,73.05000305175781,48.0,0.0,2.764800786972046,48.0,100.0
2024-11-23,0.0,19.05,73.05000305175781,48.0,0.0,2.764800786972046,48.0,100.0
2024-11-24,0.0,19.05,73.05000305175781,48.0,0.0,2.764800786972046,48.0,100.0
2024-11-25,0.0,19.05,73.05000305175781,48.0,0.0,2.764800786972046,48.0,100.0
2024-11-26,0.0,19.05,73.05000305175781,48.0,0.0,2.764800786972046,48.0,100.0
2024-11-27,0.0,19.05,73.05000305175781,48.0,0.0,2.764800786972046,48.0,100.0
2024-11-28,0.0,19.05,73.05000305175781,48.0,0.0,2.764800786972046,48.0,100.0
2024-11-29,0.0,19.05,73.05000305175781,48.0,0.0,2.764800786972046,48.0,100.0
2024-11-30,0.0,19.05,73.05000305175781,48.0,0.0,2.764800786972046,48.0,100.0
2024-12-01,0.0,19.05,73.05000305175781,48.0,0.0,2.764800786972046,48.0,100.0
2024-12-02,0.0,19.05,73.05000305175781,48.0,0.0,2.764800786972046,48.0,100.0
2024-12-03,0.24500000476837158,19.05,73.05000305175781,48.0,3.0,10.668500900268555,48.0,100.0
2024-12-04,0.0,19.05,73.05000305175781,48.0,0.0,2.764800786972046,48.0,100.0
2024-12-05,0.0,19.05,73.05000305175781,48.0,0.0,2.764800786972046,48.0,100.0
2024-12-06,0.0,19.05,73.05000305175781,48.0,0.0,2.764800786972046,48.0,100.0
2024-12-07,0.0,19.05,73.05000305175781,48.0,0.0,2.764800786972046,48.0,100.0
2024-12-08,0.0,19.05,73.05000305175781,48.0,0.0,2.764800786972046,48.0,100.0
2024-12-09,0.0,19.05,73.05000305175781,48.0,0.0,2.764800786972046,48.0,100.0
2024-12-10,0.0,19.05,73.05000305175781,48.0,0.0,2.764800786972046,48.0,100.0
2024-12-11,0.0,19.05,73.05000305175781,48.0,0.0,2.764800786972046,48.0,100.0
2024-12-12,0.0,19.05,73.05000305175781,48.0,0.0,2.764800786972046,48.0,100.0
2024-12-13,0.0,19.05,73.05000305175781,48.0,0.0,2.764800786972046,48.0,100.0
2024-12-14,0.0,19.05,73.05000305175781,48.0,0.0,2.764800786972046,48.0,100.0
2024-12-15,0.0,19.05,73.05000305175781,48.0,0.0,2.764800786972046,48.0,100.0
2024-12-16,0.0,19.05,73.05000305175781,48.0,0.0,2.764800786972046,48.0,100.0
2024-12-17,0.0,19.05,73.05000305175781,48.0,0.0,2.764800786972046,48.0,100.0
2024-12-18,0.0,19.05,73.05000305175781,48.0,0.0,2.764800786972046,48.0,100.0
2024-12-19,0.0,19.05,73.05000305175781,48.0,0.0,2.764800786972046,48.0,100.0
2024-12-20,0.0,19.05,73.05000305175781,48.0,0.0,2.764800786972046,48.0,100.0
2024-12-21,0.0,19.05,73.05000305175781,48.0,0.0,2.764800786972046,48.0,100.0
2024-12-22,0.0,19.05,73.05000305175781,48.0,0.0,2.764800786972046,48.0,100.0
2024-12-23,0.0,19.05,73.05000305175781,48.0,0.0,2.764800786972046,48.0,100.0
2024-12-24,0.0,19.05,73.05000305175781,48.0,0.0,2.764800786972046,48.0,100.0
2024-12-25,0.0,19.05,73.05000305175781,48.0,0.0,2.764800786972046,48.0,100.0
2024-12-26,0.0,19.05,73.05000305175781,48.0,0.0,2.764800786972046,48.0,100.0
2024-12-27,0.0,19.05,73.05000305175781,48.0,0.0,2.764800786972046,48.0,100.0
2024-12-28,0.0,19.05,73.05000305175781,48.0,0.0,2.764800786972046,48.0,100.0
2024-12-29,0.0,19.05,73.05000305175781,48.0,0.0,2.764800786972046,48.0,100.0
2024-12-30,0.0,19.05,73.05000305175781,48.0,0.0,2.764800786972046,48.0,100.0
2024-12-31,0.0,19.05,73.05000305175781,48.0,0.0,2.764800786972046,48.0,100.0
2025-01-01,0.0,19.05,73.05000305175781,48.0,0.0,2.764800786972046,48.0,100.0
2025-01-02,0.0,19.05,73.05000305175781,48.0,0.0,2.764800786972046,48.0,100.0
2025-01-03,0.0,19.05,73.05000305175781,48.0,0.0,2.764800786972046,48.0,100.0
2025-01-04,0.0,19.05,73.05000305175781,48.0,0.0,2.764800786972046,48.0,100.0
2025-01-05,0.0,19.05,73.05000305175781,48.0,0.0,2.764800786972046,48.0,100.0
2025-01-06,0.0,19.05,73.05000305175781,48.0,0.0,2.764800786972046,48.0,100.0
2025-01-07,0.0,19.05,73.05000305175781,48.0,0.0,2.764800786972046,48.0,100.0
2025-01-08,0.0,19.05,73.05000305175781,48.0,0.0,2.764800786972046,48.0,100.0
2025-01-09,0.0,19.05,73.05000305175781,48.0,0.0,2.764800786972046,48.0,100.0
2025-01-10,0.0,19.05,73.05000305175781,48.0,0.0,2.764800786972046,48.0,100.0
2025-01-11,0.0,19.05,73.05000305175781,48.0,0.0,2.764800786972046,48.0,100.0
2025-01-12,0.0,19.05,73.05000305175781,48.0,0.0,2.764800786972046,48.0,100.0
2025-01-13,0.0,19.05,73.05000305175781,48.0,0.0,2.764800786972046,48.0,100.0
2025-01-14,0.0,19.05,73.05000305175781,48.0,0.0,2.764800786972046,48.0,100.0
2025-01-15,0.0,19.05,73.05000305175781,48.0,0.0,2.764800786972046,48.0,100.0
2025-01-16,0.0,19.05,73.05000305175781,48.0,0.0,2.764800786972046,48.0,100.0
2025-01-17,0.0,19.05,73.05000305175781,48.0,0.0,2.764800786972046,48.0,100.0
2025-01-18,0.0,19.05,73.05000305175781,48.0,0.0,2.764800786972046,48.0,100.0
2025-01-19,0.0,19.05,73.05000305175781,48.0,0.0,2.764800786972046,48.0,100.0
2025-01-20,0.0,19.05,73.05000305175781,48.0,0.0,2.764800786972046,48.0,100.0
2025-01-21,0.0,19.05,73.05000305175781,48.0,0.0,2.764800786972046,48.0,100.0
2025-01-22,0.0,19.05,73.05000305175781,48.0,0.0,2.764800786972046,48.0,100.0
2025-01-23,0.0,19.05,73.05000305175781,48.0,0.0,2.764800786972046,48.0,100.0
2025-01-24,0.0,19.05,73.05000305175781,48.0,0.0,2.764800786972046,48.0,100.0
2025-01-25,0.0,19.05,73.05000305175781,48.0,0.0,2.764800786972046,48.0,100.0
2025-01-26,0.0,19.05,73.05000305175781,48.0,0.0,2.764800786972046,48.0,100.0
2025-01-27,0.0,19.05,73.05000305175781,48.0,0.0,2.764800786972046,48.0,100.0
2025-01-28,0.0,19.05,73.05000305175781,48.0,0.0,2.764800786972046,48.0,100.0
2025-01-29,0.0,19.05,73.05000305175781,48.0,0.0,2.764800786972046,48.0,100.0
2025-01-30,0.0,19.05,73.05000305175781,48.0,0.0,2.764800786972046,48.0,100.0
2025-01-31,0.0,19.05,73.05000305175781,48.0,0.0,2.764800786972046,48.0,100.0
2025-02-01,0.0,19.05,73.05000305175781,48.0,0.0,2.764800786972046,48.0,100.0
2025-02-02,0.0,19.05,73.05000305175781,48.0,0.0,2.764800786972046,48.0,100.0
2025-02-03,0.0,19.05,73.05000305175781,48.0,0.0,2.764800786972046,48.0,100.0
2025-02-04,0.0,19.05,73.05000305175781,48.0,0.0,2.764800786972046,48.0,100.0
2025-02-05,0.0,19.05,73.05000305175781,48.0,0.0,2.764800786972046,48.0,100.0
2025-02-06,0.0,19.05,73.05000305175781,48.0,0.0,2.764800786972046,48.0,100.0
2025-02-07,0.0,19.05,73.05000305175781,48.0,0.0,2.764800786972046,48.0,100.0
2025-02-08,0.0,19.05,73.05000305175781,48.0,0.0,2.764800786972046,48.0,100.0
2025-02-09,0.0,19.05,73.05000305175781,48.0,0.0,2.764800786972046,48.0,100.0
2025-02-10,0.0,19.05,73.05000305175781,48.0,0.0,2.764800786972046,48.0,100.0
2025-02-11,0.0,19.05,73.05000305175781,48.0,0.0,2.764800786972046,48.0,100.0
2025-02-12,0.0,19.05,73.05000305175781,48.0,0.0,2.764800786972046,48.0,100.0
2025-02-13,0.0,19.05,73.05000305175781,48.0,0.0,2.764800786972046,48.0,100.0
2025-02-14,0.0,19.05,73.05000305175781,48.0,0.0,2.764800786972046,48.0,100.0
2025-02-15,0.0,19.05,73.05000305175781,48.0,0.0,2.764800786972046,48.0,100.0
2025-02-16,0.0,19.05,73.05000305175781,48.0,0.0,2.764800786972046,48.0,100.0
2025-02-17,0.0,19.05,73.05000305175781,48.0,0.0,2.764800786972046,48.0,100.0
2025-02-18,0.0,19.05,73.05000305175781,48.0,0.0,2.764800786972046,48.0,100.0
2025-02-19,0.0,19.05,73.05000305175781,48.0,0.0,2.764800786972046,48.0,100.0
2025-02-20,0.0,19.05,73.05000305175781,48.0,0.0,2.764800786972046,48.0,100.0
2025-02-21,0.0,19.05,73.05000305175781,48.0,0.0,2.764800786972046,48.0,100.0
2025-02-22,0.0,19.05,73.05000305175781,48.0,0.0,2.764800786972046,48.0,100.0
2025-02-23,0.0,19.05,73.05000305175781,48.0,0.0,2.764800786972046,48.0,100.0
2025-02-24,0.0,19.05,73.05000305175781,48.0,0.0,2.764800786972046,48.0,100.0
2025-02-25,0.0,19.05,73.05000305175781,48.0,0.0,2.764800786972046,48.0,100.0
2025-02-26,0.0,19.05,73.05000305175781,48.0,0.0,2.764800786972046,48.0,100.0
2025-02-27,0.0,19.05,73.05000305175781,48.0,0.0,2.764800786972046,48.0,100.0
2025-02-28,0.0,19.05,73.05000305175781,48.0,0.0,2.764800786972046,48.0,100.0
2025-03-01,0.0,19.05,73.05000305175781,48.0,0.0,2.764800786972046,48.0,100.0
2025-03-02,0.0,19.05,73.05000305175781,48.0,0.0,2.764800786972046,48.0,100.0
2025-03-03,0.0,19.05,73.05000305175781,48.0,0.0,2.764800786972046,48.0,100.0
2025-03-04,0.0,19.05,73.05000305175781,48.0,0.0,2.764800786972046,48.0,100.0
2025-03-05,0.0,19.05,73.05000305175781,48.0,0.0,2.764800786972046,48.0,100.0
2025-03-06,0.0,19.05,73.05000305175781,48.0,0.0,2.764800786972046,48.0,100.0
2025-03-07,0.0,19.05,73.05000305175781,48.0,0.0,2.764800786972046,48.0,100.0
2025-03-08,0.0,19.05,73.05000305175781,48.0,0.0,2.764800786972046,48.0,100.0
2025-03-09,0.0,19.05,73.05000305175781,48.0,0.0,2.764800786972046,48.0,100.0
2025-03-10,0.0,19.05,73.05000305175781,48.0,0.0,2.764800786972046,48.0,100.0
2025-03-11,0.0,19.05,73.05000305175781,48.0,0.0,2.764800786972046,48.0,100.0
2025-03-12,0.0,19.05,73.05000305175781,48.0,0.0,2.764800786972046,48.0,100.0
2025-03-13,0.0,19.05,73.05000305175781,48.0,0.0,2.764800786972046,48.0,100.0
2025-03-14,0.0,19.05,73.05000305175781,48.0,0.0,2.764800786972046,48.0,100.0
2025-03-15,0.0,19.05,73.05000305175781,48.0,0.0,2.764800786972046,48.0,100.0
2025-03-16,0.0,19.05,73.05000305175781,48.0,0.0,2.764800786972046,48.0,100.0
2025-03-17,0.0,19.05,73.05000305175781,48.0,0.0,2.764800786972046,48.0,100.0
2025-03-18,0.0,19.05,73.05000305175781,48.0,0.0,2.764800786972046,48.0,100.0
2025-03-19,0.0,19.05,73.05000305175781,48.0,0.0,2.764800786972046,48.0,100.0
2025-03-20,0.0,19.05,73.05000305175781,48.0,0.0,2.764800786972046,48.0,100.0
2025-03-21,0.0,19.05,73.05000305175781,48.0,0.0,2.764800786972046,48.0,100.0
2025-03-22,0.0,19.05,73.05000305175781,48.0,0.0,2.764800786972046,48.0,100.0
2025-03-23,0.0,19.05,73.05000305175781,48.0,0.0,2.764800786972046,48.0,100.0
2025-03-24,0.0,19.05,73.05000305175781,48.0,0.0,2.764800786972046,48.0,100.0
2025-03-25,0.0,19.05,73.05000305175781,48.0,0.0,2.764800786972046,48.0,100.0
2025-03-26,0.0,19.05,73.05000305175781,48.0,0.0,2.764800786972046,48.0,100.0
2025-03-27,0.0,19.05,73.05000305175781,48.0,0.0,2.764800786972046,48.0,100.0
2025-03-28,0.0,19.05,73.05000305175781,48.0,0.0,2.764800786972046,48.0,100.0
2025-03-29,0.0,19.05,73.05000305175781,48.0,0.0,2.764800786972046,48.0,100.0
2025-03-30,0.0,19.05,73.05000305175781,48.0,0.0,2.764800786972046,48.0,100.0
2025-03-31,0.0,19.05,73.05000305175781,48.0,0.0,2.764800786972046,48.0,100.0
2025-04-01,0.0,19.05,73.05000305175781,48.0,0.0,2.764800786972046,48.0,100.0
2025-04-02,0.0,19.05,73.05000305175781,48.0,0.0,2.764800786972046,48.0,100.0
2025-04-03,0.0,19.05,73.05000305175781,48.0,0.0,2.764800786972046,48.0,100.0
2025-04-04,3.5799999237060547,19.05,73.05000305175781,48.0,4.0,314.75347900390625,48.0,100.0
2025-04-05,0.0,19.05,73.05000305175781,48.0,0.0,2.764800786972046,48.0,100.0
2025-04-06,0.0,19.05,73.05000305175781,48.0,0.0,2.764800786972046,48.0,100.0
2025-04-07,0.0,19.05,73.05000305175781,48.0,0.0,2.764800786972046,48.0,100.0
2025-04-08,0.0,19.05,73.05000305175781,48.0,0.0,2.764800786972046,48.0,100.0
2025-04-09,0.0,19.05,73.05000305175781,48.0,0.0,2.764800786972046,48.0,100.0
2025-04-10,0.0,19.05,73.05000305175781,48.0,0.0,2.764800786972046,48.0,100.0
2025-04-11,0.0,19.05,73.05000305175781,48.0,0.0,2.764800786972046,48.0,100.0
2025-04-12,0.0,19.05,73.05000305175781,48.0,0.0,2.764800786972046,48.0,100.0
2025-04-13,0.0,19.05,73.05000305175781,48.0,0.0,2.764800786972046,48.0,100.0
2025-04-14,0.0,19.05,73.05000305175781,48.0,0.0,2.764800786972046,48.0,100.0
2025-04-15,0.0,19.05,73.05000305175781,48.0,0.0,2.764800786972046,48.0,100.0
2025-04-16,0.0,19.05,73.05000305175781,48.0,0.0,2.764800786972046,48.0,100.0
2025-04-17,0.0,19.05,73.05000305175781,48.0,0.0,2.764800786972046,48.0,100.0
2025-04-18,0.0,19.05,73.05000305175781,48.0,0.0,2.764800786972046,48.0,100.0
2025-04-19,0.0,19.05,73.05000305175781,48.0,0.0,2.764800786972046,48.0,100.0
2025-04-20,0.0,19.05,73.05000305175781,48.0,0.0,2.764800786972046,48.0,100.0
2025-04-21,0.0,19.05,73.05000305175781,48.0,0.0,2.764800786972046,48.0,100.0
2025-04-22,0.0,19.05,73.05000305175781,48.0,0.0,2.764800786972046,48.0,100.0
2025-04-23,0.0,19.05,73.05000305175781,48.0,0.0,2.764800786972046,48.0,100.0
2025-04-24,0.0,19.05,73.05000305175781,48.0,0.0,2.764800786972046,48.0,100.0
2025-04-25,0.0,19.05,73.05000305175781,48.0,0.0,2.764800786972046,48.0,100.0
2025-04-26,0.0,19.05,73.05000305175781,48.0,0.0,2.764800786972046,48.0,100.0
2025-04-27,0.0,19.05,73.05000305175781,48.0,0.0,2.764800786972046,48.0,100.0
2025-04-28,0.0,19.05,73.05000305175781,48.0,0.0,2.764800786972046,48.0,100.0
2025-04-29,0.0,19.05,73.05000305175781,48.0,0.0,2.764800786972046,48.0,100.0
2025-04-30,0.0,19.05,73.05000305175781,48.0,0.0,2.764800786972046,48.0,100.0
2025-05-01,0.0,19.05,73.05000305175781,48.0,0.0,2.764800786972046,48.0,100.0
2025-05-02,0.0,19.05,73.05000305175781,48.0,0.0,2.764800786972046,48.0,100.0
2025-05-03,0.0,19.05,73.05000305175781,48.0,0.0,2.764800786972046,48.0,100.0
2025-05-04,0.0,19.05,73.05000305175781,48.0,0.0,2.764800786972046,48.0,100.0
2025-05-05,0.0,19.05,73.05000305175781,48.0,0.0,2.764800786972046,48.0,100.0
2025-05-06,0.019999999552965164,19.05,73.05000305175781,48.0,1.0,3.25610089302063,48.0,100.0
2025-05-07,15.850000381469727,19.05,73.05000305175781,48.0,36.0,1262.47509765625,48.0,100.0
2025-05-08,0.014999999664723873,19.05,73.05000305175781,48.0,1.0,3.0916006565093994,48.0,100.0
2025-05-09,0.07000000029802322,19.05,73.05000305175781,48.0,1.0,4.838800430297852,48.0,100.0
2025-05-10,0.0,19.05,73.05000305175781,48.0,0.0,2.764800786972046,48.0,100.0
2025-05-11,0.0,19.05,73.05000305175781,48.0,0.0,2.764800786972046,48.0,100.0
2025-05-12,0.0,19.05,73.05000305175781,48.0,0.0,2.764800786972046,48.0,100.0
2025-05-13,2.4099998474121094,19.05,73.05000305175781,48.0,6.0,151.4014434814453,48.0,100.0
2025-05-14,6.6349992752075195,19.05,73.05000305175781,48.0,7.0,644.610595703125,48.0,100.0
2025-05-15,5.604999542236328,19.05,73.05000305175781,48.0,17.0,428.8999328613281,48.0,100.0
2025-05-16,0.815000057220459,19.05,73.05000305175781,48.0,13.0,33.42679977416992,48.0,99.0
2025-05-17,0.09999999403953552,19.05,73.05000305175781,48.0,3.0,5.238500595092773,48.0,100.0
2025-05-18,7.045000076293945,19.05,73.05000305175781,48.0,16.0,699.3402099609375,48.0,100.0
2025-05-19,22.50499725341797,19.05,73.05000305175781,48.0,19.0,3053.312255859375,48.0,100.0
2025-05-20,39.779991149902344,19.05,73.05000305175781,48.0,25.0,6086.99072265625,48.0,100.0
2025-05-21,42.09000015258789,19.05,73.05000305175781,48.0,19.0,7982.2041015625,48.0,100.0
2025-05-22,3.8550000190734863,19.05,73.05000305175781,48.0,15.0,206.9363250732422,48.0,100.0
2025-05-23,4.810000896453857,19.05,73.05000305175781,48.0,32.0,226.56602478027344,48.0,99.0
2025-05-24,12.524999618530273,19.05,73.05000305175781,48.0,29.0,884.8328857421875,48.0,100.0
2025-05-25,90.41499328613281,19.05,73.05000305175781,48.0,48.0,13008.423828125,48.0,100.0
2025-05-26,119.93498229980469,19.05,73.05000305175781,48.0,46.0,18178.8984375,48.0,100.0
2025-05-27,6.444999694824219,19.05,73.05000305175781,48.0,27.0,366.4665832519531,48.0,100.0
2025-05-28,7.320000648498535,19.05,73.05000305175781,48.0,14.0,658.3460693359375,48.0,99.0
2025-05-29,0.0,19.05,73.05000305175781,48.0,0.0,2.764800786972046,48.0,100.0
2025-05-30,0.0,19.05,73.05000305175781,48.0,0.0,2.764800786972046,48.0,100.0
2025-05-31,1.3949999809265137,19.05,73.05000305175781,48.0,3.0,88.1980972290039,48.0,100.0
2025-06-01,2.7200000286102295,19.05,73.05000305175781,48.0,6.0,184.38223266601562,48.0,100.0
2025-06-02,0.0,19.05,73.05000305175781,48.0,0.0,2.764800786972046,48.0,100.0
2025-06-03,0.8700000047683716,19.05,73.05000305175781,48.0,1.0,69.94719696044922,48.0,100.0
2025-06-04,5.079999923706055,19.05,73.05000305175781,48.0,7.0,429.6756896972656,48.0,100.0
2025-06-05,9.054999351501465,19.05,73.05000305175781,48.0,11.0,734.66650390625,48.0,100.0
2025-06-06,0.7949999570846558,19.05,73.05000305175781,48.0,2.0,55.349246978759766,48.0,100.0
2025-06-07,28.475000381469727,19.05,73.05000305175781,48.0,17.0,3968.562255859375,48.0,100.0
2025-06-08,0.44999998807907104,19.05,73.05000305175781,48.0,8.0,16.815298080444336,48.0,100.0
2025-06-09,0.0,19.05,73.05000305175781,48.0,0.0,2.764800786972046,48.0,100.0
2025-06-10,1.9149999618530273,19.05,73.05000305175781,48.0,5.0,127.3593978881836,48.0,100.0
2025-06-11,6.585000038146973,19.05,73.05000305175781,48.0,12.0,486.8526306152344,48.0,100.0
2025-06-12,15.880001068115234,19.05,73.05000305175781,48.0,20.0,1717.6856689453125,48.0,100.0
2025-06-13,43.524993896484375,19.05,73.05000305175781,48.0,33.0,5066.52001953125,48.0,100.0
2025-06-14,91.09498596191406,19.05,73.05000305175781,48.0,24.0,17973.60546875,48.0,100.0
2025-06-15,66.08499908447266,19.05,73.05000305175781,48.0,28.0,9273.8359375,48.0,100.0
2025-06-16,85.87001037597656,19.05,73.05000305175781,48.0,38.0,14053.2119140625,48.0,99.0
2025-06-17,1.3000000715255737,19.05,73.05000305175781,48.0,4.0,83.02120208740234,48.0,99.0
2025-06-18,84.47000122070312,19.05,73.05000305175781,48.0,44.0,11683.986328125,48.0,100.0
2025-06-19,66.07499694824219,19.05,73.05000305175781,48.0,29.0,10205.7666015625,48.0,100.0
2025-06-20,0.0,19.05,73.05000305175781,48.0,0.0,2.764800786972046,48.0,100.0
2025-06-21,0.004999999888241291,19.05,73.05000305175781,48.0,1.0,2.9008007049560547,48.0,100.0
2025-06-22,0.8249999284744263,19.05,73.05000305175781,48.0,10.0,33.76409149169922,48.0,100.0
2025-06-23,50.709999084472656,19.05,73.05000305175781,48.0,39.0,6856.53173828125,48.0,99.0
2025-06-24,18.46999740600586,19.05,73.05000305175781,48.0,30.0,1458.45361328125,48.0,100.0
2025-06-25,6.244999885559082,19.05,73.05000305175781,48.0,20.0,439.490966796875,48.0,100.0
2025-06-26,8.664999961853027,19.05,73.05000305175781,48.0,30.0,567.5941162109375,48.0,100.0
2025-06-27,8.510001182556152,19.05,73.05000305175781,48.0,22.0,632.0697631835938,48.0,99.0
2025-06-28,4.324999809265137,19.05,73.05000305175781,48.0,14.0,280.3049621582031,48.0,100.0
2025-06-29,0.23999999463558197,19.05,73.05000305175781,48.0,9.0,8.745901107788086,48.0,100.0
2025-06-30,5.480000019073486,19.05,73.05000305175781,48.0,22.0,324.76068115234375,48.0,100.0
2025-07-01,29.419998168945312,19.05,73.05000305175781,48.0,34.0,3150.950439453125,48.0,100.0
2025-07-02,70.70500183105469,19.05,73.05000305175781,48.0,40.0,9705.8701171875,48.0,100.0
2025-07-03,34.05500030517578,19.05,73.05000305175781,48.0,30.0,3822.662109375,48.0,100.0
2025-07-04,13.684999465942383,19.05,73.05000305175781,48.0,35.0,1016.296630859375,48.0,100.0
2025-07-05,11.02499771118164,19.05,73.05000305175781,48.0,14.0,1122.7882080078125,48.0,100.0
2025-07-06,45.18000411987305,19.05,73.05000305175781,48.0,38.0,5532.70849609375,48.0,99.0
2025-07-07,27.5049991607666,19.05,73.05000305175781,48.0,40.0,2674.0615234375,48.0,100.0
2025-07-08,3.7199997901916504,19.05,73.05000305175781,48.0,10.0,272.7521667480469,48.0,100.0
2025-07-09,29.479997634887695,19.05,73.05000305175781,48.0,22.0,5719.3525390625,48.0,100.0
2025-07-10,1.7549998760223389,19.05,73.05000305175781,48.0,18.0,64.87168884277344,48.0,100.0
2025-07-11,4.375,19.05,73.05000305175781,48.0,10.0,368.6334228515625,48.0,100.0
2025-07-12,0.24500000476837158,19.05,73.05000305175781,48.0,5.0,9.111800193786621,48.0,100.0
2025-07-13,6.499999523162842,19.05,73.05000305175781,48.0,17.0,495.1809997558594,48.0,100.0
2025-07-14,47.4950065612793,19.05,73.05000305175781,48.0,35.0,6386.21484375,48.0,99.0
2025-07-15,22.03999900817871,19.05,73.05000305175781,48.0,16.0,2599.416259765625,48.0,100.0
2025-07-16,5.789999961853027,19.05,73.05000305175781,48.0,3.0,788.237060546875,48.0,100.0
2025-07-17,11.609999656677246,19.05,73.05000305175781,48.0,10.0,1331.471435546875,48.0,100.0
2025-07-18,5.53000020980835,19.05,73.05000305175781,48.0,4.0,762.2232055664062,48.0,100.0
2025-07-19,0.9399999380111694,19.05,73.05000305175781,48.0,6.0,68.20065307617188,48.0,100.0
2025-07-20,3.9449996948242188,19.05,73.05000305175781,48.0,15.0,231.2845001220703,48.0,100.0
2025-07-21,53.31500244140625,19.05,73.05000305175781,48.0,25.0,9279.96484375,48.0,99.0
2025-07-22,32.78499984741211,19.05,73.05000305175781,48.0,30.0,3519.61962890625,48.0,100.0
2025-07-23,26.68000030517578,19.05,73.05000305175781,48.0,34.0,2774.577880859375,48.0,100.0
2025-07-24,30.09000015258789,19.05,73.05000305175781,48.0,25.0,3765.42041015625,48.0,100.0
2025-07-25,102.66497802734375,19.05,73.05000305175781,48.0,42.0,17121.419921875,48.0,100.0
2025-07-26,25.044998168945312,19.05,73.05000305175781,48.0,41.0,2188.875244140625,48.0,100.0
2025-07-27,1.7049998044967651,19.05,73.05000305175781,48.0,17.0,70.4302978515625,48.0,100.0
2025-07-28,11.044999122619629,19.05,73.05000305175781,48.0,20.0,853.5037841796875,48.0,100.0
2025-07-29,62.6300048828125,19.05,73.05000305175781,48.0,35.0,9068.533203125,48.0,99.0
2025-07-30,11.810001373291016,19.05,73.05000305175781,48.0,27.0,1021.2728881835938,48.0,99.0
2025-07-31,0.0,19.05,73.05000305175781,48.0,0.0,2.764800786972046,48.0,100.0
2025-08-01,0.7049999833106995,19.05,73.05000305175781,48.0,2.0,40.13764953613281,48.0,100.0
2025-08-02,0.0,19.05,73.05000305175781,48.0,0.0,2.764800786972046,48.0,100.0
2025-08-03,0.0,19.05,73.05000305175781,48.0,0.0,2.764800786972046,48.0,100.0
2025-08-04,0.0,19.05,73.05000305175781,48.0,0.0,2.764800786972046,48.0,100.0
2025-08-05,0.0,19.05,73.05000305175781,48.0,0.0,2.803300619125366,48.0,100.0
2025-08-06,6.570000171661377,19.05,73.05000305175781,48.0,18.0,735.0180053710938,48.0,100.0
2025-08-07,18.58500099182129,19.05,73.05000305175781,48.0,25.0,2202.509765625,48.0,99.0
2025-08-08,16.200000762939453,19.05,73.05000305175781,48.0,18.0,2263.29833984375,48.0,99.0
2025-08-09,2.3299999237060547,19.05,73.05000305175781,48.0,14.0,105.74349212646484,48.0,100.0
2025-08-10,13.744998931884766,19.05,73.05000305175781,48.0,31.0,1231.2156982421875,48.0,100.0
2025-08-11,0.47499996423721313,19.05,73.05000305175781,48.0,12.0,16.38360023498535,48.0,100.0
2025-08-12,0.4449999928474426,19.05,73.05000305175781,48.0,5.0,18.1697998046875,48.0,100.0
2025-08-13,23.954998016357422,19.05,73.05000305175781,48.0,43.0,2132.282470703125,48.0,100.0
2025-08-14,19.954998016357422,19.05,73.05000305175781,48.0,28.0,1856.0096435546875,48.0,100.0
2025-08-15,76.25999450683594,19.05,73.05000305175781,48.0,38.0,12806.1513671875,48.0,100.0
2025-08-16,66.02498626708984,19.05,73.05000305175781,48.0,48.0,7399.06689453125,48.0,100.0
2025-08-17,30.200000762939453,19.05,73.05000305175781,48.0,36.0,2881.628662109375,48.0,100.0
2025-08-18,103.38499450683594,19.05,73.05000305175781,48.0,46.0,15565.4375,48.0,100.0
2025-08-19,129.75,19.05,73.05000305175781,48.0,48.0,19301.64453125,48.0,100.0
2025-08-20,35.534996032714844,19.05,73.05000305175781,48.0,45.0,3314.351318359375,48.0,100.0
2025-08-21,1.3199999332427979,19.05,73.05000305175781,48.0,5.0,89.10050964355469,48.0,100.0
2025-08-22,1.7200000286102295,19.05,73.05000305175781,48.0,4.0,172.59390258789062,48.0,100.0
2025-08-23,0.32499998807907104,19.05,73.05000305175781,48.0,3.0,16.242599487304688,48.0,100.0
2025-08-24,0.9249999523162842,19.05,73.05000305175781,48.0,3.0,69.38690948486328,48.0,100.0
2025-08-25,16.375,19.05,73.05000305175781,48.0,23.0,1462.119873046875,48.0,100.0
2025-08-26,1.8650000095367432,19.05,73.05000305175781,48.0,11.0,133.79412841796875,48.0,100.0
2025-08-27,19.65999984741211,19.05,73.05000305175781,48.0,26.0,1977.567626953125,48.0,100.0
2025-08-28,37.344993591308594,19.05,73.05000305175781,48.0,39.0,3729.638916015625,48.0,100.0
2025-08-29,35.64500045776367,19.05,73.05000305175781,48.0,29.0,4369.04931640625,48.0,100.0
2025-08-30,3.705000400543213,19.05,73.05000305175781,48.0,18.0,169.6779327392578,48.0,99.0
2025-08-31,2.3350000381469727,19.05,73.05000305175781,48.0,22.0,87.74109649658203,48.0,100.0
2025-09-01,3.2950000762939453,19.05,73.05000305175781,48.0,15.0,203.61285400390625,48.0,100.0
2025-09-02,1.1349999904632568,19.05,73.05000305175781,48.0,3.0,88.43842315673828,48.0,99.0
2025-09-03,1.3249999284744263,19.05,73.05000305175781,48.0,6.0,85.92467498779297,48.0,100.0
2025-09-04,12.134998321533203,19.05,73.05000305175781,48.0,34.0,902.1500244140625,48.0,100.0
2025-09-05,15.67499828338623,19.05,73.05000305175781,48.0,40.0,1055.623779296875,48.0,100.0
2025-09-06,11.614999771118164,19.05,73.05000305175781,48.0,35.0,813.3990478515625,48.0,100.0
2025-09-07,2.309999704360962,19.05,73.05000305175781,48.0,12.0,134.42686462402344,48.0,100.0
2025-09-08,0.0,19.05,73.05000305175781,48.0,0.0,2.764800786972046,48.0,100.0
2025-09-09,0.0,19.05,73.05000305175781,48.0,0.0,2.764800786972046,48.0,100.0
2025-09-10,0.0,19.05,73.05000305175781,48.0,0.0,2.764800786972046,48.0,100.0
2025-09-11,0.8149999380111694,19.05,73.05000305175781,48.0,6.0,32.82279586791992,48.0,100.0
2025-09-12,7.794999122619629,19.05,73.05000305175781,48.0,29.0,486.408935546875,48.0,100.0
2025-09-13,51.470001220703125,19.05,73.05000305175781,48.0,35.0,6762.42626953125,48.0,100.0
2025-09-14,79.7649917602539,19.05,73.05000305175781,48.0,37.0,11464.224609375,48.0,100.0
2025-09-15,50.47499084472656,19.05,73.05000305175781,48.0,40.0,6018.2900390625,48.0,100.0
2025-09-16,14.974998474121094,19.05,73.05000305175781,48.0,39.0,954.4346923828125,48.0,100.0
2025-09-17,4.640000343322754,19.05,73.05000305175781,48.0,22.0,223.65863037109375,48.0,99.0
2025-09-18,20.05499839782715,19.05,73.05000305175781,48.0,32.0,1892.4447021484375,48.0,100.0
2025-09-19,20.444995880126953,19.05,73.05000305175781,48.0,33.0,1874.5052490234375,48.0,100.0
2025-09-20,4.97499942779541,19.05,73.05000305175781,48.0,20.0,262.2361145019531,48.0,100.0
2025-09-21,25.159996032714844,19.05,73.05000305175781,48.0,41.0,2041.62158203125,48.0,100.0
2025-09-22,55.51999282836914,19.05,73.05000305175781,48.0,44.0,6957.27197265625,48.0,100.0
2025-09-23,33.96999740600586,19.05,73.05000305175781,48.0,21.0,4329.4658203125,48.0,100.0
2025-09-24,0.0,19.05,73.05000305175781,48.0,0.0,2.764800786972046,48.0,100.0
2025-09-25,0.0,19.05,73.05000305175781,48.0,0.0,2.764800786972046,48.0,100.0
2025-09-26,4.524999618530273,19.05,73.05000305175781,48.0,10.0,318.1441955566406,48.0,100.0
2025-09-27,89.70500183105469,19.05,73.05000305175781,48.0,46.0,12321.3359375,48.0,100.0
2025-09-28,91.80999755859375,19.05,73.05000305175781,48.0,35.0,14233.080078125,48.0,100.0
2025-09-29,0.38499999046325684,19.05,73.05000305175781,48.0,1.0,23.409698486328125,48.0,100.0
2025-09-30,0.07499999552965164,19.05,73.05000305175781,48.0,1.0,4.95720100402832,48.0,100.0
